customer_id,full_name,email,country,signup_date,acquisition_channel
1,Allison Hill,user_1_donaldgarcia@example.net,Australia,2026-08-23,Organic Search
2,Leslie Johnson,user_2_robinsonwilliam@example.org,United States,2025-12-09,Social Media
3,Matthew Gardner,user_3_shaneramirez@example.org,United Kingdom,2026-05-12,Paid Ads
4,Melissa Peterson,user_4_jasongallagher@example.org,United Kingdom,2024-12-11,Organic Search
5,Ian Cooper,user_5_lindsay78@example.org,Australia,2025-07-21,Affiliate
6,Edward Fuller,user_6_barbara10@example.net,United States,2025-03-26,Affiliate
7,Victoria Wyatt,user_7_jamesshawn@example.com,Canada,2025-02-03,Organic Search
8,Daniel Adams,user_8_lynchgeorge@example.net,United States,2025-04-08,Organic Search
9,James Mayo,user_9_gabriellecameron@example.org,United Kingdom,2025-03-26,Paid Ads
10,Renee Morales,user_10_clarksherri@example.net,India,2025-06-01,Affiliate
11,Jonathan Wilkerson,user_11_ithomas@example.org,United States,2026-05-01,Affiliate
12,Deborah Richards,user_12_icox@example.net,United Kingdom,2025-10-18,Affiliate
13,Anthony Rodriguez,user_13_laurahenderson@example.org,Canada,2025-07-25,Paid Ads
14,Zachary Rice,user_14_frazierdanny@example.net,Canada,2026-05-06,Affiliate
15,Martin Rodriguez,user_15_amoore@example.net,Germany,2026-08-11,Organic Search
16,Valerie Gill,user_16_harrellkenneth@example.net,United Kingdom,2025-10-29,Email Campaign
17,Brittany Farmer,user_17_georgetracy@example.org,Germany,2025-07-08,Social Media
18,Sandra Parker,user_18_allenashley@example.org,United Kingdom,2024-12-05,Paid Ads
19,Rose Spence,user_19_davidalvarez@example.net,Germany,2025-02-05,Organic Search
20,Shane Henderson,user_20_sarahcampos@example.net,United States,2025-03-05,Email Campaign
21,Jennifer Powers,user_21_samuel87@example.org,United States,2025-04-10,Social Media
22,George Chapman,user_22_briannasmith@example.net,Germany,2026-02-02,Affiliate
23,Austin Johnson,user_23_chad34@example.net,Germany,2025-10-12,Organic Search
24,Carlos Walls,user_24_esanchez@example.com,Australia,2025-02-24,Email Campaign
25,Matthew Gomez,user_25_uowens@example.org,India,2026-03-07,Organic Search
26,Maria Brown,user_26_lauren13@example.org,Canada,2025-02-24,Organic Search
27,Brenda White,user_27_ewright@example.com,India,2026-06-19,Social Media
28,Krista Williams,user_28_novaksara@example.org,Australia,2025-02-06,Affiliate
29,John Hancock,user_29_martinaaron@example.com,Germany,2025-04-23,Affiliate
30,Rachel Mitchell,user_30_smoore@example.org,United Kingdom,2024-11-14,Organic Search
31,Kimberly Adkins,user_31_williamsthomas@example.net,United States,2025-01-30,Paid Ads
32,Jordan York,user_32_larsonemma@example.org,Germany,2025-08-09,Organic Search
33,Steve Sanchez,user_33_harveyrobert@example.net,United Kingdom,2025-12-13,Organic Search
34,Taylor Harris,user_34_john62@example.net,Canada,2026-02-13,Social Media
35,Eugene Walton,user_35_smithchristine@example.net,Canada,2024-12-16,Social Media
36,Daniel Baker,user_36_nicole35@example.com,United Kingdom,2025-01-30,Social Media
37,Joshua Turner,user_37_contrerasangela@example.net,Germany,2024-12-19,Paid Ads
38,Brandy Wilson,user_38_newtoneric@example.com,Australia,2026-01-12,Social Media
39,Grant Watts,user_39_william40@example.org,Australia,2026-02-04,Organic Search
40,Donald Smith,user_40_danagreen@example.net,India,2025-09-08,Paid Ads
41,Jessica Smith,user_41_landryhannah@example.org,India,2025-11-27,Paid Ads
42,Jacob Tran,user_42_tanderson@example.com,United Kingdom,2026-08-29,Email Campaign
43,Valerie Williams,user_43_jason31@example.com,Canada,2026-05-28,Social Media
44,Shelly Dickson,user_44_sarayoung@example.org,Australia,2026-06-13,Affiliate
45,Sierra Johnson,user_45_kimberly63@example.com,United Kingdom,2025-01-31,Social Media
46,Ashley Brennan,user_46_dwalker@example.com,United States,2025-05-25,Paid Ads
47,Shelby Walker,user_47_raymondramirez@example.org,United States,2026-05-23,Social Media
48,Martin Ross,user_48_sheila14@example.org,Canada,2025-12-24,Social Media
49,Deborah Rodriguez,user_49_yreed@example.com,United States,2025-09-03,Paid Ads
50,Kayla Cruz,user_50_jonathanfletcher@example.org,India,2025-11-07,Social Media
51,Kimberly Ball,user_51_michaeljones@example.net,United Kingdom,2025-06-13,Email Campaign
52,Mary Martinez,user_52_william65@example.com,Canada,2026-03-25,Email Campaign
53,Cameron Fisher,user_53_lbyrd@example.net,United Kingdom,2025-12-16,Social Media
54,Joshua Smith,user_54_jason99@example.net,United Kingdom,2025-06-07,Paid Ads
55,Jeremy Lewis,user_55_yleon@example.net,Australia,2025-02-08,Affiliate
56,Diane Beck,user_56_clarence34@example.org,India,2026-06-18,Social Media
57,Alexander Sanchez,user_57_xcarr@example.org,Australia,2025-09-18,Affiliate
58,Mark Lee,user_58_psnyder@example.org,Canada,2026-02-21,Affiliate
59,Stephanie Dalton,user_59_osbornejeffery@example.net,Canada,2025-11-06,Social Media
60,Justin Lowery,user_60_bryantlaurie@example.net,United Kingdom,2025-11-16,Paid Ads
61,Linda Dodson DVM,user_61_jrivas@example.com,India,2026-08-27,Email Campaign
62,Scott Cole,user_62_maryramirez@example.net,United States,2025-10-11,Organic Search
63,Denise Jones,user_63_jimmy55@example.net,United States,2024-12-01,Paid Ads
64,David Benson,user_64_calebrussell@example.net,Australia,2025-09-26,Paid Ads
65,Daniel Fisher,user_65_gateskathy@example.com,Australia,2025-10-05,Email Campaign
66,Guy Molina,user_66_vmedina@example.net,India,2026-06-13,Organic Search
67,Connie Robinson,user_67_ytucker@example.com,Canada,2026-03-03,Email Campaign
68,Jennifer Martin,user_68_ncalhoun@example.net,India,2024-10-20,Email Campaign
69,Leslie Alvarado,user_69_dayderek@example.com,India,2025-02-18,Social Media
70,James Lewis,user_70_matthew64@example.com,India,2025-04-13,Organic Search
71,Julie Curry,user_71_cookemichael@example.net,Australia,2024-11-22,Organic Search
72,Marissa Webster,user_72_jamessmith@example.org,Australia,2025-04-03,Affiliate
73,Michael Elliott,user_73_stevenscott@example.com,Germany,2025-02-07,Social Media
74,Tracey Higgins,user_74_tamirodriguez@example.org,United States,2025-05-30,Social Media
75,Susan Brooks,user_75_charlesvaughn@example.net,Canada,2025-04-06,Paid Ads
76,Raymond Jefferson,user_76_hoganashlee@example.org,Canada,2025-06-26,Organic Search
77,Mary Jones,user_77_alexander67@example.org,Australia,2025-09-01,Social Media
78,Madison Poole,user_78_ryangross@example.net,India,2025-04-27,Paid Ads
79,Tamara Hampton,user_79_ugraham@example.net,India,2025-04-26,Organic Search
80,David Michael,user_80_nicole37@example.net,Australia,2026-01-17,Social Media
81,Gabrielle Snyder,user_81_hunter35@example.com,Australia,2025-06-21,Affiliate
82,Kyle Beard,user_82_blackjames@example.org,India,2026-04-12,Paid Ads
83,Justin Allen,user_83_fbrewer@example.com,United Kingdom,2026-06-07,Social Media
84,Edward Sullivan,user_84_kevinperkins@example.com,United Kingdom,2025-12-03,Affiliate
85,Jessica Reese,user_85_michael74@example.com,India,2025-04-13,Organic Search
86,Nathan Stewart,user_86_jamesrodgers@example.com,India,2026-04-15,Social Media
87,Paige Carlson,user_87_wallkenneth@example.com,Canada,2025-02-16,Organic Search
88,Michael Martinez,user_88_mccannangela@example.net,United States,2025-01-06,Social Media
89,Nicole Garcia,user_89_andrewstaylor@example.com,Germany,2025-06-21,Paid Ads
90,Anthony Everett,user_90_ewilson@example.com,United States,2025-10-16,Paid Ads
91,Mark Brown,user_91_lisaavery@example.org,India,2025-04-10,Organic Search
92,Phillip Obrien,user_92_kimberlyjames@example.com,United States,2025-05-18,Email Campaign
93,Wanda Torres,user_93_lynchjody@example.org,United States,2026-01-28,Affiliate
94,Matthew Moore,user_94_andreamoore@example.com,United Kingdom,2025-09-14,Paid Ads
95,Julie Johnson,user_95_jasmine71@example.net,Australia,2025-03-30,Email Campaign
96,Rachel Weber,user_96_ronaldstephens@example.net,India,2025-01-23,Paid Ads
97,Samantha Jones,user_97_lauralarson@example.net,Germany,2025-05-12,Affiliate
98,John Torres,user_98_gbender@example.net,India,2025-10-18,Email Campaign
99,Kyle Preston,user_99_cassandra01@example.org,United Kingdom,2026-03-07,Affiliate
100,Laura Sampson,user_100_barbara27@example.net,Australia,2026-02-18,Paid Ads
101,Donald Shea,user_101_fwalters@example.org,Australia,2025-09-30,Social Media
102,Gary Santiago,user_102_marksteele@example.com,Canada,2026-02-26,Social Media
103,Robin Pierce,user_103_qmiller@example.com,Canada,2024-12-29,Affiliate
104,Jennifer Robertson,user_104_sandovalamy@example.com,Canada,2024-11-11,Organic Search
105,Isaiah Avila,user_105_nwolf@example.com,United Kingdom,2025-11-30,Paid Ads
106,Dwayne Gilmore,user_106_omartinez@example.net,United States,2026-06-12,Social Media
107,Christopher Pierce,user_107_hdavis@example.com,United States,2024-12-30,Affiliate
108,Brittany Cantu,user_108_william46@example.com,India,2025-10-01,Paid Ads
109,Juan Reyes,user_109_michellehill@example.com,India,2025-06-20,Paid Ads
110,Katie Hoover,user_110_jessica99@example.net,United States,2025-10-15,Organic Search
111,Jill Washington,user_111_andrea86@example.com,Australia,2025-06-06,Organic Search
112,Veronica Allen,user_112_xhall@example.com,United Kingdom,2024-11-02,Organic Search
113,John Mcintyre,user_113_qhughes@example.net,United States,2025-01-26,Social Media
114,Andrew Shaw MD,user_114_sawyerscott@example.net,United States,2025-09-19,Affiliate
115,Charles Pitts,user_115_charlesharrington@example.com,United Kingdom,2025-06-19,Social Media
116,Jennifer Miller,user_116_melissa86@example.com,Australia,2026-01-29,Email Campaign
117,Olivia Brennan,user_117_williamsonjimmy@example.net,United Kingdom,2025-05-11,Affiliate
118,Nicole Hamilton MD,user_118_wallaceheather@example.org,United Kingdom,2024-11-04,Affiliate
119,Anthony Howard,user_119_hthomas@example.com,India,2025-12-13,Email Campaign
120,Catherine Thompson,user_120_pharvey@example.com,United Kingdom,2025-12-26,Email Campaign
121,Joel King,user_121_elizabeth74@example.net,Canada,2025-11-28,Paid Ads
122,Jeremy Reed,user_122_danielle64@example.com,United States,2026-07-18,Organic Search
123,Zachary Castaneda,user_123_youngashley@example.net,Australia,2025-05-17,Email Campaign
124,Elizabeth Spence DDS,user_124_alan09@example.net,Germany,2025-10-20,Email Campaign
125,Stephanie Parsons,user_125_catherinegomez@example.net,Canada,2025-02-24,Email Campaign
126,Megan Le,user_126_courtneyberger@example.net,Australia,2024-10-30,Organic Search
127,Jeremiah Riley,user_127_christopherphillips@example.net,Australia,2025-08-18,Organic Search
128,Carlos Ryan,user_128_alyssa42@example.com,United States,2026-07-02,Email Campaign
129,Tracy Phillips,user_129_linda71@example.org,Australia,2026-05-08,Social Media
130,Shannon Ramsey,user_130_zcoffey@example.net,United States,2025-07-11,Paid Ads
131,James Baker,user_131_gibsonemily@example.net,United Kingdom,2025-04-21,Paid Ads
132,Samantha Bentley,user_132_leonardthomas@example.net,India,2026-08-17,Email Campaign
133,Erin Bishop,user_133_reidsteven@example.net,United Kingdom,2025-05-22,Email Campaign
134,Audrey Williams,user_134_torrestravis@example.org,United Kingdom,2025-03-31,Social Media
135,Brandy Chavez,user_135_umatthews@example.org,Canada,2026-08-18,Paid Ads
136,Brett Burns,user_136_rcrosby@example.org,United States,2026-03-20,Email Campaign
137,Jeremy Sampson,user_137_cory58@example.net,India,2025-07-05,Organic Search
138,Donald Donaldson,user_138_ndavis@example.net,United States,2026-02-08,Affiliate
139,Alison Buchanan,user_139_vanessabuchanan@example.org,United States,2024-11-22,Organic Search
140,Kristen Willis,user_140_markhernandez@example.net,United Kingdom,2024-10-02,Paid Ads
141,William Huerta,user_141_lauren10@example.org,Canada,2024-10-11,Email Campaign
142,Richard Chapman,user_142_thompsonbrian@example.net,Canada,2025-08-22,Paid Ads
143,Nichole Alvarez,user_143_william17@example.net,Canada,2025-03-21,Organic Search
144,Amanda Logan,user_144_stephen00@example.com,United Kingdom,2026-07-20,Email Campaign
145,Michael Henry,user_145_fjones@example.com,United States,2026-01-15,Email Campaign
146,Cameron Weber,user_146_oscar98@example.com,Germany,2025-09-17,Email Campaign
147,Jessica Mcguire,user_147_farrelldebra@example.net,Germany,2026-04-12,Email Campaign
148,Jessica Beasley,user_148_dmorgan@example.com,Australia,2025-08-19,Affiliate
149,Emily Edwards,user_149_nicholas27@example.org,Australia,2024-12-09,Email Campaign
150,Anna Davis,user_150_lisa80@example.net,United Kingdom,2025-12-10,Paid Ads
151,Meagan Jenkins,user_151_uparrish@example.org,Germany,2025-05-11,Paid Ads
152,Heather Lane,user_152_ericolson@example.org,United States,2025-06-28,Affiliate
153,Holly Farmer,user_153_lindsaybruce@example.net,Australia,2026-01-19,Affiliate
154,Kristin Lynch,user_154_anthony44@example.com,United States,2025-06-29,Social Media
155,Sergio Knight,user_155_vjones@example.net,United States,2024-10-23,Organic Search
156,Joseph Bennett,user_156_xpeterson@example.com,India,2026-04-13,Email Campaign
157,Todd Carlson,user_157_moorekaren@example.org,India,2026-03-07,Affiliate
158,Jeremy Coleman,user_158_nperry@example.net,United Kingdom,2024-12-27,Organic Search
159,Brian Gregory,user_159_trose@example.org,India,2025-03-20,Organic Search
160,Kyle Smith,user_160_sierra24@example.com,United Kingdom,2025-06-11,Organic Search
161,Jonathan Jordan,user_161_omarpadilla@example.net,India,2025-12-07,Organic Search
162,Renee Jones,user_162_grahamsteve@example.org,Australia,2026-07-31,Paid Ads
163,Jeffrey Sullivan,user_163_zroberts@example.org,Canada,2025-06-09,Organic Search
164,Travis Stevens,user_164_christopher13@example.com,India,2025-12-31,Paid Ads
165,Blake Harrell,user_165_jeffrey21@example.net,India,2026-02-03,Affiliate
166,Jordan Bullock,user_166_michael23@example.org,United States,2025-01-21,Affiliate
167,Christopher Hernandez,user_167_thompsonkendra@example.com,United States,2025-09-25,Email Campaign
168,Olivia Cole,user_168_michelle52@example.com,Australia,2024-11-22,Affiliate
169,Mark Hogan,user_169_bellcharles@example.com,India,2025-09-16,Affiliate
170,Jacob Mitchell,user_170_gilbertwilliam@example.com,Germany,2025-12-24,Social Media
171,Rebecca Huang,user_171_kstout@example.net,United Kingdom,2025-02-23,Social Media
172,John Hernandez,user_172_hayeslisa@example.com,United Kingdom,2026-04-07,Social Media
173,Matthew Williams,user_173_hritter@example.net,Canada,2026-01-16,Paid Ads
174,Jake Campbell,user_174_rschroeder@example.net,Australia,2024-11-09,Social Media
175,Maria Jones,user_175_grantpaul@example.com,Canada,2026-04-15,Social Media
176,Tracey Morrison,user_176_mathewaguilar@example.org,United States,2025-06-28,Organic Search
177,Matthew Bates,user_177_brookehurley@example.com,Canada,2025-12-08,Affiliate
178,Rickey Li,user_178_lucasrodney@example.com,India,2024-10-14,Organic Search
179,Christopher Lewis,user_179_ilee@example.org,United States,2024-11-28,Affiliate
180,Richard Romero,user_180_stanleynancy@example.net,United Kingdom,2025-01-09,Affiliate
181,Brittany White,user_181_jenniferwilliams@example.com,Germany,2026-03-09,Paid Ads
182,Tracy Bishop,user_182_pyoung@example.com,Germany,2026-06-20,Organic Search
183,Stephanie Lee,user_183_smurray@example.com,United Kingdom,2025-10-25,Social Media
184,Tracy Montoya,user_184_moniquewilliams@example.com,Germany,2026-08-09,Paid Ads
185,Timothy Dawson,user_185_mitchellkathryn@example.com,Canada,2025-09-13,Affiliate
186,Brittany Kim,user_186_lisawilkerson@example.org,Australia,2025-08-18,Social Media
187,Jonathan Young,user_187_brooksanthony@example.org,India,2026-07-13,Affiliate
188,Gabriela Thomas,user_188_mitchellmaria@example.net,United States,2026-07-07,Affiliate
189,Michael West,user_189_bullockandrew@example.org,Germany,2026-07-10,Organic Search
190,Todd Lynch,user_190_srodriguez@example.org,United Kingdom,2025-05-21,Social Media
191,David Fowler,user_191_fbrown@example.net,United States,2025-11-20,Organic Search
192,Jose Allen,user_192_kellysmith@example.com,Australia,2025-04-04,Affiliate
193,Chelsea Barnett,user_193_carlos88@example.net,United Kingdom,2026-06-02,Social Media
194,Kristen Myers DDS,user_194_qzavala@example.net,Germany,2024-10-12,Affiliate
195,Austin Allen,user_195_ingramjill@example.com,United Kingdom,2025-01-11,Social Media
196,Joshua Li,user_196_mariacohen@example.net,United Kingdom,2025-10-06,Social Media
197,Robin Brown,user_197_mjohnson@example.org,India,2026-06-06,Email Campaign
198,Andrew Mahoney,user_198_ihays@example.com,Germany,2025-04-14,Organic Search
199,Matthew Mitchell,user_199_glennmartin@example.org,United States,2026-06-12,Email Campaign
200,Steve Paul,user_200_lmorgan@example.com,Germany,2026-03-21,Organic Search
201,Tim Stone PhD,user_201_mmiller@example.org,United States,2025-11-27,Social Media
202,Brian Murphy,user_202_kirk96@example.org,United Kingdom,2026-03-19,Social Media
203,Jeremy Acosta,user_203_christina64@example.net,United Kingdom,2026-06-06,Email Campaign
204,Angela Walsh,user_204_william20@example.org,India,2026-07-21,Email Campaign
205,Rachael Johnson,user_205_youngdeanna@example.com,India,2025-07-24,Organic Search
206,Amanda Hernandez,user_206_xrush@example.com,United States,2026-05-15,Organic Search
207,Chad Richardson,user_207_debra31@example.org,Australia,2026-04-24,Paid Ads
208,Joseph Mcintyre,user_208_greenjorge@example.com,India,2025-03-15,Organic Search
209,Donna Hendricks DDS,user_209_taylorcharles@example.org,Germany,2026-08-29,Affiliate
210,Yolanda Cochran,user_210_elizabeth18@example.net,India,2025-05-13,Paid Ads
211,Sarah Joseph,user_211_laurahicks@example.org,Canada,2025-03-05,Paid Ads
212,Cynthia Snyder,user_212_angela57@example.net,United States,2025-01-08,Social Media
213,Angelica Parker,user_213_xfox@example.com,Germany,2026-07-01,Organic Search
214,Beth Stewart,user_214_coleerin@example.com,Germany,2025-01-07,Paid Ads
215,Penny Bowman,user_215_katrinaanderson@example.net,Australia,2026-08-05,Paid Ads
216,Caleb Hernandez,user_216_fernandodonovan@example.org,Australia,2025-06-25,Organic Search
217,Kelly Campbell,user_217_kingcynthia@example.net,Germany,2025-05-01,Affiliate
218,Eric Ferguson,user_218_brittanycarpenter@example.org,Canada,2026-02-23,Affiliate
219,Stephanie Morgan,user_219_bryananthony@example.org,Australia,2026-02-10,Paid Ads
220,Deborah Clark,user_220_bmontgomery@example.com,United Kingdom,2026-08-21,Paid Ads
221,Donna Frye,user_221_zsanchez@example.net,United Kingdom,2025-08-11,Email Campaign
222,Benjamin Brown,user_222_dperry@example.org,United States,2025-06-21,Paid Ads
223,Emily Higgins,user_223_theresa25@example.net,Australia,2025-12-10,Social Media
224,David Martinez,user_224_gwright@example.org,Canada,2025-05-13,Paid Ads
225,Sharon Barnes,user_225_lisapeck@example.net,Germany,2025-05-30,Paid Ads
226,Christopher Ferrell,user_226_tjimenez@example.com,Australia,2024-10-18,Organic Search
227,James Bryant,user_227_jasongomez@example.org,Canada,2025-05-06,Organic Search
228,Stephen Pena MD,user_228_booneryan@example.com,Canada,2026-04-18,Paid Ads
229,Jamie Williams,user_229_hudsonjames@example.net,United Kingdom,2025-05-12,Email Campaign
230,Jonathan Duran,user_230_marcia99@example.org,Germany,2025-01-07,Social Media
231,Jennifer Norton,user_231_angela52@example.org,United Kingdom,2026-01-10,Paid Ads
232,Kathryn Williams,user_232_jenniferbrock@example.net,United States,2025-09-19,Paid Ads
233,Steven Taylor,user_233_francisco94@example.net,Canada,2025-06-18,Social Media
234,Katrina Burns,user_234_thomas05@example.com,Germany,2026-03-07,Organic Search
235,Jason Parker,user_235_carlsonjoseph@example.net,Germany,2026-05-31,Social Media
236,Laura Perez,user_236_silvageorge@example.net,Australia,2026-04-13,Affiliate
237,Sarah Hernandez,user_237_anthonyvaughan@example.org,Canada,2025-02-25,Affiliate
238,Erik Hernandez,user_238_roberthampton@example.com,Germany,2026-08-08,Organic Search
239,Monica Thornton,user_239_annbolton@example.com,United States,2025-11-12,Social Media
240,Tyler Stevens,user_240_amy49@example.com,United Kingdom,2025-02-26,Affiliate
241,Diana Evans,user_241_kellie37@example.com,Germany,2025-10-07,Organic Search
242,Timothy Pope,user_242_keith98@example.com,United States,2026-08-26,Affiliate
243,Sabrina Blevins,user_243_kellyroberts@example.net,Canada,2024-11-30,Social Media
244,Jeremy Scott,user_244_ilewis@example.com,Australia,2025-12-10,Social Media
245,Breanna Gilbert,user_245_johnsantiago@example.net,Canada,2025-03-24,Affiliate
246,Amy Gutierrez,user_246_xgarcia@example.org,India,2024-10-04,Organic Search
247,Vanessa Moore,user_247_mwoods@example.com,Canada,2025-06-06,Affiliate
248,Anthony Mack,user_248_amandasharp@example.org,United Kingdom,2025-02-12,Social Media
249,Ryan Peck,user_249_osbornrandy@example.com,United States,2025-02-21,Email Campaign
250,Tonya Howe,user_250_smithashley@example.org,United States,2025-06-17,Affiliate
251,William Daniels,user_251_ismall@example.net,India,2025-09-28,Paid Ads
252,Robert Rivera,user_252_twong@example.org,Germany,2024-10-10,Email Campaign
253,Rachel Bradley,user_253_gregorychase@example.com,United States,2026-07-04,Social Media
254,Garrett Morales,user_254_lopezdonald@example.com,India,2025-04-10,Social Media
255,James Griffin,user_255_stephanie49@example.net,Australia,2025-12-18,Organic Search
256,Matthew Schwartz,user_256_contrerassteven@example.org,Australia,2025-08-10,Social Media
257,Tammy Barron,user_257_hannah45@example.net,India,2025-03-20,Social Media
258,Casey Hernandez,user_258_robert87@example.net,Australia,2026-06-14,Email Campaign
259,Colleen Wright,user_259_foxallison@example.com,Germany,2024-11-29,Email Campaign
260,Ashley Poole,user_260_ashleyhernandez@example.com,Australia,2026-07-25,Social Media
261,Audrey Harris,user_261_gdavis@example.com,India,2026-06-20,Paid Ads
262,Carlos Perry,user_262_hansenemily@example.com,United Kingdom,2026-04-14,Email Campaign
263,David Smith,user_263_bethwilliams@example.com,Australia,2026-03-28,Email Campaign
264,Zachary Michael,user_264_andersenthomas@example.com,Australia,2025-08-13,Paid Ads
265,Chad May,user_265_ybrooks@example.com,India,2026-08-06,Affiliate
266,Jamie Miller,user_266_desireebailey@example.org,Germany,2025-11-21,Email Campaign
267,Cameron Irwin,user_267_avilatiffany@example.com,India,2026-03-07,Organic Search
268,Jessica Gray,user_268_johnreed@example.com,Germany,2025-02-23,Social Media
269,Molly Rodriguez,user_269_bmendez@example.org,United Kingdom,2025-03-09,Email Campaign
270,Kirk Griffin,user_270_sanchezbradley@example.com,India,2025-03-31,Affiliate
271,Nicole Parsons,user_271_williamroberts@example.net,Australia,2025-12-21,Social Media
272,Kyle Chambers,user_272_joel28@example.org,Canada,2025-08-17,Email Campaign
273,Antonio Fry,user_273_conniesimmons@example.com,Canada,2024-11-05,Paid Ads
274,Teresa Powers,user_274_heather62@example.com,India,2025-07-19,Email Campaign
275,Joshua Allen,user_275_kevinzimmerman@example.com,Australia,2024-11-13,Paid Ads
276,Tracy Grant,user_276_paulscott@example.com,Australia,2026-02-14,Organic Search
277,Jerry Watson,user_277_brettbennett@example.net,Germany,2026-01-11,Affiliate
278,Benjamin Ballard,user_278_timothybooth@example.com,Australia,2025-05-23,Affiliate
279,Alexis Giles,user_279_burgesskaren@example.org,Germany,2026-03-24,Organic Search
280,Christine Herman,user_280_kimberly67@example.net,United Kingdom,2026-02-15,Social Media
281,Dennis Hunt,user_281_zowens@example.net,United Kingdom,2025-09-29,Paid Ads
282,Erica Harris,user_282_robert93@example.net,United Kingdom,2025-01-21,Organic Search
283,Juan Silva,user_283_mphillips@example.com,United States,2025-03-27,Paid Ads
284,Roy Porter,user_284_jonathan77@example.com,Canada,2025-02-07,Affiliate
285,Heather Taylor,user_285_iwhite@example.net,United States,2024-11-14,Email Campaign
286,Sara Jones,user_286_duranrobert@example.net,Canada,2025-03-28,Affiliate
287,Chris Robinson,user_287_nbrooks@example.net,United Kingdom,2026-03-01,Email Campaign
288,Susan Hopkins,user_288_smithandrea@example.org,Canada,2024-10-12,Email Campaign
289,Denise Madden,user_289_shawheidi@example.com,United Kingdom,2026-06-18,Paid Ads
290,Cassie Hull,user_290_johnharvey@example.com,Australia,2026-06-25,Organic Search
291,Robert Miller,user_291_pstevens@example.net,United States,2025-03-24,Email Campaign
292,Ronald Miller,user_292_davisnicholas@example.net,United Kingdom,2025-10-04,Paid Ads
293,Adam Jackson,user_293_pbruce@example.com,Australia,2025-12-13,Affiliate
294,Valerie Jacobson,user_294_hallrachel@example.net,Canada,2026-08-20,Organic Search
295,Denise Glass,user_295_rachel90@example.org,India,2026-07-22,Paid Ads
296,Tyrone Matthews,user_296_thickman@example.org,United States,2025-12-12,Email Campaign
297,Ruben Price,user_297_patrick21@example.net,United Kingdom,2026-05-02,Email Campaign
298,Amy Kim,user_298_petersonkayla@example.net,Australia,2025-08-04,Affiliate
299,Erin Walters,user_299_whenry@example.net,India,2025-07-18,Affiliate
300,Michael Guerrero,user_300_bartonkenneth@example.org,Germany,2026-04-06,Email Campaign
301,Derrick James,user_301_jodistewart@example.org,India,2024-12-10,Affiliate
302,Eric Ward,user_302_curtis12@example.com,Canada,2025-09-13,Affiliate
303,Kayla Garcia,user_303_gomezchristopher@example.net,Canada,2026-06-01,Paid Ads
304,James Carter,user_304_umaxwell@example.net,Australia,2025-04-06,Email Campaign
305,Carolyn James,user_305_josephadams@example.org,Canada,2024-11-18,Social Media
306,Donald Evans,user_306_wardsheryl@example.net,United Kingdom,2026-01-28,Social Media
307,Luis Ellis Jr.,user_307_rushmartin@example.net,India,2025-07-22,Email Campaign
308,Erin Cook,user_308_kevinmorrison@example.net,Australia,2025-03-05,Paid Ads
309,Christopher Sanders,user_309_kelly79@example.org,Germany,2025-06-10,Email Campaign
310,Robert Long,user_310_frederickjames@example.net,United States,2025-02-16,Social Media
311,Krista Benton,user_311_nhahn@example.com,United Kingdom,2026-06-11,Social Media
312,Michael Fuentes,user_312_ichambers@example.net,Germany,2025-05-23,Social Media
313,Matthew Espinoza,user_313_mjones@example.com,India,2025-12-26,Organic Search
314,Jonathon Knapp,user_314_ystephens@example.com,United Kingdom,2026-03-28,Paid Ads
315,Kimberly Little,user_315_rodriguezjohn@example.net,United Kingdom,2025-07-02,Email Campaign
316,Lonnie Hart,user_316_vrasmussen@example.com,Australia,2024-12-21,Paid Ads
317,David Dixon,user_317_seanmyers@example.net,Australia,2025-12-31,Paid Ads
318,Brittany Cuevas,user_318_agarcia@example.org,United States,2024-12-29,Email Campaign
319,Monica Bailey,user_319_stanley38@example.com,Canada,2025-06-27,Social Media
320,Jeffrey Horton,user_320_carlos01@example.org,India,2026-07-21,Email Campaign
321,Brian Marsh,user_321_zacharyarnold@example.com,Canada,2025-12-08,Organic Search
322,Joel Salinas,user_322_jacobsandoval@example.com,United Kingdom,2024-10-22,Email Campaign
323,Sonya Cole,user_323_tprice@example.org,Canada,2025-03-08,Affiliate
324,Michael Flynn,user_324_lloydamanda@example.com,Australia,2025-06-10,Organic Search
325,Brian Lambert,user_325_orose@example.com,India,2026-01-06,Email Campaign
326,James Wilson,user_326_megan92@example.net,Canada,2026-04-01,Organic Search
327,Tamara Lawrence,user_327_lawrenceallen@example.org,Germany,2025-02-19,Social Media
328,Charles Price,user_328_baileyhenderson@example.com,Canada,2026-02-05,Email Campaign
329,Tamara Arias,user_329_angelaburns@example.org,India,2025-02-22,Affiliate
330,Jerry Brown,user_330_stephanie72@example.org,India,2026-06-25,Paid Ads
331,Justin Delgado,user_331_acohen@example.net,Canada,2026-07-14,Paid Ads
332,Christopher Cunningham,user_332_kellyhill@example.net,Germany,2025-05-12,Email Campaign
333,Jim Newton,user_333_hdunn@example.net,Canada,2024-12-27,Organic Search
334,Joshua Ritter,user_334_wolfscott@example.org,Canada,2025-08-26,Social Media
335,Ronald Potter,user_335_nancy07@example.com,Australia,2025-06-27,Email Campaign
336,Angie Grimes,user_336_rowejoel@example.net,Australia,2025-12-30,Paid Ads
337,Shannon Bishop,user_337_imartin@example.org,Canada,2026-06-23,Paid Ads
338,Anthony Bell,user_338_candice25@example.net,India,2025-05-15,Affiliate
339,Derek Hodge,user_339_taylorkaren@example.com,United States,2024-11-15,Email Campaign
340,Sharon Martinez DVM,user_340_dustinmorris@example.org,India,2026-05-14,Affiliate
341,Jenna Thomas,user_341_courtney67@example.org,Australia,2026-02-04,Organic Search
342,Patricia Powell,user_342_heather57@example.com,United States,2025-06-11,Email Campaign
343,Sheila Boone,user_343_simonstephen@example.net,United Kingdom,2026-03-25,Email Campaign
344,Arthur Ferguson,user_344_tammysummers@example.com,United Kingdom,2025-04-26,Organic Search
345,Drew Kelley,user_345_ashleewashington@example.com,Germany,2026-08-25,Email Campaign
346,Amber Garcia,user_346_ksmith@example.com,Germany,2025-09-19,Paid Ads
347,Tyler Harris,user_347_nicoleturner@example.com,Canada,2024-12-11,Social Media
348,Danielle Watson,user_348_brettgarrett@example.net,Germany,2026-03-27,Email Campaign
349,Jessica Davis,user_349_smiththomas@example.org,Germany,2026-01-04,Email Campaign
350,Michael Smith,user_350_lisa62@example.com,Germany,2024-11-24,Organic Search
351,Brandon Shaffer,user_351_edwardsnicole@example.org,Canada,2025-07-24,Organic Search
352,Nicole Anderson,user_352_caseyelliott@example.net,Australia,2026-02-16,Affiliate
353,Gregory Lewis,user_353_samanthajensen@example.com,United States,2026-07-29,Social Media
354,Steven Taylor,user_354_lawrencepatrick@example.com,United Kingdom,2025-06-01,Organic Search
355,Danielle Newman,user_355_angelagreene@example.net,Australia,2025-05-09,Organic Search
356,Melissa Abbott,user_356_jamie98@example.org,United States,2026-05-03,Paid Ads
357,Matthew Bowers,user_357_troyrodriguez@example.com,United Kingdom,2026-02-07,Organic Search
358,Kelsey Levine,user_358_sarah26@example.net,India,2025-08-22,Paid Ads
359,Michael Farmer,user_359_smithcarlos@example.com,United Kingdom,2025-03-16,Paid Ads
360,Antonio Mccormick,user_360_courtney86@example.com,Canada,2026-03-29,Organic Search
361,Martin Medina,user_361_joshuacollins@example.net,India,2025-03-06,Paid Ads
362,Brittney Murphy,user_362_collinssamuel@example.org,Canada,2024-11-13,Social Media
363,Tim Wilson,user_363_parkerjudith@example.net,Germany,2025-02-13,Paid Ads
364,Michael Miles,user_364_tylerreed@example.net,India,2026-05-31,Affiliate
365,Deanna Watson,user_365_jessica10@example.com,Australia,2026-06-18,Organic Search
366,Joseph Baker,user_366_crawfordwilliam@example.org,United Kingdom,2025-10-23,Social Media
367,Carol Moore,user_367_shannonemily@example.org,United States,2025-03-26,Affiliate
368,April Trevino,user_368_sanchezthomas@example.com,United States,2025-01-24,Social Media
369,Tyler Johnson,user_369_pwalker@example.com,India,2026-04-12,Email Campaign
370,Roger Duncan,user_370_shawrachel@example.org,Canada,2025-03-22,Paid Ads
371,Vicki Finley,user_371_wileymichelle@example.com,United States,2025-06-11,Affiliate
372,Jesus Wood,user_372_anne49@example.org,Australia,2025-09-25,Paid Ads
373,Wesley Cuevas,user_373_jessicapayne@example.org,United States,2025-01-24,Social Media
374,Jason Hall,user_374_cynthia05@example.org,Australia,2026-05-12,Affiliate
375,Sarah Acosta,user_375_harristonya@example.com,United States,2025-10-17,Affiliate
376,Valerie Thomas,user_376_christopher38@example.com,United States,2026-03-28,Social Media
377,Judy Adkins,user_377_wagnerdana@example.com,India,2024-11-27,Email Campaign
378,Amy Bates,user_378_joelgreen@example.com,Australia,2026-06-14,Social Media
379,Ronnie Nguyen,user_379_enelson@example.org,United States,2025-01-13,Affiliate
380,Lauren Moore,user_380_shannonedwards@example.org,Australia,2025-11-20,Social Media
381,Randy Hayes,user_381_hbaker@example.org,United States,2025-01-30,Email Campaign
382,Elizabeth Bush,user_382_lewismelissa@example.org,Canada,2024-12-09,Organic Search
383,Tracy Foster,user_383_byrdjorge@example.org,Canada,2024-10-24,Social Media
384,Sarah Hawkins,user_384_codygarcia@example.org,Australia,2025-01-02,Email Campaign
385,Ronald Haas,user_385_jamesmorales@example.net,Australia,2026-02-01,Paid Ads
386,Angela Willis,user_386_johnsoncaleb@example.net,Canada,2025-09-09,Paid Ads
387,Anna Boone,user_387_david70@example.org,Australia,2025-12-19,Affiliate
388,Nathaniel Crawford,user_388_lvega@example.com,Australia,2025-03-15,Social Media
389,Denise Griffin,user_389_austinharvey@example.org,India,2026-02-14,Affiliate
390,Jason Pierce,user_390_millerpatrick@example.com,Canada,2025-03-03,Email Campaign
391,Rebecca Wright,user_391_mayokimberly@example.com,Canada,2025-10-07,Affiliate
392,Kari Durham,user_392_paul20@example.com,Germany,2026-01-06,Social Media
393,Steven Osborne,user_393_stokesthomas@example.com,United Kingdom,2026-05-18,Organic Search
394,Crystal Moore,user_394_dianeadams@example.net,Germany,2024-11-12,Email Campaign
395,Theresa Johnston,user_395_lkelly@example.org,United Kingdom,2025-04-01,Email Campaign
396,Renee Wolfe,user_396_warnermichael@example.net,India,2025-12-11,Affiliate
397,Travis Copeland,user_397_lweaver@example.com,Australia,2024-10-29,Email Campaign
398,David Robinson,user_398_nsmith@example.org,Germany,2026-06-18,Organic Search
399,Mitchell Sellers,user_399_brian29@example.net,Canada,2025-01-18,Social Media
400,Sarah Valencia,user_400_brookssheri@example.com,United Kingdom,2025-12-29,Email Campaign
401,Eric Taylor,user_401_jessicakim@example.net,United Kingdom,2025-10-13,Social Media
402,Carrie Novak,user_402_jeffrey92@example.com,Germany,2025-05-26,Social Media
403,Elizabeth Thompson,user_403_rushstacy@example.com,Germany,2026-07-22,Affiliate
404,Traci Johnson DDS,user_404_daniellegarcia@example.com,Australia,2025-01-17,Social Media
405,Blake Reed,user_405_gary15@example.com,India,2024-10-08,Organic Search
406,David Jones,user_406_kristin00@example.com,India,2025-09-05,Paid Ads
407,Tracy Wilkerson,user_407_wmacias@example.net,United States,2025-07-18,Paid Ads
408,John Shields,user_408_franciscojones@example.org,Australia,2025-05-17,Email Campaign
409,Dean Garcia,user_409_george62@example.net,Canada,2024-11-27,Affiliate
410,Stephanie Davis,user_410_bbush@example.net,United Kingdom,2025-02-05,Email Campaign
411,Jessica Brown,user_411_jamie36@example.net,Australia,2025-12-04,Email Campaign
412,Monica Baker,user_412_kenneth10@example.com,Canada,2025-12-18,Organic Search
413,Katherine Brown,user_413_pattersonkelly@example.net,United States,2026-01-28,Social Media
414,Christina Johnson,user_414_daniellerowland@example.com,United Kingdom,2026-07-17,Email Campaign
415,Richard Ruiz,user_415_christopher86@example.org,Australia,2025-07-15,Paid Ads
416,Jaclyn Griffin,user_416_scott43@example.com,Germany,2025-12-12,Affiliate
417,Paul Contreras,user_417_barnettlindsey@example.com,Germany,2026-05-10,Email Campaign
418,Kristen Randall,user_418_rsheppard@example.com,India,2025-12-18,Affiliate
419,Karen Miller,user_419_shawrachel@example.net,Germany,2026-03-10,Email Campaign
420,Mrs. Tiffany Cole,user_420_teresastokes@example.org,Australia,2024-11-02,Affiliate
421,William Graham,user_421_maryscott@example.net,Germany,2026-06-19,Social Media
422,James Sanders,user_422_melissa87@example.org,Australia,2026-06-02,Email Campaign
423,Laurie Harrington,user_423_perryeddie@example.net,Germany,2025-12-26,Social Media
424,Teresa Buckley,user_424_floydmikayla@example.com,Germany,2026-08-12,Paid Ads
425,James Washington,user_425_rjohnson@example.com,United States,2025-01-19,Paid Ads
426,Melanie Morales,user_426_vpreston@example.net,Germany,2025-04-02,Organic Search
427,John Adams,user_427_andrew44@example.com,Australia,2026-07-16,Affiliate
428,Michael Garcia PhD,user_428_kevinmanning@example.com,Australia,2025-04-27,Paid Ads
429,Lisa Davis,user_429_alewis@example.net,United Kingdom,2025-10-11,Paid Ads
430,Sharon Nicholson,user_430_cameronmckinney@example.com,Australia,2025-01-13,Email Campaign
431,Kelly Carroll,user_431_jameswhitaker@example.org,Germany,2025-04-11,Affiliate
432,Anthony Ward,user_432_joshuacolon@example.net,India,2025-08-04,Affiliate
433,Becky Johnson,user_433_tracy72@example.com,Germany,2025-12-29,Organic Search
434,Hailey Monroe,user_434_kaitlyn14@example.org,United Kingdom,2025-07-27,Social Media
435,Scott Chan,user_435_mercedesholland@example.net,United Kingdom,2025-03-09,Social Media
436,Jason Smith,user_436_wellsdavid@example.org,United Kingdom,2026-01-09,Social Media
437,Courtney Franklin,user_437_jennifer46@example.com,United States,2026-07-23,Affiliate
438,David Owens,user_438_asilva@example.net,United Kingdom,2026-02-26,Social Media
439,Sara Hoffman,user_439_kenneth17@example.org,United States,2025-06-18,Organic Search
440,Margaret Hensley MD,user_440_jacob83@example.org,India,2026-06-17,Social Media
441,Rhonda Powell,user_441_erin07@example.com,Australia,2025-04-19,Paid Ads
442,Jennifer Doyle,user_442_matthewreeves@example.net,Australia,2025-11-19,Email Campaign
443,Karen Shepard,user_443_william28@example.org,United States,2025-05-16,Organic Search
444,Carl Green,user_444_staceylam@example.net,India,2024-12-08,Social Media
445,Daniel Savage,user_445_vfrench@example.com,Canada,2025-04-20,Email Campaign
446,Julie Wilson,user_446_delacruzbrandy@example.net,Canada,2024-11-24,Social Media
447,Cory Wilson,user_447_amoreno@example.org,United Kingdom,2026-08-07,Organic Search
448,Brenda Gonzalez,user_448_dbenitez@example.org,Germany,2025-06-02,Email Campaign
449,Catherine Miller,user_449_crystal25@example.net,United States,2024-11-14,Organic Search
450,Donald Juarez,user_450_barbaramoore@example.org,Canada,2025-01-08,Email Campaign
451,Madeline Powell,user_451_creyes@example.net,United States,2025-03-03,Affiliate
452,Tiffany Mcclain,user_452_andrewsmith@example.net,Australia,2025-04-11,Organic Search
453,Shawn Collins,user_453_reyesbrianna@example.org,United Kingdom,2024-11-19,Paid Ads
454,Elizabeth Carter,user_454_ryan25@example.com,India,2025-07-06,Social Media
455,Carmen Meadows,user_455_osmith@example.net,United States,2025-01-09,Paid Ads
456,Alex Wagner,user_456_richardsondebra@example.org,United States,2025-07-18,Affiliate
457,Dawn Nichols,user_457_wheelerbrandon@example.org,Canada,2026-02-19,Affiliate
458,Amber Wilson,user_458_jjames@example.com,India,2025-10-03,Affiliate
459,Christine Jennings,user_459_turnerdorothy@example.net,United Kingdom,2025-11-08,Affiliate
460,Larry Taylor,user_460_huntchristine@example.com,Canada,2024-12-27,Email Campaign
461,Kathleen Lynch,user_461_marie35@example.net,Canada,2025-08-14,Social Media
462,Andrew Crawford,user_462_haleycastillo@example.org,India,2024-10-02,Email Campaign
463,Brandon Rodriguez,user_463_fhernandez@example.net,Germany,2024-11-27,Affiliate
464,Ashley Scott,user_464_stephenmadden@example.com,India,2025-09-25,Organic Search
465,Robert Sawyer,user_465_michael56@example.net,India,2024-12-29,Organic Search
466,Peter Williams,user_466_elizabethjackson@example.com,United Kingdom,2026-08-25,Paid Ads
467,Marco Johns,user_467_watsonmatthew@example.org,Germany,2025-08-07,Organic Search
468,Jesus Houston,user_468_pmarsh@example.org,United Kingdom,2024-12-26,Paid Ads
469,Nicholas Jarvis,user_469_dalepruitt@example.com,United Kingdom,2026-06-15,Affiliate
470,Jessica Carr,user_470_cheryl27@example.com,United States,2024-12-26,Paid Ads
471,Jessica Brown,user_471_alexander89@example.net,United States,2025-12-12,Email Campaign
472,Tyler Marks,user_472_reynoldsjessica@example.com,Canada,2025-06-25,Affiliate
473,Margaret Hernandez,user_473_smithsarah@example.net,Canada,2026-07-21,Social Media
474,Jon Martin,user_474_vflores@example.com,United States,2024-11-08,Paid Ads
475,Krista Gray,user_475_christianwallace@example.net,Germany,2025-09-13,Social Media
476,Jonathan Stewart,user_476_bmcgee@example.org,Australia,2025-08-09,Email Campaign
477,Justin Smith,user_477_connersylvia@example.net,United States,2025-05-24,Paid Ads
478,Kristina Pena,user_478_xclements@example.org,Germany,2026-06-26,Affiliate
479,Jesse Castro,user_479_xmoran@example.net,Australia,2025-09-16,Paid Ads
480,Peter Walker,user_480_michael48@example.net,Canada,2025-07-17,Organic Search
481,Amber Martin,user_481_lydianewton@example.com,India,2024-12-22,Paid Ads
482,Craig Martinez,user_482_ylewis@example.org,Australia,2026-04-09,Paid Ads
483,Peter Williams,user_483_bartonshannon@example.net,Germany,2025-12-31,Paid Ads
484,Brandy Porter,user_484_tranryan@example.net,United States,2025-10-10,Organic Search
485,Priscilla Kent,user_485_jessicaanderson@example.com,United Kingdom,2026-02-22,Social Media
486,Sonya Gordon,user_486_mbarnes@example.net,India,2026-05-15,Affiliate
487,James Cooper,user_487_shawn22@example.com,Germany,2026-01-10,Email Campaign
488,Nicole Evans,user_488_jennifer83@example.org,United States,2025-03-11,Email Campaign
489,Donna Reed,user_489_tinasantos@example.org,Australia,2025-10-26,Social Media
490,Mallory Page,user_490_anna99@example.net,Australia,2026-04-04,Email Campaign
491,Paul Skinner,user_491_natalie60@example.net,Germany,2024-12-21,Affiliate
492,Charles Santiago,user_492_josephfloyd@example.com,India,2026-03-14,Email Campaign
493,Ryan Vaughn,user_493_james80@example.com,Canada,2026-06-24,Organic Search
494,Luis Lowe,user_494_juliahoffman@example.org,India,2025-10-31,Organic Search
495,Rebecca Roberts,user_495_housepaul@example.net,Canada,2025-05-30,Social Media
496,Amy Manning,user_496_christinenorman@example.com,India,2026-07-06,Social Media
497,Mark Mckinney,user_497_kari89@example.org,United States,2026-05-25,Organic Search
498,Cheryl Cole,user_498_lopezglenn@example.net,United Kingdom,2024-12-31,Affiliate
499,Jeffrey Hawkins,user_499_eugenesingleton@example.org,India,2025-06-13,Organic Search
500,Timothy Williams,user_500_candice94@example.com,Australia,2026-06-05,Social Media
501,Heather Bowers,user_501_alicia28@example.org,India,2026-06-02,Organic Search
502,Jennifer Herrera,user_502_baileynicole@example.net,United Kingdom,2025-06-14,Email Campaign
503,Edward Clements,user_503_wbarajas@example.net,India,2024-10-06,Email Campaign
504,Gregory Allen,user_504_susanfleming@example.com,Germany,2025-07-23,Paid Ads
505,Theresa Cruz,user_505_angel85@example.net,India,2026-06-15,Email Campaign
506,Katelyn Phillips,user_506_lukemiller@example.org,Australia,2025-02-07,Email Campaign
507,Patricia Ferguson,user_507_clarkcrystal@example.org,United States,2026-08-02,Email Campaign
508,Sara Harris,user_508_elucas@example.net,Germany,2026-03-16,Email Campaign
509,Joe Rivera,user_509_jonesgregory@example.com,Germany,2025-12-07,Social Media
510,Roberto Bartlett,user_510_ohughes@example.com,Australia,2025-09-01,Organic Search
511,James Wilson,user_511_maychristine@example.net,United Kingdom,2025-12-28,Social Media
512,Ryan Howard,user_512_robertsgina@example.net,Canada,2024-12-06,Email Campaign
513,Timothy James,user_513_wellsamanda@example.org,Germany,2026-05-03,Email Campaign
514,Robert Gardner,user_514_kennetheaton@example.net,India,2026-02-15,Organic Search
515,Travis Spencer,user_515_davidsmith@example.net,Canada,2025-08-02,Organic Search
516,Theresa Torres,user_516_jason82@example.org,Germany,2025-02-19,Social Media
517,Ruben Lee,user_517_emilybradley@example.org,Germany,2026-07-23,Organic Search
518,Wanda Dunn,user_518_robertscarlos@example.org,Canada,2025-03-02,Affiliate
519,Katelyn Rivera,user_519_emilyyoung@example.com,United States,2026-01-24,Affiliate
520,Corey Tucker,user_520_christina49@example.org,Canada,2025-12-13,Email Campaign
521,Rhonda Benjamin,user_521_adamsanchez@example.org,United States,2026-04-06,Paid Ads
522,Jessica Larsen,user_522_erinrivera@example.com,India,2025-09-24,Social Media
523,Raymond Tucker,user_523_thompsoncatherine@example.com,India,2026-07-28,Email Campaign
524,Stephanie Gonzalez,user_524_lunapatricia@example.net,Australia,2026-02-02,Email Campaign
525,Kevin Sullivan,user_525_rebeccaarnold@example.net,United States,2026-08-25,Paid Ads
526,Mrs. Patricia Diaz MD,user_526_dennis88@example.org,Germany,2025-08-04,Affiliate
527,Adam Allen,user_527_katherinetaylor@example.org,United Kingdom,2025-02-16,Social Media
528,Krystal Brennan,user_528_jillwebb@example.com,Canada,2024-10-31,Email Campaign
529,John Brown,user_529_jim38@example.com,United States,2025-07-28,Organic Search
530,Jesse Williams,user_530_dakota84@example.net,Australia,2025-04-22,Affiliate
531,Laura Bennett,user_531_pdiaz@example.org,United Kingdom,2025-11-05,Paid Ads
532,William Walker,user_532_wgomez@example.com,Germany,2026-06-07,Affiliate
533,Mr. Jonathan Taylor,user_533_jerryrobertson@example.com,United States,2025-03-13,Affiliate
534,Christopher Guzman,user_534_guerrerorobert@example.com,Canada,2026-04-12,Organic Search
535,Michael Mendoza,user_535_deborahjenkins@example.org,United Kingdom,2024-11-02,Organic Search
536,Kevin Taylor,user_536_macdonalddylan@example.org,Canada,2025-04-18,Organic Search
537,Kellie Sullivan,user_537_johnsjessica@example.com,Australia,2024-12-05,Paid Ads
538,Lawrence Ruiz,user_538_ajackson@example.net,Canada,2025-01-18,Social Media
539,Samantha White,user_539_gary57@example.net,India,2026-01-01,Social Media
540,James Anderson,user_540_harrismichele@example.net,Canada,2026-03-15,Email Campaign
541,Chase Davis,user_541_mvalenzuela@example.org,Canada,2026-08-12,Paid Ads
542,Kathy Wilson,user_542_mhopkins@example.net,Canada,2026-07-04,Affiliate
543,Todd Gregory,user_543_xboyd@example.org,United Kingdom,2026-03-25,Email Campaign
544,Crystal Lang,user_544_zbell@example.net,United Kingdom,2026-05-14,Affiliate
545,Laura Coleman,user_545_thomas31@example.com,India,2026-01-07,Paid Ads
546,Jennifer Lopez,user_546_lanedavid@example.org,United States,2025-07-18,Social Media
547,Melissa Stewart,user_547_daniel69@example.com,Canada,2025-04-20,Social Media
548,Jessica Diaz,user_548_victoria63@example.com,India,2025-12-02,Social Media
549,Karen Wood,user_549_tking@example.net,United States,2025-06-24,Social Media
550,Jennifer Taylor,user_550_adkinssean@example.net,Australia,2025-02-02,Social Media
551,Jordan Hartman,user_551_martintamara@example.org,India,2026-06-16,Affiliate
552,Charles Frost,user_552_qdavis@example.org,Australia,2025-07-15,Email Campaign
553,Andrew Cruz,user_553_hmendez@example.com,United Kingdom,2026-04-05,Email Campaign
554,Amy Ayala,user_554_daniellegonzales@example.org,India,2026-07-22,Email Campaign
555,Regina Mitchell,user_555_bowerswilliam@example.net,Germany,2025-03-28,Social Media
556,Megan Ward,user_556_cantrellchristopher@example.com,India,2026-05-28,Affiliate
557,Michael Sullivan,user_557_aprilmclaughlin@example.org,Canada,2024-12-09,Email Campaign
558,Molly Hansen,user_558_michael43@example.net,Germany,2025-02-28,Paid Ads
559,Jared Smith,user_559_richardrodriguez@example.org,Australia,2025-10-25,Paid Ads
560,Travis Pratt,user_560_nancy94@example.net,India,2025-09-08,Email Campaign
561,Kristine Carrillo,user_561_susan77@example.net,United Kingdom,2026-07-31,Email Campaign
562,Brian Jones,user_562_ericahall@example.com,United States,2025-08-16,Social Media
563,Kelli Smith,user_563_john16@example.net,Australia,2026-05-04,Email Campaign
564,Angela Velazquez,user_564_nedwards@example.net,Australia,2025-04-26,Email Campaign
565,Paul Conrad,user_565_victorgonzalez@example.net,Canada,2025-04-06,Paid Ads
566,Christine Harris,user_566_marykelly@example.org,Canada,2025-01-01,Organic Search
567,Megan Alvarado,user_567_duranamber@example.org,United Kingdom,2026-07-20,Affiliate
568,Mr. Johnathan Galloway,user_568_travis84@example.com,India,2025-03-21,Social Media
569,Bethany Fox,user_569_imendoza@example.org,United States,2025-10-25,Email Campaign
570,Scott Parsons,user_570_sbray@example.net,United States,2025-09-22,Affiliate
571,Adam Craig,user_571_ucarpenter@example.com,Canada,2026-01-18,Organic Search
572,Chelsea Baker,user_572_thomas95@example.com,Australia,2025-02-19,Paid Ads
573,Mr. Michael Watson PhD,user_573_shannon92@example.net,Canada,2026-03-16,Paid Ads
574,Brett Nelson,user_574_angelachase@example.org,United States,2025-01-21,Email Campaign
575,Nancy Kennedy,user_575_thompsonvictor@example.net,Germany,2025-11-05,Social Media
576,Emily Tucker,user_576_anna90@example.com,India,2024-12-15,Email Campaign
577,Amy Cervantes,user_577_gcombs@example.com,Australia,2026-05-01,Organic Search
578,Isaac Castro,user_578_maurice61@example.com,Germany,2026-08-04,Affiliate
579,Lisa Ray,user_579_tiffanymitchell@example.com,Canada,2026-03-06,Social Media
580,Patricia Griffin,user_580_jamesjustin@example.net,Australia,2025-01-20,Email Campaign
581,Margaret Mcfarland,user_581_kwelch@example.com,India,2026-07-21,Organic Search
582,Angela Cooper,user_582_logan44@example.net,India,2026-02-12,Organic Search
583,Stephen Norman,user_583_julie87@example.com,United Kingdom,2025-02-06,Social Media
584,Alexander Luna,user_584_shelby13@example.org,United Kingdom,2025-08-04,Organic Search
585,Arthur Johns,user_585_johnsonrandy@example.org,Canada,2024-12-19,Organic Search
586,Christopher Pena,user_586_pparker@example.net,Australia,2025-05-08,Organic Search
587,Cameron Rose,user_587_anthonyalvarado@example.com,Canada,2026-08-02,Paid Ads
588,William Fernandez,user_588_amy28@example.org,Australia,2026-01-01,Social Media
589,Lynn Fields,user_589_omills@example.net,United States,2025-05-28,Organic Search
590,Karen Perez,user_590_ramosmichael@example.com,Germany,2025-01-28,Organic Search
591,Aaron Ochoa,user_591_mauriceharrison@example.org,Germany,2026-03-18,Social Media
592,Theresa Woods,user_592_cannonlauren@example.net,Germany,2025-03-28,Email Campaign
593,Kimberly Lopez,user_593_kfoster@example.net,United Kingdom,2026-04-25,Paid Ads
594,Sandra Walker,user_594_hendersonjohn@example.net,India,2026-06-19,Email Campaign
595,Denise Wong,user_595_robert12@example.org,India,2025-05-12,Paid Ads
596,Jesse Chavez,user_596_blopez@example.org,United Kingdom,2024-11-07,Paid Ads
597,Alison Compton,user_597_joseph70@example.org,United States,2024-12-09,Affiliate
598,Johnny Peterson,user_598_kristi75@example.com,Canada,2026-03-25,Affiliate
599,Erin Bridges,user_599_brianrowe@example.org,Australia,2025-11-25,Paid Ads
600,Corey Skinner,user_600_hclayton@example.net,Canada,2025-04-11,Affiliate
601,William Wright,user_601_gonzalezjill@example.org,United Kingdom,2025-11-08,Paid Ads
602,Christine Price,user_602_sharon20@example.net,Canada,2025-11-30,Social Media
603,Dawn Little,user_603_michaelwilliams@example.net,Canada,2025-03-18,Social Media
604,Cynthia Hamilton,user_604_jacksonjoshua@example.org,Australia,2025-08-03,Organic Search
605,Alexa Williams,user_605_jbarker@example.com,Canada,2026-05-21,Social Media
606,Christopher Davis,user_606_sarah00@example.com,Australia,2026-02-12,Affiliate
607,Joshua Rodriguez,user_607_jhall@example.net,United Kingdom,2026-05-10,Organic Search
608,Steven Quinn,user_608_norrismichael@example.org,Canada,2025-04-12,Social Media
609,Karina Kim,user_609_amy73@example.net,India,2025-02-21,Social Media
610,Erica Mcdonald,user_610_caseymoore@example.com,Australia,2026-06-28,Email Campaign
611,Jacob Smith,user_611_bgross@example.net,Australia,2026-07-27,Social Media
612,Manuel Flores,user_612_barrettamber@example.com,Canada,2025-02-24,Social Media
613,Kathleen Arnold,user_613_marcus51@example.org,United Kingdom,2025-11-10,Email Campaign
614,Amanda Pace,user_614_morganharris@example.com,Canada,2025-02-25,Organic Search
615,Kenneth Huff,user_615_sfox@example.net,United Kingdom,2025-04-16,Email Campaign
616,Daniel Robbins,user_616_conradjason@example.com,India,2026-08-22,Social Media
617,Julie Fowler,user_617_angela65@example.net,India,2024-11-14,Social Media
618,Deborah Williams,user_618_davenportchristian@example.org,Australia,2025-11-07,Social Media
619,Neil Schmidt,user_619_jamessandoval@example.net,United States,2026-01-28,Email Campaign
620,Kristin Grant,user_620_mirandabarbara@example.net,Germany,2025-09-21,Organic Search
621,Jessica Garcia,user_621_andreawagner@example.net,India,2025-01-30,Organic Search
622,Lindsay Mahoney,user_622_andrea55@example.com,India,2026-05-16,Email Campaign
623,Samantha Morris,user_623_annalewis@example.net,Germany,2026-05-01,Paid Ads
624,Tyrone West,user_624_csmith@example.com,India,2026-01-05,Social Media
625,Chad Zamora,user_625_evansjeffrey@example.com,United Kingdom,2024-10-16,Paid Ads
626,Terri Short,user_626_clintonstevens@example.org,India,2025-01-15,Social Media
627,Steve Wright,user_627_lisa19@example.com,Australia,2025-12-16,Paid Ads
628,Morgan Cummings,user_628_sthompson@example.net,Australia,2025-12-21,Organic Search
629,Anna May,user_629_crossbarbara@example.org,Australia,2026-05-28,Organic Search
630,Randy Bailey,user_630_hbutler@example.org,Germany,2026-05-03,Email Campaign
631,Lindsey Smith,user_631_hbrown@example.org,United States,2025-06-05,Affiliate
632,Brittany Shaw,user_632_ericnunez@example.com,Germany,2025-09-11,Paid Ads
633,Laura Davis,user_633_matthewalvarez@example.net,United States,2024-11-07,Social Media
634,Deborah Ross,user_634_iayala@example.org,Germany,2025-10-08,Email Campaign
635,Katherine Pearson,user_635_annshea@example.net,United Kingdom,2025-04-09,Paid Ads
636,Derek Jordan,user_636_rodriguezrobert@example.com,United Kingdom,2025-06-27,Affiliate
637,Gregory Rios,user_637_gary59@example.com,Germany,2026-01-27,Affiliate
638,Andrew Meyers,user_638_ginamoore@example.net,India,2026-07-24,Social Media
639,Patrick Sanchez,user_639_mistywilkins@example.org,United Kingdom,2025-06-23,Social Media
640,Ashley Cole,user_640_riverajody@example.org,Canada,2025-03-07,Social Media
641,Nicole Dunn,user_641_heatherbarnett@example.com,Australia,2025-12-26,Social Media
642,Kelsey Scott,user_642_campbellkristina@example.net,United States,2025-04-28,Email Campaign
643,Matthew Smith,user_643_qguerrero@example.net,United States,2025-07-06,Paid Ads
644,Alicia Dillon,user_644_yhall@example.net,United Kingdom,2026-04-04,Email Campaign
645,Ethan Delacruz,user_645_lopezvincent@example.com,India,2025-12-09,Social Media
646,Alison Wright,user_646_matthew62@example.org,United States,2025-06-26,Email Campaign
647,Heather Turner,user_647_lisa46@example.org,United States,2025-12-05,Social Media
648,Courtney Peterson,user_648_fsandoval@example.net,India,2025-07-23,Organic Search
649,Megan Salas,user_649_robertberry@example.com,Canada,2025-05-30,Social Media
650,Erin Daniels,user_650_denisecarpenter@example.net,Australia,2026-06-13,Social Media
651,Charles Barker,user_651_russellstout@example.org,India,2026-02-21,Email Campaign
652,Sylvia Stewart,user_652_whitemary@example.org,Australia,2026-04-17,Social Media
653,Fernando Dudley,user_653_vturner@example.net,United States,2026-04-26,Paid Ads
654,Richard Rodriguez,user_654_anthonyodom@example.net,Canada,2025-04-25,Organic Search
655,Lisa Carlson,user_655_gracehoward@example.net,India,2026-05-28,Affiliate
656,Jonathan Jacobs,user_656_jack67@example.com,Germany,2025-01-14,Affiliate
657,Darrell Ortiz,user_657_schaeferstephanie@example.org,United Kingdom,2026-04-29,Organic Search
658,Christina Harris,user_658_saraduke@example.net,Australia,2025-10-15,Email Campaign
659,Sharon Clay,user_659_csullivan@example.net,Australia,2026-04-24,Social Media
660,Michelle Long,user_660_meyershannon@example.org,Australia,2026-08-12,Email Campaign
661,Kelly Foster PhD,user_661_oblack@example.org,United States,2025-02-24,Paid Ads
662,James Torres,user_662_steven64@example.net,United States,2024-11-11,Organic Search
663,Stephanie Ford,user_663_gdavis@example.org,Germany,2025-02-16,Email Campaign
664,Teresa Horton,user_664_phillipmorris@example.org,United States,2025-02-15,Organic Search
665,Steven Huang,user_665_udavis@example.net,United Kingdom,2026-02-15,Affiliate
666,Rebecca Higgins,user_666_davisjasmin@example.net,United Kingdom,2025-07-08,Email Campaign
667,Michael Acosta,user_667_nicholasjames@example.org,Canada,2025-06-17,Social Media
668,Mary Hernandez,user_668_haroldjoseph@example.com,Australia,2025-05-27,Affiliate
669,Randy Griffin,user_669_davidanderson@example.org,Canada,2024-10-02,Affiliate
670,Dawn Ellis,user_670_astephens@example.net,Australia,2026-08-16,Paid Ads
671,Daniel Keller MD,user_671_nicoleramirez@example.net,Canada,2025-12-07,Organic Search
672,Christine Lopez,user_672_delgadobenjamin@example.org,Canada,2026-03-02,Affiliate
673,Lindsey Rivera,user_673_williamsrobert@example.org,Canada,2025-02-02,Social Media
674,Lisa Holt,user_674_tammycurry@example.com,United States,2024-10-27,Social Media
675,Edwin Richardson,user_675_wwilkins@example.com,United Kingdom,2026-07-17,Email Campaign
676,Eileen Taylor,user_676_mark68@example.org,Canada,2026-03-24,Paid Ads
677,Anthony Duncan,user_677_webbhaley@example.net,Germany,2025-05-11,Organic Search
678,Ryan Green,user_678_sara99@example.com,Australia,2025-11-07,Social Media
679,Kathleen Morton,user_679_jeanettekrause@example.org,India,2024-12-30,Social Media
680,Mario Wilson,user_680_laurenduarte@example.com,United States,2024-11-04,Email Campaign
681,Justin Walsh,user_681_davidsonhannah@example.com,Germany,2026-06-05,Paid Ads
682,Eric Pierce,user_682_wilsonmathew@example.com,United States,2026-04-15,Email Campaign
683,Toni Collier,user_683_markmorgan@example.net,United States,2025-10-07,Paid Ads
684,Rebecca Brewer,user_684_dmoore@example.net,Australia,2026-08-26,Affiliate
685,Richard Gutierrez,user_685_conleykevin@example.net,United States,2026-03-10,Organic Search
686,Joshua Clark,user_686_lauren51@example.org,Germany,2025-05-05,Paid Ads
687,Gina Brooks,user_687_ashleyprice@example.net,United Kingdom,2024-12-29,Affiliate
688,Nicole Thornton,user_688_jennifer46@example.org,United Kingdom,2025-10-21,Organic Search
689,Jacqueline Gallegos,user_689_javier42@example.org,India,2025-07-17,Paid Ads
690,Paula Gentry,user_690_zhunter@example.com,India,2025-10-23,Paid Ads
691,Gerald Webb,user_691_kimberly21@example.net,United Kingdom,2026-03-09,Social Media
692,Christine Johnson MD,user_692_cookpamela@example.org,United Kingdom,2025-11-08,Affiliate
693,Nichole Johnson,user_693_danielle35@example.org,United States,2025-02-26,Social Media
694,Joseph Mejia,user_694_nelsoneric@example.org,United Kingdom,2024-10-11,Paid Ads
695,Kristin Garcia,user_695_andrea42@example.net,India,2026-06-16,Social Media
696,David Jones,user_696_amber02@example.org,United Kingdom,2025-09-30,Organic Search
697,Amber Reyes,user_697_simmonsharold@example.net,Australia,2026-08-23,Organic Search
698,Sara Lyons,user_698_larry38@example.org,United Kingdom,2026-05-10,Organic Search
699,Laura Davis,user_699_tdavis@example.net,Germany,2026-02-12,Paid Ads
700,Julie Hall,user_700_douglashuang@example.com,India,2025-07-09,Social Media
701,Michael Ortega,user_701_shawn01@example.com,United States,2024-12-26,Paid Ads
702,Joel Jackson,user_702_cassandra28@example.org,Germany,2025-08-11,Organic Search
703,Rebecca Nguyen,user_703_sparksamanda@example.com,United Kingdom,2026-01-01,Email Campaign
704,Marc Kelley,user_704_vreyes@example.org,India,2026-06-24,Organic Search
705,Jessica Baird,user_705_amy32@example.net,Australia,2026-03-04,Organic Search
706,Timothy Andrews,user_706_mwilson@example.com,Canada,2025-06-09,Email Campaign
707,Samantha Thompson,user_707_gjones@example.net,Germany,2026-06-24,Affiliate
708,Sally Murphy,user_708_davislisa@example.net,India,2026-05-09,Organic Search
709,April Thomas,user_709_shawncarter@example.net,Canada,2025-12-22,Affiliate
710,Daniel Rich,user_710_ashley46@example.net,United Kingdom,2025-06-24,Affiliate
711,Lauren Carr DDS,user_711_melissabrown@example.net,United States,2024-11-10,Affiliate
712,Justin Irwin,user_712_callahanmichelle@example.org,Germany,2025-08-31,Email Campaign
713,Jennifer Flores,user_713_bsullivan@example.net,Australia,2025-03-13,Organic Search
714,Karen Lopez,user_714_xbridges@example.com,United States,2025-01-27,Email Campaign
715,Shane Martinez,user_715_jonesalfred@example.net,Canada,2026-08-18,Email Campaign
716,Mr. William Miller,user_716_ydalton@example.net,Australia,2026-01-12,Organic Search
717,Lisa Gibson,user_717_carnold@example.com,Canada,2025-07-02,Email Campaign
718,Jeff Smith,user_718_pbradford@example.net,United States,2025-10-24,Organic Search
719,Timothy Johnston,user_719_goodashley@example.net,Germany,2025-07-13,Affiliate
720,John Vaughn,user_720_jessicafox@example.com,United Kingdom,2025-09-26,Organic Search
721,Kelly Bishop,user_721_thomasharmon@example.net,United Kingdom,2024-11-29,Social Media
722,Kimberly Riley,user_722_bergeramanda@example.org,India,2025-09-29,Affiliate
723,Taylor Berry,user_723_robert44@example.org,India,2024-10-27,Social Media
724,Linda Torres,user_724_bryan79@example.org,Canada,2025-12-18,Affiliate
725,William Lamb,user_725_mitchellchristopher@example.net,India,2024-11-28,Social Media
726,Diana Anderson,user_726_joshua40@example.net,Canada,2024-12-25,Affiliate
727,Susan Stevenson,user_727_lwood@example.com,India,2026-05-30,Email Campaign
728,Kari Lloyd,user_728_cooperchristopher@example.org,United States,2026-01-05,Organic Search
729,Brittany Crawford,user_729_ptownsend@example.net,Australia,2025-09-06,Affiliate
730,Carol Lane,user_730_brian41@example.org,Australia,2025-02-07,Paid Ads
731,John Alvarez,user_731_noahthornton@example.com,Canada,2025-04-21,Email Campaign
732,Seth Smith,user_732_ureyes@example.net,United Kingdom,2026-03-14,Email Campaign
733,Anne Schmidt,user_733_stephanie69@example.net,Germany,2026-07-28,Email Campaign
734,Devin Lang,user_734_destiny67@example.net,Canada,2026-05-04,Email Campaign
735,Michael Townsend,user_735_erica25@example.net,Australia,2024-10-08,Organic Search
736,Sandra Smith,user_736_foxgina@example.com,Germany,2025-03-19,Email Campaign
737,Darlene Johnson,user_737_brownbrooke@example.org,Germany,2026-01-08,Social Media
738,Michelle Wilson,user_738_nicholasgallagher@example.net,Germany,2025-12-13,Paid Ads
739,Cathy Rodriguez,user_739_jonowens@example.org,Australia,2026-02-08,Email Campaign
740,Zachary Hammond,user_740_jonathan14@example.org,United States,2025-07-24,Organic Search
741,Zachary Scott,user_741_gregory17@example.org,United States,2026-01-17,Organic Search
742,Matthew Rodriguez,user_742_probinson@example.org,Canada,2025-09-07,Organic Search
743,Ashley Jones,user_743_kimberly07@example.org,Australia,2026-02-19,Social Media
744,Tasha Ortega,user_744_edward56@example.net,United Kingdom,2024-10-02,Affiliate
745,Teresa Henry,user_745_upowell@example.org,United States,2025-11-23,Affiliate
746,James Norris,user_746_imartinez@example.com,India,2025-06-15,Affiliate
747,Jennifer Chen,user_747_diazmelissa@example.com,Germany,2024-12-01,Organic Search
748,Paige Roberts,user_748_gregorywilliams@example.com,Canada,2026-02-25,Social Media
749,Michael Mosley,user_749_tom73@example.org,Australia,2024-10-27,Email Campaign
750,Nathan Watkins,user_750_yprice@example.net,Australia,2026-02-11,Organic Search
751,Joseph Flowers,user_751_blevy@example.org,Germany,2025-06-20,Affiliate
752,Richard Williams,user_752_lewisdesiree@example.net,Germany,2025-09-21,Social Media
753,Sheila Herrera,user_753_sandyjohnson@example.org,United States,2025-10-14,Affiliate
754,Kaitlin Hardin,user_754_sanchezdeborah@example.org,India,2025-02-10,Paid Ads
755,Summer Hoover,user_755_bryantgeorge@example.net,United Kingdom,2024-11-18,Email Campaign
756,Ashley Crawford,user_756_bryanharris@example.com,United Kingdom,2026-06-22,Organic Search
757,Nancy Morales,user_757_daughertybarbara@example.org,Germany,2025-06-06,Affiliate
758,Rebecca Duran,user_758_matthewmartinez@example.org,Germany,2026-05-11,Organic Search
759,Michael Tran,user_759_lsanchez@example.org,Germany,2025-01-11,Affiliate
760,Ryan Salazar,user_760_alexistucker@example.org,United Kingdom,2024-10-05,Email Campaign
761,Brandon Pearson,user_761_robert72@example.org,India,2025-01-19,Affiliate
762,Kelly Jenkins,user_762_cheryljohnson@example.org,India,2026-04-10,Affiliate
763,Dr. Mark Patton MD,user_763_grantjames@example.net,United States,2024-12-13,Affiliate
764,Shari Hatfield,user_764_stevensims@example.org,Australia,2025-05-02,Social Media
765,Brian Hernandez,user_765_kjimenez@example.net,United States,2024-11-02,Paid Ads
766,Jackson Clark,user_766_matthew70@example.org,Germany,2026-04-28,Social Media
767,Joshua Moore,user_767_washingtondarren@example.org,Germany,2026-04-13,Social Media
768,Kevin Barnes,user_768_jerry15@example.org,United States,2024-12-15,Paid Ads
769,Jason Gonzalez,user_769_charlesrichards@example.org,United Kingdom,2026-08-22,Affiliate
770,Daniel Lynch,user_770_paultaylor@example.net,Australia,2025-02-27,Email Campaign
771,Vanessa Harris,user_771_antoniocarroll@example.com,United States,2025-01-14,Paid Ads
772,John Barnes,user_772_jeffrey49@example.org,Australia,2026-06-05,Organic Search
773,Tiffany Whitehead,user_773_christophervincent@example.com,United States,2026-07-31,Affiliate
774,Leslie Hood MD,user_774_pfitzgerald@example.org,United Kingdom,2025-06-11,Email Campaign
775,Daniel Pennington,user_775_robinvillanueva@example.com,Canada,2024-11-03,Email Campaign
776,John Mack,user_776_simmonsphillip@example.net,Germany,2026-06-29,Paid Ads
777,Jon Miller,user_777_steelerichard@example.org,Germany,2025-01-11,Social Media
778,David Duarte,user_778_castillokevin@example.net,Australia,2025-09-21,Social Media
779,Nicole Johnson,user_779_iford@example.net,India,2025-08-10,Affiliate
780,Seth Sims,user_780_daltonchad@example.net,United States,2025-06-15,Organic Search
781,Elizabeth Mullins,user_781_kristinmiller@example.com,United Kingdom,2026-04-24,Paid Ads
782,Kayla Kent,user_782_pamela16@example.com,India,2025-09-26,Organic Search
783,Holly Thompson,user_783_castrokim@example.org,Australia,2025-06-17,Organic Search
784,Brian Mendoza,user_784_karenhodges@example.com,Germany,2025-06-30,Email Campaign
785,Kathy Henderson,user_785_brownmichael@example.com,Australia,2025-10-24,Email Campaign
786,Barbara Mckinney,user_786_shannon51@example.org,Canada,2026-08-23,Affiliate
787,Anita Myers,user_787_keithfrye@example.org,Canada,2025-02-04,Email Campaign
788,Michael Crawford,user_788_abigailburton@example.com,Germany,2025-08-19,Paid Ads
789,Kimberly Anderson,user_789_robert04@example.org,India,2024-11-17,Organic Search
790,Robert Conley,user_790_robert55@example.com,Germany,2026-01-03,Email Campaign
791,Kerri Kelley,user_791_itorres@example.com,United States,2025-02-10,Social Media
792,Cristina Watson,user_792_kayla02@example.com,Australia,2025-05-08,Affiliate
793,Christopher Glass,user_793_ian22@example.org,Canada,2025-04-02,Affiliate
794,Xavier Andrews,user_794_lgreen@example.org,Australia,2025-12-10,Social Media
795,Mary Spence,user_795_nathanfernandez@example.org,United States,2025-11-18,Paid Ads
796,Thomas Sullivan,user_796_dmack@example.com,Canada,2025-01-29,Affiliate
797,Oscar Cantrell,user_797_deborah47@example.com,United States,2026-05-08,Organic Search
798,Ms. Bridget Cunningham,user_798_hmorgan@example.net,United Kingdom,2025-10-07,Social Media
799,Brenda Pierce,user_799_angel93@example.com,United Kingdom,2025-07-04,Paid Ads
800,Anthony Davidson,user_800_kimberlywang@example.org,Germany,2024-10-17,Social Media
801,Samuel Rhodes,user_801_daughertypreston@example.com,Germany,2025-06-03,Organic Search
802,Kayla Brown,user_802_raymond65@example.com,United States,2025-07-16,Email Campaign
803,Gregory Parker,user_803_fsawyer@example.org,Australia,2026-04-18,Email Campaign
804,Natalie Perry,user_804_zroberts@example.net,United Kingdom,2026-08-28,Paid Ads
805,Steven Taylor,user_805_thomaskevin@example.net,Canada,2025-06-17,Affiliate
806,Tyler Avila,user_806_smithdanielle@example.com,Australia,2025-08-17,Paid Ads
807,Joel Bradley,user_807_jamescollier@example.com,India,2025-12-04,Affiliate
808,Rodney Turner MD,user_808_dhansen@example.org,Australia,2024-10-20,Social Media
809,Brittany Evans,user_809_qmartinez@example.com,United States,2025-08-20,Email Campaign
810,Terry Newman,user_810_wilsonjoshua@example.org,Australia,2026-01-08,Organic Search
811,Lauren Cunningham,user_811_courtney71@example.com,Canada,2025-11-02,Organic Search
812,Alicia Green,user_812_thomassteven@example.net,Canada,2025-01-13,Organic Search
813,Anthony Ward,user_813_brandon48@example.net,Germany,2024-11-28,Affiliate
814,Pamela White,user_814_georgegary@example.com,Canada,2026-08-08,Affiliate
815,Ryan Marsh,user_815_gina51@example.net,Canada,2025-12-24,Email Campaign
816,Charles Taylor,user_816_nathan76@example.com,Germany,2025-02-03,Organic Search
817,Christopher Walker,user_817_laurahansen@example.net,Canada,2026-07-07,Organic Search
818,Sarah Marquez,user_818_butlersabrina@example.org,Germany,2026-06-28,Paid Ads
819,Alan Bailey,user_819_don79@example.net,India,2026-05-16,Email Campaign
820,Carrie Torres,user_820_walkermelissa@example.org,Australia,2026-03-18,Social Media
821,Calvin Anderson,user_821_colemankathryn@example.org,United States,2024-11-29,Email Campaign
822,John Reynolds,user_822_danielmcguire@example.net,United States,2026-01-03,Paid Ads
823,Bryan King,user_823_turneralex@example.org,Canada,2026-05-30,Affiliate
824,Lance Matthews,user_824_jackbell@example.org,Canada,2025-01-21,Affiliate
825,Teresa Rush,user_825_michael89@example.org,United States,2025-10-27,Email Campaign
826,Annette Lane,user_826_ricejennifer@example.com,Germany,2025-02-10,Social Media
827,Kimberly Beltran,user_827_glasssamantha@example.net,United Kingdom,2025-10-03,Social Media
828,Kevin Gonzales,user_828_whitemichael@example.com,United Kingdom,2025-08-25,Organic Search
829,Darren Rodriguez,user_829_david18@example.org,India,2025-10-20,Organic Search
830,Michele Hawkins,user_830_millertristan@example.com,India,2025-05-08,Affiliate
831,Noah Mcdaniel,user_831_aperez@example.com,United Kingdom,2026-07-26,Social Media
832,Scott Jacobson,user_832_xcrosby@example.org,Germany,2024-10-09,Paid Ads
833,Mrs. Ashley Kim DDS,user_833_wilsonralph@example.net,United Kingdom,2026-01-01,Organic Search
834,Natalie Stafford,user_834_calvinhester@example.com,United Kingdom,2025-03-04,Social Media
835,Wanda Martinez,user_835_rhardy@example.net,United Kingdom,2026-05-17,Paid Ads
836,Denise Clarke,user_836_qkelly@example.net,India,2025-08-10,Paid Ads
837,Ms. Brittany Gibson,user_837_kingtyler@example.net,Australia,2025-01-12,Organic Search
838,Oscar Greer,user_838_lgregory@example.com,United Kingdom,2026-01-12,Email Campaign
839,Brittany Howell,user_839_wolfdonna@example.net,Canada,2026-05-19,Affiliate
840,John Carter MD,user_840_amy88@example.org,India,2026-05-16,Email Campaign
841,Jeffrey Melendez,user_841_ycole@example.com,Australia,2025-09-22,Affiliate
842,Christopher Hopkins,user_842_nicole27@example.com,Australia,2025-01-12,Affiliate
843,James Gallagher,user_843_rkeller@example.net,Germany,2025-12-18,Social Media
844,Justin Moore,user_844_myerstroy@example.com,United Kingdom,2026-01-22,Email Campaign
845,Pamela Mitchell,user_845_johnsonbrandon@example.com,United States,2025-06-27,Email Campaign
846,Lauren Hubbard,user_846_oscar65@example.com,Canada,2025-08-15,Social Media
847,Matthew Wright,user_847_brittany14@example.org,Germany,2025-06-19,Affiliate
848,Joshua Johnson,user_848_abradley@example.com,United States,2024-10-15,Social Media
849,Leah Odom,user_849_uhudson@example.net,India,2024-12-14,Organic Search
850,Ariel Leonard,user_850_tyler52@example.net,Germany,2025-05-20,Email Campaign
851,Jeffrey Crawford,user_851_pittmanamanda@example.com,Canada,2025-04-23,Organic Search
852,Zachary Morales,user_852_claudiarubio@example.net,United States,2026-07-17,Social Media
853,Leslie Nelson,user_853_wsimmons@example.org,Germany,2026-02-18,Organic Search
854,Kathy Evans,user_854_james64@example.net,Australia,2025-11-04,Organic Search
855,Phillip White,user_855_burtonzachary@example.org,India,2025-12-22,Affiliate
856,Mr. Rodney Hurley III,user_856_umichael@example.net,India,2024-11-15,Email Campaign
857,Helen Hernandez,user_857_juliecannon@example.com,Canada,2025-08-14,Affiliate
858,Ronald Brown,user_858_meghanadams@example.com,India,2026-02-13,Organic Search
859,Michael Young,user_859_daniellee@example.org,Canada,2026-06-11,Affiliate
860,Julie Castro,user_860_chenderson@example.org,Australia,2025-01-31,Paid Ads
861,Allen Clarke,user_861_donna20@example.net,Germany,2025-10-12,Affiliate
862,Amy Mosley,user_862_carolyn16@example.com,Canada,2026-03-05,Affiliate
863,Ann Hahn,user_863_joelduncan@example.net,United Kingdom,2025-01-01,Organic Search
864,Sandra Herring,user_864_tyler13@example.net,Canada,2025-01-02,Organic Search
865,Emily Collier,user_865_vshaffer@example.org,Germany,2025-08-24,Organic Search
866,Brian Lewis,user_866_scott49@example.org,India,2025-10-15,Paid Ads
867,Melissa Rodriguez,user_867_pwells@example.com,United States,2026-08-14,Paid Ads
868,Brianna Alvarez,user_868_lori09@example.org,Australia,2026-07-15,Email Campaign
869,Rebecca Brown,user_869_johnnycruz@example.net,Canada,2026-03-28,Affiliate
870,Robert Martinez,user_870_miaprice@example.com,India,2025-04-16,Affiliate
871,Timothy Sherman,user_871_jason27@example.net,United Kingdom,2025-06-03,Social Media
872,Pamela Sullivan,user_872_hillchristopher@example.com,Germany,2025-09-30,Social Media
873,Tammy Cook,user_873_gmcdowell@example.org,Canada,2026-03-26,Email Campaign
874,Austin Fisher,user_874_shawn00@example.net,Germany,2026-02-10,Affiliate
875,Jeremy Davidson,user_875_moralescourtney@example.com,United States,2025-12-21,Social Media
876,Christopher Black,user_876_melaniejennings@example.com,United States,2025-09-15,Social Media
877,Nicholas Green,user_877_lauren31@example.com,United States,2025-07-12,Affiliate
878,Shawn Duffy,user_878_andrewjohnson@example.net,Australia,2026-02-14,Email Campaign
879,Crystal Davis,user_879_sgonzalez@example.org,Germany,2024-11-07,Social Media
880,Jeffrey Green,user_880_rubiogeorge@example.net,Australia,2024-12-30,Affiliate
881,Joseph Ayala,user_881_fwilcox@example.org,United Kingdom,2025-03-23,Social Media
882,Cheryl Atkins,user_882_keith76@example.org,United States,2025-08-31,Affiliate
883,Lindsay Carney,user_883_jessica36@example.org,Australia,2025-08-13,Paid Ads
884,Alyssa Cherry,user_884_christinesolomon@example.com,Germany,2025-12-26,Social Media
885,Judith Smith,user_885_monicamccann@example.com,Australia,2026-03-17,Email Campaign
886,James Henderson,user_886_charles80@example.org,United Kingdom,2025-06-15,Affiliate
887,Kaitlin Gomez,user_887_smithwilliam@example.com,Australia,2025-05-22,Organic Search
888,Megan Anderson,user_888_carpenterjorge@example.net,Germany,2025-10-17,Affiliate
889,Sherry Anderson,user_889_jennifer62@example.com,Canada,2024-12-29,Social Media
890,William Porter,user_890_julie64@example.com,United Kingdom,2026-01-19,Affiliate
891,Tammy Black,user_891_ustafford@example.net,United States,2025-10-16,Email Campaign
892,Brittany Farrell,user_892_jbrown@example.org,India,2025-03-27,Social Media
893,John Martin,user_893_fgraham@example.org,United States,2025-09-07,Social Media
894,Michael Washington,user_894_urodriguez@example.org,Germany,2025-01-04,Paid Ads
895,Dalton Mitchell,user_895_karencarson@example.net,United Kingdom,2026-08-22,Social Media
896,Christy Bolton,user_896_foxashley@example.com,Canada,2024-11-28,Paid Ads
897,Jonathan Davis,user_897_anthony16@example.com,United Kingdom,2026-01-01,Paid Ads
898,Ashley Morris,user_898_millermariah@example.net,United Kingdom,2025-10-07,Organic Search
899,Tyler Wheeler,user_899_riverabradley@example.net,Germany,2025-09-16,Organic Search
900,Nicholas Navarro,user_900_jasonwilliams@example.net,India,2025-05-07,Affiliate
901,Anthony Jones,user_901_tammyglenn@example.org,Australia,2024-10-15,Affiliate
902,Carla Chan,user_902_deborah21@example.com,United States,2025-10-16,Social Media
903,Nancy Dorsey,user_903_michaeldavis@example.com,India,2025-11-02,Paid Ads
904,Jeremy Hughes,user_904_anna61@example.com,India,2026-06-21,Email Campaign
905,Cody Mccoy,user_905_williamsmatthew@example.com,United Kingdom,2026-03-09,Paid Ads
906,Michael Moore,user_906_prose@example.net,United Kingdom,2024-12-04,Affiliate
907,Jeffrey Solomon,user_907_ievans@example.net,United Kingdom,2025-05-21,Email Campaign
908,Kelly Phillips,user_908_arnoldsamantha@example.net,United States,2024-12-22,Email Campaign
909,Jennifer Marshall,user_909_michael91@example.net,Germany,2024-10-12,Paid Ads
910,Matthew White,user_910_meganwilliams@example.com,Canada,2026-08-11,Affiliate
911,Emily Ramsey,user_911_qhanson@example.com,Germany,2026-08-07,Email Campaign
912,Christine Miller,user_912_monica16@example.net,United Kingdom,2024-10-13,Affiliate
913,Bruce Jackson,user_913_zstevens@example.net,United Kingdom,2026-05-01,Social Media
914,Katelyn Montgomery,user_914_hannah64@example.org,Canada,2025-01-05,Paid Ads
915,Connor Cabrera,user_915_micheleclark@example.net,Germany,2025-01-20,Affiliate
916,Jessica Garrett,user_916_christophercarrillo@example.org,Canada,2025-10-03,Email Campaign
917,Bruce Barrera,user_917_emaynard@example.org,Germany,2026-07-29,Email Campaign
918,David Phillips,user_918_awilliams@example.org,India,2026-02-01,Affiliate
919,Jessica Perry,user_919_mmclaughlin@example.net,Canada,2025-12-04,Paid Ads
920,Mrs. Jennifer Palmer DDS,user_920_dhall@example.net,United Kingdom,2024-10-14,Affiliate
921,Ethan Brown,user_921_hsmall@example.com,United Kingdom,2026-01-26,Social Media
922,Hannah Terry,user_922_martinjessica@example.com,United States,2025-06-24,Email Campaign
923,Jordan Matthews,user_923_sandra72@example.com,Germany,2026-04-14,Affiliate
924,Toni Whitaker,user_924_laura29@example.org,United States,2025-05-07,Affiliate
925,Angelica Webb,user_925_jamesobrien@example.org,United States,2026-06-08,Social Media
926,Xavier Torres,user_926_angelakidd@example.com,United States,2026-08-15,Paid Ads
927,Michael Thompson,user_927_romanmatthew@example.org,Germany,2026-01-22,Email Campaign
928,Justin Tucker,user_928_kristen08@example.com,India,2026-08-27,Paid Ads
929,Michael Robertson,user_929_mccarthysara@example.com,Canada,2026-06-12,Organic Search
930,Ryan Rodriguez,user_930_harringtonchelsea@example.org,United Kingdom,2026-07-01,Email Campaign
931,Katie Jackson,user_931_pittsrhonda@example.org,Germany,2026-04-18,Organic Search
932,Jeremy Hunter,user_932_mooremichael@example.org,Canada,2025-01-03,Organic Search
933,Jessica Perry,user_933_sanchezlisa@example.com,Canada,2025-05-10,Affiliate
934,Angela Watson,user_934_qward@example.org,Germany,2025-01-25,Paid Ads
935,Kendra Cobb,user_935_lauriegutierrez@example.com,Canada,2026-08-28,Organic Search
936,Samuel Norton,user_936_sherry72@example.org,Germany,2026-04-10,Paid Ads
937,Terri Miller,user_937_richard26@example.org,United States,2025-08-01,Social Media
938,Mary May,user_938_levinetina@example.net,United States,2026-08-11,Social Media
939,Elizabeth Morales,user_939_jennifer55@example.org,United Kingdom,2026-07-04,Paid Ads
940,Joseph Knapp,user_940_ngriffin@example.net,United States,2026-01-27,Social Media
941,Marissa Terry,user_941_trowe@example.org,Canada,2024-10-28,Paid Ads
942,Jean Higgins,user_942_abigailfernandez@example.org,Australia,2024-12-11,Email Campaign
943,Emily Peterson,user_943_andrewzamora@example.net,Canada,2026-01-03,Affiliate
944,Ronnie Torres,user_944_hbenitez@example.net,United States,2024-11-15,Organic Search
945,Debbie Romero,user_945_williamsdebra@example.org,United States,2025-09-13,Social Media
946,Norman Chavez,user_946_lindazhang@example.net,United Kingdom,2026-04-08,Paid Ads
947,Lori Ferguson,user_947_michaelmitchell@example.net,India,2025-12-18,Affiliate
948,Michelle Stone,user_948_danielblack@example.org,India,2026-07-01,Email Campaign
949,Jordan Thomas,user_949_fpoole@example.org,United States,2024-11-17,Social Media
950,Carlos Lewis,user_950_woodalicia@example.net,United Kingdom,2025-12-08,Social Media
951,Jennifer Baker,user_951_cfields@example.net,United States,2025-10-15,Organic Search
952,Jennifer Martin,user_952_toddellis@example.net,United Kingdom,2025-11-02,Email Campaign
953,Bailey Lewis,user_953_kjohnson@example.net,Australia,2025-07-13,Affiliate
954,Barbara Phelps,user_954_martinezashley@example.org,Canada,2025-11-10,Organic Search
955,Jacob Ritter,user_955_kelly02@example.org,United States,2026-05-31,Email Campaign
956,Amber Shannon,user_956_jason70@example.org,India,2025-11-29,Affiliate
957,Seth Butler,user_957_ariel56@example.com,United States,2026-07-10,Affiliate
958,Lisa Gill,user_958_qgill@example.com,India,2025-01-23,Paid Ads
959,Erika Marsh,user_959_zhughes@example.com,Australia,2025-11-24,Paid Ads
960,Michael Ramos,user_960_debbie20@example.net,Germany,2026-02-01,Email Campaign
961,Michelle Hoffman,user_961_schneiderchristopher@example.net,United States,2025-11-24,Affiliate
962,Amy Hudson,user_962_karenshaw@example.org,Germany,2025-01-01,Paid Ads
963,Kim Rivers,user_963_kristin39@example.com,India,2024-12-04,Email Campaign
964,Lisa Morales,user_964_henrysarah@example.com,United Kingdom,2025-09-04,Organic Search
965,Alexander Rice,user_965_hscott@example.org,India,2025-11-24,Social Media
966,Charles Scott,user_966_moorestephanie@example.net,United States,2025-02-08,Affiliate
967,Tyrone White,user_967_evanscorey@example.org,India,2025-08-16,Affiliate
968,Deanna David,user_968_williamsjohn@example.net,India,2025-12-29,Affiliate
969,Jordan Gordon,user_969_adamslucas@example.net,United States,2025-08-12,Email Campaign
970,Allen Schultz,user_970_adamstabitha@example.net,Canada,2024-12-17,Organic Search
971,Justin Glover,user_971_ashley71@example.net,Australia,2025-10-23,Email Campaign
972,Walter Brooks,user_972_kimberlymedina@example.com,Germany,2025-12-05,Social Media
973,Aaron Marshall,user_973_denise20@example.org,Australia,2025-10-09,Organic Search
974,David Frazier,user_974_megan39@example.net,Germany,2025-05-06,Organic Search
975,Patrick Hart,user_975_christopher12@example.net,Germany,2025-12-06,Paid Ads
976,Dr. Christine Wagner PhD,user_976_cynthia74@example.org,Australia,2026-02-26,Organic Search
977,Mrs. Julia Greene,user_977_sloandennis@example.org,India,2026-01-15,Social Media
978,Steven Chambers,user_978_speters@example.net,United Kingdom,2025-10-14,Organic Search
979,Kimberly Cobb,user_979_ryanpatricia@example.net,Germany,2025-09-10,Affiliate
980,Heather Hess,user_980_paul01@example.com,Germany,2025-07-14,Paid Ads
981,Jill Walker,user_981_changerin@example.net,Australia,2025-07-04,Email Campaign
982,Robert Garrett,user_982_jimsnyder@example.com,Australia,2024-10-28,Email Campaign
983,Tanner Mann,user_983_adrianjoyce@example.net,Australia,2025-08-03,Paid Ads
984,Donald Mason,user_984_andreakeller@example.net,United Kingdom,2026-03-06,Organic Search
985,Krystal Jones,user_985_julieanderson@example.net,Australia,2026-07-26,Email Campaign
986,Joseph Casey,user_986_melaniejohnson@example.net,United States,2026-03-10,Social Media
987,Dawn Castro,user_987_bsmith@example.net,United Kingdom,2026-03-06,Organic Search
988,Amber Mcmillan,user_988_arichard@example.com,United Kingdom,2025-01-02,Organic Search
989,Julie Ward,user_989_stephensonjeffrey@example.com,Germany,2025-08-22,Social Media
990,Emily Myers,user_990_christopher90@example.net,India,2025-03-24,Email Campaign
991,Jessica Jones,user_991_jamesmurphy@example.org,India,2026-01-29,Email Campaign
992,Alyssa Reynolds,user_992_watkinsconnie@example.com,Germany,2026-07-14,Organic Search
993,Brian Allen,user_993_marissa58@example.org,Australia,2024-11-25,Paid Ads
994,Lisa Duran,user_994_friley@example.org,Germany,2024-10-25,Social Media
995,Steve Steele,user_995_bryanlang@example.org,United States,2025-05-22,Social Media
996,Jessica Garcia,user_996_hansenkenneth@example.com,Germany,2025-08-07,Organic Search
997,Paul Hall,user_997_chavezsteven@example.com,Germany,2026-08-14,Email Campaign
998,Ashley Curtis,user_998_gibsonmark@example.org,Canada,2024-12-22,Email Campaign
999,Kurt Jones,user_999_rebeccamartinez@example.net,Canada,2025-04-17,Social Media
1000,John Oliver,user_1000_johnrobles@example.org,United Kingdom,2025-01-07,Email Campaign
1001,Jeffrey Moyer,user_1001_larry82@example.org,Australia,2025-09-29,Email Campaign
1002,Grant Wood,user_1002_holmesdiane@example.org,Germany,2024-11-13,Affiliate
1003,Robert Hansen,user_1003_hendersonjames@example.org,Germany,2026-02-09,Organic Search
1004,Rachel Peterson,user_1004_dneal@example.net,Australia,2026-03-21,Email Campaign
1005,Kenneth Mccarty,user_1005_robert21@example.com,United States,2026-08-11,Email Campaign
1006,Amanda Robinson,user_1006_fowlerheather@example.com,India,2026-01-27,Paid Ads
1007,John Tate,user_1007_lindsay63@example.com,India,2025-02-20,Social Media
1008,Adriana Smith,user_1008_anthony12@example.com,Germany,2025-09-07,Organic Search
1009,Kevin Cannon,user_1009_hesterjames@example.com,United States,2025-02-12,Social Media
1010,Dennis Thompson,user_1010_gregorysmith@example.com,Australia,2024-12-17,Social Media
1011,Michael Gray,user_1011_morganjason@example.com,Germany,2025-04-04,Email Campaign
1012,Jaime Jackson,user_1012_ejohns@example.org,India,2025-01-20,Email Campaign
1013,Bianca Lopez,user_1013_ubenson@example.net,United Kingdom,2025-08-29,Email Campaign
1014,Dana Williams,user_1014_melissaphillips@example.org,Germany,2025-06-11,Email Campaign
1015,Mark Ramirez,user_1015_melissaschmitt@example.com,United States,2025-03-11,Social Media
1016,Rachel Gibbs,user_1016_jacksonpaul@example.net,India,2026-05-06,Email Campaign
1017,Kathleen Marshall,user_1017_jennifer87@example.net,Germany,2025-10-19,Organic Search
1018,Kevin Little,user_1018_clarkpatricia@example.com,United States,2026-08-01,Email Campaign
1019,Daniel Coleman,user_1019_xduncan@example.com,Germany,2025-12-01,Affiliate
1020,Paul Phillips,user_1020_jerry07@example.net,Australia,2026-01-25,Paid Ads
1021,Jerry Reynolds,user_1021_linda54@example.com,United States,2024-10-19,Paid Ads
1022,David Brewer,user_1022_rachel48@example.net,India,2025-11-28,Email Campaign
1023,Rachel House,user_1023_wilsonmichael@example.net,United States,2025-03-04,Paid Ads
1024,Michael Wright,user_1024_james92@example.net,United States,2026-04-27,Paid Ads
1025,Debbie Carrillo,user_1025_lynn66@example.net,Australia,2026-05-11,Social Media
1026,Kaitlyn Hunt,user_1026_michelleperez@example.net,Germany,2026-05-04,Email Campaign
1027,David Matthews,user_1027_dsharp@example.com,India,2026-06-07,Organic Search
1028,Ryan Patterson,user_1028_cclark@example.net,India,2024-10-23,Paid Ads
1029,Kenneth Anderson,user_1029_porterdonna@example.com,Australia,2025-06-20,Email Campaign
1030,Jeffery Goodwin,user_1030_mark09@example.org,Germany,2025-01-16,Social Media
1031,Troy Rivera,user_1031_nbaird@example.com,Canada,2024-11-18,Organic Search
1032,Chelsea Rodriguez,user_1032_tfowler@example.org,India,2025-02-10,Paid Ads
1033,Juan Johnson,user_1033_ocampbell@example.com,India,2026-02-24,Social Media
1034,Jordan Wood,user_1034_jacksonmichele@example.com,Canada,2025-07-30,Social Media
1035,Brian Herrera,user_1035_ypaul@example.org,Australia,2025-01-08,Social Media
1036,Emily Meyers,user_1036_kmoore@example.com,United Kingdom,2025-12-30,Organic Search
1037,Mitchell Stevens,user_1037_adrianthomas@example.org,United States,2026-07-02,Paid Ads
1038,Robert Fox,user_1038_kstevens@example.org,Canada,2026-04-25,Affiliate
1039,Matthew Ellison,user_1039_isabella46@example.net,Canada,2026-07-01,Affiliate
1040,Casey Wright,user_1040_qellis@example.org,United States,2026-03-26,Social Media
1041,Jennifer Bautista,user_1041_nicolemoore@example.net,Germany,2025-11-21,Email Campaign
1042,Thomas Wolfe,user_1042_reginajenkins@example.net,United Kingdom,2025-01-02,Affiliate
1043,Angela Garcia PhD,user_1043_robert24@example.org,Germany,2025-10-28,Email Campaign
1044,Alexander Fowler,user_1044_vjames@example.com,United Kingdom,2026-07-26,Organic Search
1045,Andrew King,user_1045_markgoodman@example.com,United Kingdom,2025-09-23,Organic Search
1046,Joshua Allen,user_1046_rtaylor@example.org,Canada,2025-02-09,Paid Ads
1047,Lisa Thompson,user_1047_nicholspeter@example.org,Australia,2026-03-05,Email Campaign
1048,Megan Hernandez,user_1048_gregory08@example.org,United States,2025-09-08,Social Media
1049,Sara Cain,user_1049_myerskyle@example.org,Australia,2026-01-07,Social Media
1050,Raymond Wang,user_1050_nicholasallen@example.org,Australia,2024-10-12,Organic Search
1051,William Rogers,user_1051_erinbrown@example.org,India,2026-06-10,Affiliate
1052,Mary Ramsey,user_1052_perrydaniel@example.com,Germany,2025-06-07,Social Media
1053,Chelsey Clark,user_1053_hmcmillan@example.org,United Kingdom,2025-03-15,Paid Ads
1054,Frank Smith,user_1054_alexander37@example.org,Germany,2024-11-20,Affiliate
1055,Diana Hanson,user_1055_jonesjeffery@example.com,United Kingdom,2026-05-19,Organic Search
1056,Victoria Garcia,user_1056_johnathandavis@example.com,United Kingdom,2026-02-02,Paid Ads
1057,Megan Compton,user_1057_martinreid@example.net,United Kingdom,2025-06-03,Email Campaign
1058,Mary Jones,user_1058_franklinbrenda@example.com,United States,2025-10-31,Social Media
1059,Crystal Matthews,user_1059_hallchristina@example.org,India,2025-05-27,Affiliate
1060,Jeffrey Sanchez,user_1060_brownnicholas@example.com,Germany,2025-03-05,Email Campaign
1061,Dan Johnson,user_1061_vstevenson@example.org,India,2025-05-04,Paid Ads
1062,Richard Williams,user_1062_swong@example.org,India,2025-03-26,Organic Search
1063,Erin Allen,user_1063_knoxelizabeth@example.org,United States,2026-06-14,Social Media
1064,Michelle Franklin,user_1064_lboyd@example.com,Canada,2026-02-01,Email Campaign
1065,Sergio Jones,user_1065_brettbraun@example.org,India,2025-01-05,Email Campaign
1066,Kevin Guerra,user_1066_joelmiller@example.net,Canada,2025-09-27,Affiliate
1067,Nathan Sanchez,user_1067_catherineturner@example.net,United States,2025-09-13,Paid Ads
1068,Christina Huffman,user_1068_xmiller@example.com,Germany,2025-07-20,Organic Search
1069,Jeremy Wagner,user_1069_ywolf@example.com,Canada,2024-10-15,Email Campaign
1070,Jessica Miller,user_1070_brooke28@example.net,Australia,2025-02-13,Affiliate
1071,John Chavez,user_1071_ehart@example.org,Germany,2025-06-15,Paid Ads
1072,John Moore,user_1072_adamhensley@example.net,India,2026-04-16,Affiliate
1073,Jared Perry,user_1073_xwaller@example.com,United Kingdom,2025-10-15,Paid Ads
1074,William Jones,user_1074_riddledavid@example.net,Canada,2025-02-03,Affiliate
1075,Jeffrey Scott,user_1075_william75@example.net,United States,2024-11-13,Organic Search
1076,Tammy Fitzgerald,user_1076_timdorsey@example.com,India,2026-02-02,Paid Ads
1077,Alyssa Wade,user_1077_josegibson@example.net,Germany,2025-01-22,Paid Ads
1078,Lance Lynn,user_1078_alexanderwise@example.net,United Kingdom,2026-04-05,Social Media
1079,Jennifer Willis,user_1079_stonejacob@example.com,Australia,2025-02-05,Paid Ads
1080,Dawn Turner,user_1080_uwillis@example.com,Germany,2026-05-07,Affiliate
1081,Monica Davis,user_1081_lisa43@example.net,Germany,2025-08-05,Organic Search
1082,Abigail Jackson,user_1082_esmith@example.net,Germany,2025-08-20,Paid Ads
1083,Mary Quinn,user_1083_gregorylopez@example.org,Australia,2025-03-02,Affiliate
1084,Mr. Brian Bradley,user_1084_jacobbrown@example.org,Germany,2026-06-20,Paid Ads
1085,Deanna Barrera,user_1085_nalexander@example.org,Australia,2026-08-05,Social Media
1086,Angela Miller,user_1086_hillmatthew@example.net,India,2025-03-31,Affiliate
1087,Michael Garcia,user_1087_adamsstephanie@example.net,United States,2025-12-26,Affiliate
1088,Amanda Clark,user_1088_bennettabigail@example.com,Australia,2025-10-12,Paid Ads
1089,George Jordan,user_1089_evelyn55@example.org,India,2025-07-07,Affiliate
1090,Jamie Brown,user_1090_morgan10@example.com,United Kingdom,2026-08-07,Paid Ads
1091,Molly Barron,user_1091_anthonymartinez@example.net,Australia,2025-05-05,Affiliate
1092,Nicole Wright,user_1092_qmontgomery@example.com,Australia,2025-11-03,Affiliate
1093,Cole Andersen,user_1093_allen50@example.net,Germany,2025-06-09,Affiliate
1094,Cynthia Washington,user_1094_baileysheila@example.com,United States,2026-02-23,Organic Search
1095,Susan Navarro,user_1095_catherine28@example.net,United States,2026-06-01,Organic Search
1096,Kathy Anderson,user_1096_turneremily@example.net,Australia,2026-08-10,Affiliate
1097,Steven Friedman,user_1097_pbates@example.org,Germany,2025-03-13,Paid Ads
1098,Tony Graves,user_1098_grahamjennifer@example.org,India,2025-06-10,Email Campaign
1099,Pamela Robinson,user_1099_elizabeth12@example.net,India,2026-02-04,Organic Search
1100,Ann Holt,user_1100_sarahmiranda@example.net,Canada,2024-11-19,Affiliate
1101,Jamie Love,user_1101_yvaldez@example.net,Germany,2026-07-26,Social Media
1102,David Green,user_1102_christopher15@example.net,Canada,2026-01-02,Paid Ads
1103,Natasha Wilson,user_1103_david56@example.net,Australia,2026-04-25,Email Campaign
1104,Antonio Nichols,user_1104_uwhitney@example.com,Germany,2026-06-11,Email Campaign
1105,Rebecca Meyer,user_1105_danielsmith@example.com,United States,2025-06-02,Organic Search
1106,Tommy Hood,user_1106_jfrazier@example.net,United Kingdom,2025-05-08,Email Campaign
1107,Maurice Solis,user_1107_georgekyle@example.net,Canada,2025-01-03,Email Campaign
1108,Ryan Berry,user_1108_troypadilla@example.com,Canada,2024-11-14,Paid Ads
1109,Mrs. Samantha Clark,user_1109_isabellawilliams@example.org,Germany,2026-07-27,Affiliate
1110,Mr. William Hopkins,user_1110_vickiekelley@example.com,United Kingdom,2025-08-24,Social Media
1111,Wanda Todd,user_1111_ujones@example.com,Australia,2025-05-07,Social Media
1112,Chloe Chase,user_1112_hornjenna@example.com,Australia,2026-02-20,Social Media
1113,Chad Dominguez,user_1113_phyllis33@example.net,Canada,2025-02-28,Paid Ads
1114,Alexa Barber,user_1114_gregoryvanessa@example.org,Germany,2025-07-19,Affiliate
1115,Jessica Skinner,user_1115_davisterri@example.org,India,2024-11-09,Organic Search
1116,Jose Morgan,user_1116_obooker@example.net,Germany,2025-08-09,Paid Ads
1117,Bryan Sanders,user_1117_hailey26@example.net,Canada,2026-06-09,Organic Search
1118,Ann Ford,user_1118_phill@example.com,Germany,2025-07-12,Email Campaign
1119,Bruce Martinez,user_1119_andrewberry@example.net,United Kingdom,2025-10-07,Paid Ads
1120,Patrick Bauer,user_1120_patrickcooke@example.net,United States,2025-09-01,Organic Search
1121,Calvin Nguyen,user_1121_richardhaynes@example.com,Germany,2025-12-05,Email Campaign
1122,Rachel Moreno,user_1122_stonebrenda@example.net,India,2026-06-28,Email Campaign
1123,Becky Mullins,user_1123_whitecarol@example.org,United Kingdom,2024-10-04,Paid Ads
1124,Rebecca Martinez,user_1124_baileydelgado@example.org,Germany,2025-12-10,Affiliate
1125,Paul Miller,user_1125_huntermichael@example.net,Australia,2025-02-10,Social Media
1126,Tony Smith,user_1126_brandon84@example.net,United Kingdom,2025-11-18,Paid Ads
1127,Kenneth Neal,user_1127_catherine83@example.net,Canada,2024-12-15,Affiliate
1128,Amanda Johnson,user_1128_kevinwall@example.org,Canada,2026-01-10,Email Campaign
1129,Leslie Ramirez,user_1129_qjones@example.com,Germany,2025-07-23,Email Campaign
1130,Carla Bryant,user_1130_erica28@example.org,United States,2024-11-23,Organic Search
1131,Debra Schultz,user_1131_jenniferelliott@example.net,Canada,2026-06-29,Affiliate
1132,Carly Underwood,user_1132_victoria66@example.org,Canada,2026-01-11,Paid Ads
1133,Devin Schmidt,user_1133_ojones@example.org,United Kingdom,2025-07-08,Affiliate
1134,Paula Thomas,user_1134_joshuagarcia@example.org,Germany,2025-07-21,Organic Search
1135,Rachel Martinez,user_1135_brianna71@example.net,United States,2025-06-27,Social Media
1136,Sharon Arnold,user_1136_mosleygeorge@example.com,Canada,2025-02-17,Affiliate
1137,Patrick Faulkner,user_1137_iwoods@example.com,Australia,2024-10-07,Email Campaign
1138,Michelle Sandoval,user_1138_nicholasmoss@example.org,Germany,2026-04-16,Affiliate
1139,Jacqueline Waters,user_1139_lmann@example.com,United States,2025-07-01,Organic Search
1140,Kathryn Hill,user_1140_tmeyer@example.org,Canada,2025-05-25,Paid Ads
1141,Angie Torres,user_1141_megan11@example.net,Germany,2025-04-04,Social Media
1142,Carmen Brown,user_1142_angela70@example.com,Canada,2026-03-09,Social Media
1143,Monica Castillo,user_1143_sullivanchristina@example.net,United States,2024-10-05,Email Campaign
1144,Michele Brady,user_1144_virginiaguerrero@example.net,United States,2026-03-15,Affiliate
1145,Lisa Oconnell,user_1145_gregoryrichardson@example.org,India,2025-11-02,Paid Ads
1146,Anthony Simpson,user_1146_nathanielwilson@example.net,Germany,2025-04-11,Affiliate
1147,Sarah Hodge,user_1147_kevin44@example.org,Germany,2024-10-01,Organic Search
1148,Laura Robinson,user_1148_sarah80@example.com,Canada,2026-08-24,Affiliate
1149,Katherine Kelly,user_1149_wmurphy@example.org,Canada,2024-10-04,Affiliate
1150,Nathan Morales,user_1150_garciatravis@example.org,Germany,2025-11-14,Affiliate
1151,Brittany Martinez,user_1151_xsmith@example.net,Australia,2025-04-12,Affiliate
1152,James Evans,user_1152_imcclain@example.com,United States,2024-12-23,Paid Ads
1153,Mary Gonzales MD,user_1153_tsmith@example.org,United States,2024-12-24,Email Campaign
1154,Andrew Foster,user_1154_rachel23@example.com,Germany,2026-02-28,Social Media
1155,Mrs. Katherine Simpson,user_1155_markduran@example.com,India,2025-10-24,Social Media
1156,Natalie Petersen,user_1156_danielrodriguez@example.org,United Kingdom,2025-01-05,Paid Ads
1157,Jonathan Saunders,user_1157_brettgallegos@example.com,India,2026-01-06,Affiliate
1158,Jessica Roberts,user_1158_bmiller@example.org,Canada,2026-01-22,Affiliate
1159,Jorge Wright,user_1159_linvirginia@example.org,United States,2026-03-01,Organic Search
1160,Christina Mccarthy,user_1160_hayneswayne@example.org,United States,2025-02-23,Paid Ads
1161,Leslie Walters MD,user_1161_richardhill@example.org,Australia,2025-01-21,Social Media
1162,Luis Davis,user_1162_jamesalicia@example.net,Canada,2026-02-03,Affiliate
1163,Courtney Simmons,user_1163_hicksdawn@example.com,Canada,2024-12-24,Paid Ads
1164,Douglas Bell,user_1164_dwright@example.org,India,2024-10-31,Affiliate
1165,Matthew Morris,user_1165_thomas91@example.com,United Kingdom,2025-02-20,Social Media
1166,John Cook,user_1166_davisalexander@example.net,India,2026-05-21,Social Media
1167,Erin Figueroa,user_1167_julia98@example.net,United Kingdom,2025-07-15,Email Campaign
1168,Donald Silva,user_1168_eatondavid@example.net,India,2026-01-10,Social Media
1169,Kevin Barr,user_1169_jamesgriffin@example.org,India,2024-11-27,Social Media
1170,Lisa Turner,user_1170_mmayo@example.net,India,2026-04-12,Affiliate
1171,Carl Barnes,user_1171_patricia85@example.com,India,2025-09-13,Email Campaign
1172,Autumn Graham,user_1172_gbarnes@example.org,Australia,2025-02-06,Affiliate
1173,Melissa Anderson,user_1173_sosabruce@example.net,Germany,2025-02-24,Email Campaign
1174,Jennifer Cohen,user_1174_martinkaren@example.com,United States,2025-12-10,Social Media
1175,Jennifer Nelson,user_1175_adamarmstrong@example.net,Germany,2026-03-25,Organic Search
1176,Timothy Hunt,user_1176_kevin34@example.net,Canada,2025-04-26,Affiliate
1177,Carolyn Williams,user_1177_kellybowman@example.com,Germany,2025-01-11,Organic Search
1178,Richard Day,user_1178_veronicaclark@example.org,India,2024-10-01,Email Campaign
1179,Mackenzie Compton,user_1179_christopher84@example.net,Germany,2025-01-11,Affiliate
1180,Logan Nguyen,user_1180_garrettalex@example.com,India,2025-03-19,Paid Ads
1181,Diana Scott,user_1181_medinatiffany@example.net,Australia,2024-12-21,Organic Search
1182,Melissa Bautista,user_1182_molly98@example.org,India,2026-06-26,Email Campaign
1183,Frederick Harris,user_1183_omoore@example.net,United Kingdom,2026-04-17,Affiliate
1184,Charles Mendoza,user_1184_lwhite@example.org,Australia,2025-02-23,Affiliate
1185,Terri White,user_1185_andrew22@example.com,Canada,2026-03-17,Paid Ads
1186,Andrea Jones,user_1186_spencerbrewer@example.com,Australia,2024-12-16,Paid Ads
1187,Breanna Christensen,user_1187_morrisonnicholas@example.org,United States,2024-12-24,Affiliate
1188,Pamela Newman,user_1188_andersonkayla@example.com,Australia,2025-01-18,Organic Search
1189,Linda Sparks,user_1189_rosariodaniel@example.net,United Kingdom,2026-06-27,Organic Search
1190,Michael Harris,user_1190_cmalone@example.org,Canada,2025-05-26,Social Media
1191,Christopher Brown,user_1191_courtney10@example.org,Canada,2024-12-18,Paid Ads
1192,Ashley Tanner,user_1192_othomas@example.org,Canada,2025-03-25,Paid Ads
1193,Charles Rios,user_1193_sandracohen@example.net,Canada,2026-08-17,Affiliate
1194,Stephanie Vasquez,user_1194_walkerstephanie@example.com,India,2025-07-04,Email Campaign
1195,Gene Ward,user_1195_huangcassandra@example.org,Australia,2025-08-28,Organic Search
1196,Linda Shelton,user_1196_patriciamcdaniel@example.net,Australia,2026-06-27,Paid Ads
1197,Shawn Nelson,user_1197_qstanley@example.net,India,2026-06-12,Paid Ads
1198,Aaron Fitzpatrick,user_1198_kimberlythomas@example.org,India,2025-07-30,Social Media
1199,Robert Bray,user_1199_wilsonronald@example.net,Australia,2025-05-04,Email Campaign
1200,Frank Anderson,user_1200_fgomez@example.com,India,2025-10-08,Email Campaign
1201,Jennifer Leon,user_1201_devon36@example.com,Germany,2025-11-30,Paid Ads
1202,Joseph Patel PhD,user_1202_tmiller@example.com,Canada,2025-11-13,Affiliate
1203,Melissa Goodman,user_1203_youngaaron@example.org,Germany,2025-07-08,Affiliate
1204,Tina Mccall,user_1204_pruittmichael@example.org,Germany,2025-05-16,Social Media
1205,Russell Arnold,user_1205_osanchez@example.org,India,2026-05-03,Email Campaign
1206,Victor Padilla,user_1206_squinn@example.com,United Kingdom,2025-07-15,Paid Ads
1207,Brian Perkins,user_1207_kmonroe@example.org,Germany,2025-01-22,Affiliate
1208,Bob Jones,user_1208_lhernandez@example.com,Germany,2026-04-30,Paid Ads
1209,Joseph Rush,user_1209_vjenkins@example.com,Germany,2026-05-29,Social Media
1210,Alexis Rodriguez,user_1210_ibarraantonio@example.org,Australia,2025-10-25,Paid Ads
1211,James Henderson,user_1211_qspencer@example.net,Australia,2025-10-24,Email Campaign
1212,Darren Huynh,user_1212_teresa86@example.org,Germany,2026-04-30,Email Campaign
1213,Manuel Robinson,user_1213_lynndaugherty@example.net,Germany,2026-07-15,Affiliate
1214,Michael Woods,user_1214_kwilcox@example.org,Australia,2026-06-15,Social Media
1215,Jeff Nelson,user_1215_millercarrie@example.com,Germany,2024-10-21,Organic Search
1216,Christopher Rodriguez,user_1216_carlaavila@example.com,India,2025-02-22,Affiliate
1217,Margaret Johnson,user_1217_christopher99@example.org,Canada,2025-12-11,Email Campaign
1218,Mrs. Amber Davis,user_1218_alan54@example.com,Germany,2025-10-23,Paid Ads
1219,Paul Swanson,user_1219_jacquelinedavis@example.com,Germany,2026-08-27,Organic Search
1220,Ashlee Aguirre,user_1220_andrewflynn@example.com,Germany,2025-12-29,Organic Search
1221,Amanda Martin,user_1221_omiller@example.org,Germany,2026-04-11,Email Campaign
1222,Daniel Maldonado,user_1222_kaylamartin@example.net,Australia,2025-11-05,Social Media
1223,Lisa Mills PhD,user_1223_vfloyd@example.com,Australia,2025-07-06,Email Campaign
1224,Teresa Williams,user_1224_nallen@example.net,United Kingdom,2024-11-27,Paid Ads
1225,Latasha Gamble,user_1225_ballarddouglas@example.com,India,2025-11-28,Social Media
1226,Rebecca Jacobson,user_1226_udavis@example.org,India,2025-05-17,Social Media
1227,Douglas Cox,user_1227_jonesjennifer@example.com,United Kingdom,2025-04-18,Organic Search
1228,Dr. Pamela Ramos,user_1228_shelbybonilla@example.com,India,2024-10-30,Affiliate
1229,Dustin Ortiz,user_1229_scotthunt@example.net,United Kingdom,2025-05-31,Paid Ads
1230,Michael Hunter,user_1230_natalie09@example.net,United States,2024-11-13,Affiliate
1231,Danielle Nicholson,user_1231_mooredaniel@example.com,United Kingdom,2025-01-30,Paid Ads
1232,Sarah Walker,user_1232_wcaldwell@example.com,United States,2025-09-28,Organic Search
1233,Stephanie Marshall,user_1233_whitedaniel@example.com,Canada,2026-05-19,Social Media
1234,James Brown,user_1234_wendy73@example.net,Australia,2026-04-28,Email Campaign
1235,Donald Johnson,user_1235_stacythomas@example.org,United States,2025-06-05,Paid Ads
1236,Victoria Schroeder,user_1236_mayermichael@example.com,United States,2025-10-02,Affiliate
1237,Daniel Johnson,user_1237_onelson@example.org,United Kingdom,2024-12-03,Email Campaign
1238,Donald Miller,user_1238_hsavage@example.org,Australia,2026-03-04,Email Campaign
1239,Cathy Brown,user_1239_wpeterson@example.com,Canada,2025-02-04,Paid Ads
1240,Tom Olson,user_1240_tammykim@example.net,Germany,2025-12-16,Social Media
1241,Adam Logan,user_1241_christiancontreras@example.net,Germany,2025-01-20,Organic Search
1242,William Mcmillan,user_1242_alexis72@example.com,United States,2026-08-02,Affiliate
1243,Ricky Craig,user_1243_abigail07@example.org,United Kingdom,2026-02-04,Affiliate
1244,Wayne Davis,user_1244_julielopez@example.net,Australia,2025-11-28,Organic Search
1245,Lindsay Robinson,user_1245_stephaniebonilla@example.net,United Kingdom,2024-10-11,Email Campaign
1246,Jack Turner,user_1246_wayne17@example.net,United Kingdom,2025-09-19,Organic Search
1247,Guy Clayton,user_1247_wmills@example.com,Canada,2024-12-27,Email Campaign
1248,Judy Brooks,user_1248_amyjames@example.net,United Kingdom,2026-03-18,Social Media
1249,Madison Park,user_1249_cowanlinda@example.org,United States,2024-12-08,Organic Search
1250,Lisa Jenkins,user_1250_nbrady@example.net,Germany,2024-12-16,Affiliate
1251,Kathy Shaffer,user_1251_melissa33@example.com,India,2025-12-02,Organic Search
1252,Craig Harrison,user_1252_belllaura@example.com,Germany,2025-08-16,Social Media
1253,Maria Mueller,user_1253_xsmith@example.org,Canada,2025-10-29,Affiliate
1254,Shawn Baker,user_1254_anunez@example.com,India,2024-10-25,Email Campaign
1255,Christian Brooks,user_1255_matthew96@example.org,United Kingdom,2025-12-05,Affiliate
1256,Cheryl Newman,user_1256_solisbecky@example.org,Canada,2026-02-06,Social Media
1257,Nicholas Powell,user_1257_zachary63@example.org,United Kingdom,2026-04-04,Organic Search
1258,Kathy Welch,user_1258_ocameron@example.com,Germany,2026-07-12,Paid Ads
1259,Tiffany Harris,user_1259_johnsonalexander@example.net,Australia,2025-01-26,Email Campaign
1260,Michael Knapp,user_1260_armstronganthony@example.net,Australia,2025-01-09,Social Media
1261,Miss Paula Lopez,user_1261_kennethnichols@example.org,Australia,2026-04-17,Paid Ads
1262,Rachel Townsend,user_1262_hillsavannah@example.net,United States,2024-10-17,Social Media
1263,Lauren Garcia,user_1263_hho@example.org,Germany,2025-01-18,Affiliate
1264,Steven Davis,user_1264_nkirk@example.com,Australia,2024-12-17,Paid Ads
1265,Alex Jones DVM,user_1265_clarkrobert@example.com,United Kingdom,2026-02-04,Affiliate
1266,Rhonda White,user_1266_bergerdonna@example.net,Australia,2026-01-14,Email Campaign
1267,Autumn Cooper,user_1267_timothy99@example.net,Canada,2024-10-03,Affiliate
1268,Patrick House,user_1268_catherineherrera@example.net,Germany,2025-11-01,Organic Search
1269,Cindy Diaz,user_1269_anthonytaylor@example.org,Canada,2026-04-18,Organic Search
1270,Beth Hill,user_1270_stephaniebailey@example.net,United Kingdom,2026-02-18,Paid Ads
1271,Patrick Simpson,user_1271_qnielsen@example.org,Canada,2025-03-02,Social Media
1272,Stacy Campbell,user_1272_ygarcia@example.net,United Kingdom,2025-05-30,Organic Search
1273,Daniel Bowen,user_1273_bandrade@example.net,Germany,2026-05-03,Email Campaign
1274,Fernando Rodriguez,user_1274_kpatterson@example.com,United Kingdom,2025-07-17,Email Campaign
1275,Sabrina Cole,user_1275_rubiojohnny@example.com,Germany,2025-05-15,Social Media
1276,Sherry Clements,user_1276_raymond12@example.com,Germany,2025-08-29,Affiliate
1277,Heather Jones,user_1277_nathan51@example.org,Australia,2025-06-04,Affiliate
1278,Michelle Lewis,user_1278_rachel81@example.com,United States,2025-05-08,Social Media
1279,Kelsey Garcia,user_1279_jennifer19@example.net,Australia,2025-08-23,Social Media
1280,Jessica Li,user_1280_jameslang@example.com,Australia,2024-11-05,Paid Ads
1281,Jennifer Martinez MD,user_1281_brittany39@example.org,United States,2025-05-09,Organic Search
1282,Richard Johnston,user_1282_buckjustin@example.com,Canada,2024-10-28,Social Media
1283,Tamara Williams,user_1283_jonescody@example.com,United Kingdom,2026-04-14,Email Campaign
1284,Evan Reed,user_1284_hawkinslawrence@example.net,Australia,2024-11-05,Affiliate
1285,Michael Gibson,user_1285_cameronsharon@example.org,Australia,2024-10-22,Social Media
1286,Roger Taylor,user_1286_michelle63@example.org,Australia,2024-12-07,Organic Search
1287,Steven Wood,user_1287_villamiranda@example.com,Australia,2026-08-17,Social Media
1288,Ashley Valentine,user_1288_bakerhailey@example.com,Germany,2025-04-27,Affiliate
1289,Tammy Silva,user_1289_martinezmichelle@example.net,United Kingdom,2026-08-20,Paid Ads
1290,Stephanie Walsh,user_1290_boydjohn@example.com,United Kingdom,2026-02-25,Email Campaign
1291,Douglas Barton MD,user_1291_bakerkenneth@example.org,United Kingdom,2025-07-01,Email Campaign
1292,Shelley Keller,user_1292_heatherjones@example.com,Australia,2024-11-15,Affiliate
1293,Michael Mcdonald,user_1293_glopez@example.com,Germany,2025-03-11,Email Campaign
1294,Pam Palmer,user_1294_kathleen47@example.net,Australia,2025-01-27,Affiliate
1295,Ashley Anderson,user_1295_paul79@example.net,Canada,2025-03-06,Affiliate
1296,Chelsea Ramirez,user_1296_ginalynn@example.net,Australia,2026-02-15,Paid Ads
1297,Joel Rodriguez,user_1297_allenpatricia@example.org,United Kingdom,2025-04-25,Affiliate
1298,Matthew Chavez,user_1298_david81@example.com,United States,2025-08-31,Affiliate
1299,James Jordan,user_1299_brian45@example.org,Canada,2024-11-07,Affiliate
1300,Monique Henderson,user_1300_jaime29@example.com,Australia,2025-11-15,Social Media
1301,Kelly Rodriguez,user_1301_lucassusan@example.org,United States,2024-12-28,Affiliate
1302,Andrew Adams,user_1302_pateljoshua@example.net,United States,2026-03-27,Organic Search
1303,Jenna Garcia,user_1303_tyler23@example.com,India,2026-02-06,Affiliate
1304,Kyle Gross,user_1304_lopezrebecca@example.net,United Kingdom,2025-10-05,Affiliate
1305,Sarah Watts,user_1305_lesliejones@example.org,India,2025-06-14,Paid Ads
1306,Brenda Smith,user_1306_bpatterson@example.org,United Kingdom,2025-04-22,Social Media
1307,Carolyn Wolf,user_1307_wheelertara@example.net,India,2024-09-30,Email Campaign
1308,David Rodriguez PhD,user_1308_mary88@example.org,United States,2026-05-09,Paid Ads
1309,Brandon Torres,user_1309_shaun58@example.com,Australia,2026-02-27,Affiliate
1310,Mr. Adam Gomez,user_1310_patricia97@example.org,Canada,2025-04-27,Organic Search
1311,Monica Smith,user_1311_qchase@example.org,India,2025-07-04,Email Campaign
1312,Mr. Patrick Mcpherson MD,user_1312_leestephanie@example.net,United States,2024-12-22,Email Campaign
1313,Sherry Shelton,user_1313_harcher@example.org,United Kingdom,2025-04-24,Affiliate
1314,Hannah Rivera,user_1314_rlandry@example.com,Canada,2025-02-25,Email Campaign
1315,Joseph Cooper,user_1315_hamiltonspencer@example.com,India,2025-05-12,Organic Search
1316,Adam Ho,user_1316_stevenhernandez@example.com,India,2026-01-27,Email Campaign
1317,Carla Tucker,user_1317_marshalexis@example.org,Australia,2025-03-17,Social Media
1318,Kevin Brown,user_1318_adam50@example.org,Australia,2025-04-13,Organic Search
1319,Shawn Glover,user_1319_stephaniereeves@example.org,Canada,2026-04-22,Social Media
1320,Kevin Miller,user_1320_antoniofitzpatrick@example.org,United States,2026-06-22,Paid Ads
1321,Jasmine Ross,user_1321_orozcosamantha@example.net,India,2025-05-29,Organic Search
1322,Jeffrey Liu,user_1322_feliciagonzalez@example.org,United States,2025-08-19,Email Campaign
1323,Elizabeth Miller,user_1323_ygardner@example.com,Germany,2024-12-13,Organic Search
1324,Jeremy Edwards,user_1324_taylor67@example.com,India,2025-08-14,Organic Search
1325,Thomas Johnson,user_1325_idavis@example.net,United States,2025-05-22,Email Campaign
1326,Lauren Watson,user_1326_brian62@example.com,United States,2026-03-04,Social Media
1327,Robert Golden,user_1327_fcombs@example.org,Canada,2025-04-27,Paid Ads
1328,Marie Cook,user_1328_shortariana@example.net,United Kingdom,2025-06-14,Email Campaign
1329,Barbara Richards,user_1329_mileszachary@example.net,Germany,2026-04-28,Email Campaign
1330,Brandy Jacobson,user_1330_kevincollins@example.org,Canada,2026-06-17,Email Campaign
1331,Mr. Brian Smith,user_1331_meyerjohn@example.org,Canada,2025-10-02,Organic Search
1332,Jonathan Myers,user_1332_evanstimothy@example.org,Australia,2026-06-29,Affiliate
1333,Ryan Green,user_1333_nvillarreal@example.org,United Kingdom,2025-08-31,Social Media
1334,Alex Thomas,user_1334_georgeharmon@example.net,United States,2025-03-04,Paid Ads
1335,Dylan Contreras,user_1335_rrichardson@example.com,India,2025-07-26,Email Campaign
1336,Ashley Butler,user_1336_shernandez@example.com,India,2025-01-01,Paid Ads
1337,Alexandra Turner,user_1337_wwilliams@example.org,Australia,2025-09-28,Paid Ads
1338,Judy Smith,user_1338_michaelfoley@example.net,United States,2025-03-12,Organic Search
1339,Michael Myers,user_1339_thompsonedward@example.net,Germany,2026-04-11,Email Campaign
1340,Julia Trevino,user_1340_joshuafarmer@example.com,Australia,2025-08-01,Affiliate
1341,Ryan Webb,user_1341_lobrien@example.net,Canada,2026-04-03,Affiliate
1342,Patricia Fox,user_1342_heidichapman@example.net,Canada,2025-06-27,Paid Ads
1343,Sandra Jones,user_1343_christianerik@example.org,United Kingdom,2026-02-28,Email Campaign
1344,Timothy Alvarez,user_1344_tinastokes@example.net,Germany,2026-06-09,Paid Ads
1345,Steven Thompson,user_1345_acampos@example.org,Germany,2024-11-17,Paid Ads
1346,Ashley Bradford,user_1346_alexandernicholas@example.net,Australia,2026-07-14,Organic Search
1347,Christopher Rodriguez,user_1347_ogray@example.net,United States,2025-12-06,Email Campaign
1348,David Kim,user_1348_jeremiah26@example.net,India,2026-06-20,Organic Search
1349,Angelica Johnson,user_1349_harrislisa@example.org,United Kingdom,2025-07-06,Paid Ads
1350,Laura Lin,user_1350_jacob87@example.org,United States,2026-07-08,Organic Search
1351,Ronald Mason,user_1351_christine82@example.org,India,2025-09-05,Organic Search
1352,James Jones,user_1352_martinezzachary@example.org,Canada,2024-12-30,Affiliate
1353,Mr. Joshua Johnson PhD,user_1353_sandra46@example.net,Australia,2025-07-04,Organic Search
1354,Seth Donaldson,user_1354_fergusonjohn@example.net,United Kingdom,2026-01-17,Organic Search
1355,Jennifer Brown,user_1355_aguilarsharon@example.com,Canada,2026-02-19,Email Campaign
1356,George Green,user_1356_pamela02@example.org,United Kingdom,2025-11-28,Affiliate
1357,Erin Todd,user_1357_youngcharles@example.net,United Kingdom,2026-01-16,Organic Search
1358,Pamela Johnson,user_1358_dodsoncarly@example.net,United Kingdom,2024-12-01,Affiliate
1359,Karen Anderson,user_1359_garciatyler@example.org,Germany,2026-02-17,Paid Ads
1360,John Harrington,user_1360_andrewbrown@example.org,Australia,2025-11-18,Affiliate
1361,Jamie Sutton,user_1361_tranbrett@example.com,Germany,2026-03-24,Affiliate
1362,Michael Dunn,user_1362_kimpenny@example.com,India,2025-06-30,Social Media
1363,Jeffrey Brown,user_1363_christophersmith@example.com,United Kingdom,2026-05-03,Social Media
1364,Rhonda Herrera,user_1364_ritteralexis@example.net,United Kingdom,2025-04-12,Affiliate
1365,Angela Martinez,user_1365_justinedwards@example.net,United Kingdom,2026-02-20,Email Campaign
1366,Yolanda Anderson,user_1366_hmendoza@example.net,Germany,2024-11-28,Social Media
1367,Todd Harris,user_1367_priscilla37@example.net,United States,2025-05-23,Affiliate
1368,Penny Carter,user_1368_alisonadams@example.net,India,2025-11-24,Paid Ads
1369,Amy Mccullough,user_1369_nramirez@example.org,Australia,2026-07-15,Email Campaign
1370,Crystal Harmon,user_1370_davidhardy@example.org,India,2024-10-27,Email Campaign
1371,Melissa Santos,user_1371_bbenton@example.com,United States,2026-07-11,Social Media
1372,Donald Cruz,user_1372_brownmelissa@example.com,Australia,2025-10-19,Email Campaign
1373,James Wallace,user_1373_jamielopez@example.com,India,2025-11-17,Social Media
1374,Eric Weaver,user_1374_sharon95@example.com,Australia,2026-06-21,Email Campaign
1375,Claire Johnson,user_1375_yglenn@example.net,Canada,2026-04-24,Paid Ads
1376,Renee Tran,user_1376_michele87@example.com,Germany,2025-12-18,Email Campaign
1377,Patricia Green,user_1377_pmcdonald@example.org,United Kingdom,2024-10-11,Affiliate
1378,Michael Hill,user_1378_kelseyphillips@example.net,Canada,2025-08-02,Paid Ads
1379,Donald Adams,user_1379_kimberly90@example.org,United Kingdom,2025-05-26,Social Media
1380,Erica Baker,user_1380_scottsmith@example.org,Australia,2025-09-27,Paid Ads
1381,Ian Little,user_1381_rickyriley@example.org,Canada,2025-05-02,Organic Search
1382,Kristen Ashley,user_1382_xwhite@example.com,India,2025-04-19,Email Campaign
1383,Bethany Mccoy,user_1383_monicadouglas@example.org,Canada,2024-12-27,Affiliate
1384,Cathy Hunter,user_1384_criley@example.net,India,2026-04-10,Paid Ads
1385,Trevor Braun,user_1385_allen58@example.net,Canada,2024-11-03,Paid Ads
1386,Hannah Jones,user_1386_ewilson@example.org,Germany,2025-03-07,Paid Ads
1387,Jacob Carson,user_1387_bjones@example.com,Germany,2025-01-19,Organic Search
1388,Lawrence Ward,user_1388_xmerritt@example.com,Canada,2025-05-16,Social Media
1389,Caitlin Williams,user_1389_rhondajohnson@example.net,United States,2025-03-13,Affiliate
1390,Kayla Norman,user_1390_shelby69@example.org,Australia,2026-02-22,Paid Ads
1391,Jane Cuevas,user_1391_friedmansusan@example.org,United States,2025-12-13,Social Media
1392,Laura Kelley,user_1392_hryan@example.net,Canada,2026-06-11,Affiliate
1393,John Warren,user_1393_mstewart@example.net,India,2025-05-15,Organic Search
1394,Erin Lloyd,user_1394_jerry51@example.net,United States,2025-04-05,Paid Ads
1395,Tyler Ortiz,user_1395_bellwilliam@example.com,India,2026-02-19,Affiliate
1396,Mr. Richard Hall,user_1396_sarasanchez@example.com,United Kingdom,2026-03-07,Email Campaign
1397,Brenda Green,user_1397_matthew11@example.com,United Kingdom,2025-08-23,Social Media
1398,Brittany Snyder,user_1398_rachelwalter@example.org,Germany,2025-02-06,Organic Search
1399,Dennis Spencer,user_1399_inewton@example.org,United Kingdom,2026-07-09,Paid Ads
1400,Michael Fritz,user_1400_zacharymoreno@example.com,Australia,2025-08-24,Organic Search
1401,James Hawkins,user_1401_david59@example.net,Australia,2026-01-21,Email Campaign
1402,Nathan Jones,user_1402_stephanie67@example.net,United Kingdom,2026-07-10,Affiliate
1403,Peter Graves,user_1403_jenniferlawrence@example.net,Australia,2024-12-04,Paid Ads
1404,Adam Watkins,user_1404_cgray@example.org,Canada,2025-10-30,Paid Ads
1405,Diana Mejia,user_1405_kennethpeterson@example.net,India,2025-11-06,Social Media
1406,Lauren Anthony,user_1406_ymitchell@example.com,Germany,2026-05-11,Email Campaign
1407,Charles Cervantes,user_1407_russellramirez@example.net,Canada,2025-06-01,Affiliate
1408,Dustin Wilson,user_1408_tommy32@example.com,Australia,2025-04-19,Social Media
1409,Nicole Middleton DDS,user_1409_codyarnold@example.net,Germany,2026-05-09,Social Media
1410,Kyle Williams,user_1410_adamwall@example.org,Germany,2025-07-14,Affiliate
1411,Tom Duncan,user_1411_dmeyer@example.com,Canada,2024-12-24,Email Campaign
1412,Tamara Wilson,user_1412_fsnyder@example.org,United States,2025-05-04,Email Campaign
1413,Audrey Gomez,user_1413_garnerjeffrey@example.org,Germany,2025-06-11,Paid Ads
1414,George Chavez,user_1414_mannleroy@example.org,Germany,2025-09-01,Social Media
1415,Michael Boyd,user_1415_mckenzieguerrero@example.net,Canada,2024-10-27,Organic Search
1416,Lori Sanchez,user_1416_owiggins@example.net,India,2025-02-28,Paid Ads
1417,Christian Cervantes,user_1417_mcampbell@example.net,Australia,2026-08-11,Paid Ads
1418,Jose Cummings,user_1418_aaronjones@example.net,United States,2026-01-17,Social Media
1419,Christopher Barnes,user_1419_christina93@example.net,India,2025-06-27,Affiliate
1420,Mr. Christopher Evans,user_1420_nancycontreras@example.com,India,2026-06-10,Email Campaign
1421,Linda Daniels,user_1421_colin14@example.com,Germany,2025-09-12,Paid Ads
1422,Matthew Wilson,user_1422_qhuber@example.org,United Kingdom,2025-06-26,Social Media
1423,Michele Ayala,user_1423_flarsen@example.net,United Kingdom,2025-08-16,Email Campaign
1424,Alyssa Adams,user_1424_pamelapatton@example.org,India,2025-12-10,Paid Ads
1425,Deborah Stewart,user_1425_blamb@example.com,Canada,2025-04-20,Affiliate
1426,Debra Chandler,user_1426_daisy04@example.com,Australia,2025-08-14,Social Media
1427,Shawn Herrera,user_1427_gouldchristina@example.com,Germany,2025-01-08,Email Campaign
1428,Alicia Bowen,user_1428_tdavis@example.com,Australia,2025-06-30,Email Campaign
1429,Kristen Pena,user_1429_michaelgonzalez@example.org,Canada,2026-07-13,Paid Ads
1430,Shannon Perez,user_1430_reneerivera@example.org,Australia,2025-12-03,Social Media
1431,Teresa Johnson,user_1431_fischeralisha@example.net,United Kingdom,2025-08-05,Paid Ads
1432,Amanda Campbell,user_1432_hallkelsey@example.org,Australia,2024-10-26,Affiliate
1433,Caleb Bowers,user_1433_vanderson@example.com,Canada,2026-07-31,Paid Ads
1434,Benjamin Bowen,user_1434_vsmith@example.net,India,2026-01-12,Organic Search
1435,Anna Chapman,user_1435_mlee@example.com,India,2026-06-01,Organic Search
1436,Jose Johnson,user_1436_stephen14@example.net,United States,2025-12-21,Organic Search
1437,Eddie Davis,user_1437_ehoffman@example.com,United States,2026-03-29,Email Campaign
1438,Dana Smith,user_1438_xluna@example.net,United Kingdom,2026-04-08,Paid Ads
1439,Danny Hester,user_1439_cwise@example.com,United States,2025-10-05,Paid Ads
1440,Maria Cook,user_1440_davisgary@example.com,United States,2026-01-03,Paid Ads
1441,Charles Jensen,user_1441_kmills@example.org,India,2024-11-14,Email Campaign
1442,Darlene Collins,user_1442_mary05@example.net,Germany,2025-12-13,Organic Search
1443,Shelby Adams,user_1443_karinorton@example.net,India,2025-10-23,Affiliate
1444,Matthew Morris,user_1444_vrobertson@example.net,Canada,2024-12-02,Email Campaign
1445,Jessica Jones,user_1445_katherinemartin@example.net,United States,2025-01-02,Organic Search
1446,Jeffrey Stanton,user_1446_mccluretyler@example.net,India,2026-06-15,Affiliate
1447,Brenda Sawyer,user_1447_sross@example.org,Canada,2025-09-03,Organic Search
1448,Michelle Beard MD,user_1448_christina59@example.net,United States,2025-02-05,Affiliate
1449,Joseph Harris,user_1449_april47@example.com,Australia,2025-03-12,Social Media
1450,Tammy Cortez,user_1450_frankespinoza@example.com,India,2024-10-07,Social Media
1451,Christopher Ruiz,user_1451_collinsjacob@example.net,United States,2024-12-11,Affiliate
1452,Erin Brown,user_1452_ewheeler@example.com,Australia,2026-02-06,Email Campaign
1453,Courtney Fuller,user_1453_joshuahoover@example.com,United Kingdom,2025-12-27,Organic Search
1454,Holly Wang,user_1454_ann31@example.net,United States,2025-01-26,Affiliate
1455,Daniel White,user_1455_martinezalexa@example.net,United Kingdom,2026-05-18,Paid Ads
1456,Kenneth Castaneda,user_1456_tammy97@example.org,United Kingdom,2025-02-07,Affiliate
1457,David Robinson,user_1457_douglasalvarez@example.org,India,2025-06-08,Social Media
1458,Wayne Taylor,user_1458_ecoleman@example.com,Germany,2025-05-23,Social Media
1459,Autumn Castro,user_1459_tschroeder@example.com,Canada,2025-07-02,Organic Search
1460,Joseph Schmidt,user_1460_stephaniedougherty@example.com,Germany,2026-04-05,Email Campaign
1461,Jeffrey Alexander,user_1461_gina86@example.net,Canada,2025-06-27,Affiliate
1462,Sean Wyatt,user_1462_jessica39@example.net,United Kingdom,2026-08-11,Paid Ads
1463,Dr. Janet White PhD,user_1463_gonzalezmichael@example.org,Germany,2024-10-04,Organic Search
1464,Erin Bartlett,user_1464_wesley09@example.com,Australia,2024-10-26,Organic Search
1465,Maria Sanders,user_1465_joshua09@example.org,United States,2026-08-01,Email Campaign
1466,Kaitlin Lawson,user_1466_ehenry@example.net,Canada,2026-08-10,Email Campaign
1467,Kimberly Garcia,user_1467_anthony22@example.org,India,2024-12-03,Email Campaign
1468,Ryan Brown,user_1468_edwardsmichaela@example.com,United States,2026-07-24,Organic Search
1469,Lucas Smith,user_1469_rachael29@example.net,Australia,2025-07-11,Paid Ads
1470,Teresa Powell,user_1470_brownmandy@example.net,United States,2025-01-22,Email Campaign
1471,Angela Ramos,user_1471_charlotte86@example.org,Canada,2026-02-05,Social Media
1472,Sara Smith,user_1472_ann15@example.com,India,2025-12-15,Organic Search
1473,Angelica Conrad,user_1473_wilsonchristopher@example.net,India,2024-12-06,Organic Search
1474,Kevin Sheppard,user_1474_kristinarobinson@example.com,United Kingdom,2025-09-22,Paid Ads
1475,Nathaniel Wright,user_1475_julierojas@example.com,Australia,2024-11-10,Affiliate
1476,Dustin Ramirez,user_1476_robert34@example.org,Canada,2025-02-14,Social Media
1477,Deanna Gonzales,user_1477_burnsbeth@example.com,United States,2026-05-22,Organic Search
1478,Joanna Welch,user_1478_benjamindavenport@example.com,Australia,2025-01-28,Social Media
1479,Christine Park,user_1479_debbie43@example.com,India,2026-03-27,Affiliate
1480,Kristen Paul,user_1480_christopher34@example.org,Australia,2025-09-28,Organic Search
1481,Thomas Holmes,user_1481_thomasmcdonald@example.com,United Kingdom,2025-07-16,Social Media
1482,Mary Valenzuela,user_1482_jacqueline50@example.org,United States,2025-08-23,Paid Ads
1483,George Leach,user_1483_robintorres@example.com,India,2025-11-28,Paid Ads
1484,Alex Lamb,user_1484_swatkins@example.com,Australia,2026-04-20,Email Campaign
1485,Roy King,user_1485_carolyn76@example.com,United States,2024-10-31,Social Media
1486,Sherry Hines,user_1486_fisherkim@example.net,United Kingdom,2025-08-07,Affiliate
1487,Carly Jackson,user_1487_olivia83@example.net,United Kingdom,2026-05-06,Affiliate
1488,Matthew Kramer,user_1488_wallerkyle@example.org,Canada,2026-06-14,Affiliate
1489,James Murray,user_1489_jamesjackson@example.com,Germany,2024-12-01,Email Campaign
1490,Scott Kim,user_1490_ericpeters@example.com,Australia,2024-10-03,Paid Ads
1491,Gregory Ruiz,user_1491_ehale@example.net,Australia,2025-07-19,Organic Search
1492,Michelle Hines,user_1492_hugheslucas@example.org,India,2025-08-06,Social Media
1493,Stephanie Weiss,user_1493_icarlson@example.org,United States,2025-06-26,Organic Search
1494,Patrick Willis II,user_1494_katrinawood@example.com,Canada,2025-10-24,Paid Ads
1495,Lisa Walton,user_1495_brewerdevin@example.org,United States,2024-11-03,Social Media
1496,Jeffrey Morgan,user_1496_ronaldmitchell@example.com,India,2026-03-08,Affiliate
1497,Amanda Mullen,user_1497_zwhite@example.net,India,2025-11-05,Email Campaign
1498,Julie Miller,user_1498_riosrichard@example.org,Germany,2025-02-01,Organic Search
1499,Kenneth Cruz,user_1499_psmith@example.net,Australia,2025-08-08,Social Media
1500,Anthony Coleman,user_1500_munozleah@example.com,Canada,2025-10-24,Email Campaign
