order_id,customer_id,product_id,order_date,quantity,discount_rate,gross_amount,net_amount,order_status
1,468,6,2026-10-01 18:00:22,1,0.0,199.0,199.0,Completed
2,1393,10,2026-10-01 18:03:48,1,0.0,25.0,25.0,Cancelled
3,605,13,2026-10-01 17:59:05,1,0.0,45.0,45.0,Completed
4,316,7,2026-10-01 18:00:06,2,0.05,198.0,188.1,Refunded
5,649,6,2026-10-01 17:51:27,1,0.0,199.0,199.0,Completed
6,911,6,2026-10-01 17:53:45,2,0.0,398.0,398.0,Completed
7,384,7,2026-10-01 18:02:07,1,0.0,99.0,99.0,Refunded
8,212,1,2026-10-01 18:00:44,1,0.0,49.0,49.0,Cancelled
9,1225,13,2026-10-01 17:50:22,1,0.0,45.0,45.0,Completed
10,848,7,2026-10-01 17:52:46,2,0.05,198.0,188.1,Cancelled
11,498,10,2026-10-01 17:47:53,1,0.05,25.0,23.75,Completed
12,285,5,2026-10-01 17:59:09,1,0.0,39.0,39.0,Completed
13,343,7,2026-10-01 17:56:27,1,0.0,99.0,99.0,Completed
14,740,5,2026-10-01 17:54:23,3,0.05,117.0,111.15,Refunded
15,1217,10,2026-10-01 18:05:13,1,0.0,25.0,25.0,Completed
16,14,7,2026-10-01 18:03:10,1,0.05,99.0,94.05,Completed
17,902,6,2026-10-01 18:02:29,1,0.1,199.0,179.1,Cancelled
18,279,5,2026-10-01 17:49:18,1,0.1,39.0,35.1,Completed
19,982,6,2026-10-01 18:03:30,1,0.0,199.0,199.0,Completed
20,597,12,2026-10-01 17:57:15,1,0.0,59.0,59.0,Cancelled
21,497,6,2026-10-01 17:49:00,1,0.1,199.0,179.1,Refunded
22,748,2,2026-10-01 17:51:47,3,0.0,447.0,447.0,Cancelled
23,369,11,2026-10-01 18:04:21,2,0.0,598.0,598.0,Refunded
24,1451,4,2026-10-01 18:03:21,1,0.0,19.0,19.0,Completed
25,838,11,2026-10-01 18:00:10,1,0.05,299.0,284.05,Completed
26,518,11,2026-10-01 17:49:21,1,0.0,299.0,299.0,Refunded
27,152,8,2026-10-01 18:00:15,5,0.0,75.0,75.0,Refunded
28,1095,9,2026-10-01 17:56:15,3,0.1,237.0,213.3,Refunded
29,1114,1,2026-10-01 18:02:10,2,0.0,98.0,98.0,Cancelled
30,1217,11,2026-10-01 17:59:10,3,0.0,897.0,897.0,Completed
31,1347,11,2026-10-01 17:57:45,1,0.05,299.0,284.05,Completed
32,1154,11,2026-10-01 17:48:27,1,0.0,299.0,299.0,Completed
33,882,2,2026-10-01 17:56:46,1,0.0,149.0,149.0,Cancelled
34,1063,9,2026-10-01 17:53:45,1,0.0,79.0,79.0,Refunded
35,767,7,2026-10-01 17:57:39,1,0.05,99.0,94.05,Cancelled
36,309,6,2026-10-01 17:59:49,5,0.0,995.0,995.0,Completed
37,852,15,2026-10-01 18:01:53,3,0.0,1047.0,1047.0,Completed
38,714,5,2026-10-01 17:48:14,1,0.05,39.0,37.05,Cancelled
39,990,6,2026-10-01 18:02:53,1,0.0,199.0,199.0,Refunded
40,654,2,2026-10-01 17:58:43,1,0.1,149.0,134.1,Completed
41,47,14,2026-10-01 17:57:48,1,0.0,10.0,10.0,Completed
42,500,9,2026-10-01 17:48:51,1,0.0,79.0,79.0,Cancelled
43,874,8,2026-10-01 17:51:27,1,0.0,15.0,15.0,Completed
44,382,11,2026-10-01 17:59:50,1,0.0,299.0,299.0,Cancelled
45,405,8,2026-10-01 17:48:53,1,0.0,15.0,15.0,Completed
46,422,5,2026-10-01 18:01:10,2,0.1,78.0,70.2,Completed
47,1183,2,2026-10-01 17:56:08,2,0.0,298.0,298.0,Completed
48,668,4,2026-10-01 17:53:37,1,0.0,19.0,19.0,Refunded
49,1081,11,2026-10-01 17:50:31,1,0.0,299.0,299.0,Refunded
50,1203,2,2026-10-01 17:50:52,1,0.1,149.0,134.1,Cancelled
51,354,14,2026-10-01 17:51:57,1,0.1,10.0,9.0,Cancelled
52,1209,2,2026-10-01 17:52:35,1,0.0,149.0,149.0,Completed
53,626,2,2026-10-01 18:04:29,1,0.05,149.0,141.55,Cancelled
54,796,7,2026-10-01 18:02:21,1,0.0,99.0,99.0,Refunded
55,381,8,2026-10-01 17:57:01,1,0.05,15.0,14.25,Completed
56,1137,3,2026-10-01 17:59:26,1,0.0,499.0,499.0,Completed
57,924,10,2026-10-01 18:03:17,1,0.0,25.0,25.0,Completed
58,993,3,2026-10-01 17:55:58,1,0.0,499.0,499.0,Cancelled
59,1036,11,2026-10-01 18:05:31,1,0.05,299.0,284.05,Refunded
60,1455,14,2026-10-01 18:03:17,1,0.0,10.0,10.0,Cancelled
61,64,13,2026-10-01 17:49:02,2,0.0,90.0,90.0,Completed
62,461,9,2026-10-01 17:50:15,1,0.05,79.0,75.05,Cancelled
63,1015,9,2026-10-01 17:58:47,1,0.0,79.0,79.0,Completed
64,1113,14,2026-10-01 18:00:22,5,0.0,50.0,50.0,Completed
65,1473,8,2026-10-01 17:48:57,1,0.2,15.0,12.0,Completed
66,1339,13,2026-10-01 17:52:39,1,0.1,45.0,40.5,Completed
67,922,5,2026-10-01 17:51:06,1,0.1,39.0,35.1,Refunded
68,241,13,2026-10-01 18:00:41,2,0.0,90.0,90.0,Cancelled
69,1412,6,2026-10-01 18:05:08,2,0.05,398.0,378.1,Refunded
70,340,10,2026-10-01 17:50:20,1,0.0,25.0,25.0,Completed
71,122,10,2026-10-01 17:59:10,1,0.0,25.0,25.0,Cancelled
72,345,6,2026-10-01 17:57:57,3,0.0,597.0,597.0,Cancelled
73,548,14,2026-10-01 18:02:04,1,0.1,10.0,9.0,Completed
74,278,13,2026-10-01 18:01:19,2,0.1,90.0,81.0,Completed
75,1344,3,2026-10-01 17:48:24,2,0.0,998.0,998.0,Completed
76,1457,6,2026-10-01 17:53:55,2,0.05,398.0,378.1,Refunded
77,1003,3,2026-10-01 17:56:25,1,0.0,499.0,499.0,Refunded
78,769,8,2026-10-01 17:50:21,1,0.05,15.0,14.25,Completed
79,826,9,2026-10-01 18:02:26,2,0.05,158.0,150.1,Completed
80,932,8,2026-10-01 17:51:37,1,0.0,15.0,15.0,Completed
81,1497,8,2026-10-01 17:54:11,1,0.05,15.0,14.25,Completed
82,1095,7,2026-10-01 17:56:33,1,0.0,99.0,99.0,Completed
83,1014,5,2026-10-01 17:57:59,1,0.0,39.0,39.0,Cancelled
84,1184,3,2026-10-01 18:05:11,1,0.0,499.0,499.0,Completed
85,1398,13,2026-10-01 17:55:58,1,0.0,45.0,45.0,Refunded
86,34,2,2026-10-01 17:49:19,3,0.0,447.0,447.0,Refunded
87,2,7,2026-10-01 18:00:25,1,0.05,99.0,94.05,Completed
88,1332,5,2026-10-01 18:03:47,1,0.1,39.0,35.1,Completed
89,192,11,2026-10-01 17:54:59,1,0.0,299.0,299.0,Completed
90,107,7,2026-10-01 18:02:33,1,0.05,99.0,94.05,Completed
91,880,11,2026-10-01 17:57:01,1,0.0,299.0,299.0,Completed
92,977,2,2026-10-01 17:53:59,1,0.0,149.0,149.0,Refunded
93,20,1,2026-10-01 17:57:05,1,0.1,49.0,44.1,Refunded
94,1422,3,2026-10-01 18:04:46,1,0.0,499.0,499.0,Completed
95,1497,13,2026-10-01 17:49:12,1,0.0,45.0,45.0,Completed
96,281,7,2026-10-01 18:01:15,2,0.05,198.0,188.1,Completed
97,1314,11,2026-10-01 17:53:50,1,0.0,299.0,299.0,Completed
98,1250,11,2026-10-01 17:57:22,1,0.0,299.0,299.0,Completed
99,1287,12,2026-10-01 17:56:57,1,0.0,59.0,59.0,Refunded
100,445,2,2026-10-01 17:47:49,2,0.0,298.0,298.0,Completed
101,1208,12,2026-10-01 18:01:32,1,0.2,59.0,47.2,Completed
102,287,4,2026-10-01 17:54:43,1,0.0,19.0,19.0,Cancelled
103,1231,10,2026-10-01 17:48:17,2,0.0,50.0,50.0,Completed
104,1349,15,2026-10-01 18:01:47,1,0.0,349.0,349.0,Cancelled
105,387,12,2026-10-01 17:52:04,1,0.05,59.0,56.05,Completed
106,1014,7,2026-10-01 17:57:01,1,0.0,99.0,99.0,Cancelled
107,146,9,2026-10-01 17:56:45,2,0.0,158.0,158.0,Completed
108,649,3,2026-10-01 18:03:26,1,0.1,499.0,449.1,Refunded
109,749,9,2026-10-01 17:58:30,1,0.05,79.0,75.05,Completed
110,35,10,2026-10-01 17:50:57,1,0.0,25.0,25.0,Completed
111,124,13,2026-10-01 17:55:12,1,0.0,45.0,45.0,Cancelled
112,851,7,2026-10-01 17:55:19,2,0.0,198.0,198.0,Cancelled
113,1102,10,2026-10-01 17:48:16,1,0.0,25.0,25.0,Completed
114,1048,15,2026-10-01 17:58:43,1,0.1,349.0,314.1,Cancelled
115,670,7,2026-10-01 17:55:11,1,0.05,99.0,94.05,Completed
116,636,12,2026-10-01 17:49:49,1,0.2,59.0,47.2,Completed
117,119,4,2026-10-01 17:57:28,1,0.0,19.0,19.0,Refunded
118,1254,10,2026-10-01 18:03:22,1,0.05,25.0,23.75,Completed
119,245,1,2026-10-01 18:02:00,2,0.05,98.0,93.1,Completed
120,1017,6,2026-10-01 17:58:52,1,0.05,199.0,189.05,Completed
121,342,6,2026-10-01 18:00:55,1,0.05,199.0,189.05,Completed
122,242,13,2026-10-01 18:03:53,2,0.0,90.0,90.0,Refunded
123,558,9,2026-10-01 17:48:04,1,0.05,79.0,75.05,Cancelled
124,1286,2,2026-10-01 17:59:21,1,0.0,149.0,149.0,Completed
125,1024,14,2026-10-01 17:59:16,1,0.0,10.0,10.0,Completed
126,211,15,2026-10-01 17:58:33,1,0.05,349.0,331.55,Completed
127,1043,1,2026-10-01 17:59:28,1,0.1,49.0,44.1,Completed
128,95,8,2026-10-01 18:02:49,1,0.1,15.0,13.5,Completed
129,73,9,2026-10-01 17:52:49,2,0.05,158.0,150.1,Refunded
130,460,6,2026-10-01 18:03:25,1,0.1,199.0,179.1,Completed
131,556,14,2026-10-01 18:04:40,1,0.0,10.0,10.0,Cancelled
132,1379,15,2026-10-01 17:54:50,1,0.0,349.0,349.0,Cancelled
133,95,7,2026-10-01 17:53:27,1,0.0,99.0,99.0,Completed
134,637,6,2026-10-01 18:00:57,1,0.0,199.0,199.0,Completed
135,411,5,2026-10-01 17:56:22,1,0.0,39.0,39.0,Cancelled
136,497,8,2026-10-01 18:01:24,1,0.2,15.0,12.0,Completed
137,1120,13,2026-10-01 17:48:45,2,0.0,90.0,90.0,Refunded
138,49,4,2026-10-01 17:50:19,1,0.05,19.0,18.05,Completed
139,687,1,2026-10-01 18:04:15,2,0.0,98.0,98.0,Completed
140,213,4,2026-10-01 17:59:26,1,0.0,19.0,19.0,Refunded
141,123,3,2026-10-01 17:50:29,2,0.0,998.0,998.0,Completed
142,1065,7,2026-10-01 17:54:44,2,0.0,198.0,198.0,Completed
143,1190,2,2026-10-01 18:00:15,1,0.05,149.0,141.55,Refunded
144,154,10,2026-10-01 17:58:01,1,0.0,25.0,25.0,Completed
145,485,5,2026-10-01 17:57:36,1,0.0,39.0,39.0,Refunded
146,1436,14,2026-10-01 17:58:24,2,0.0,20.0,20.0,Completed
147,479,2,2026-10-01 18:03:03,3,0.0,447.0,447.0,Cancelled
148,224,3,2026-10-01 18:03:36,1,0.0,499.0,499.0,Completed
149,833,2,2026-10-01 17:48:39,1,0.2,149.0,119.2,Completed
150,926,5,2026-10-01 17:52:58,1,0.1,39.0,35.1,Completed
151,323,13,2026-10-01 17:53:20,1,0.1,45.0,40.5,Cancelled
152,83,4,2026-10-01 17:59:39,2,0.0,38.0,38.0,Completed
153,1457,4,2026-10-01 18:02:22,3,0.0,57.0,57.0,Completed
154,1387,5,2026-10-01 18:01:49,1,0.2,39.0,31.2,Completed
155,829,14,2026-10-01 17:48:26,1,0.05,10.0,9.5,Completed
156,194,8,2026-10-01 17:57:20,1,0.05,15.0,14.25,Completed
157,25,1,2026-10-01 18:04:24,2,0.2,98.0,78.4,Completed
158,406,14,2026-10-01 17:55:39,1,0.05,10.0,9.5,Completed
159,1193,10,2026-10-01 18:00:27,1,0.1,25.0,22.5,Completed
160,133,4,2026-10-01 17:52:08,3,0.0,57.0,57.0,Completed
161,189,15,2026-10-01 18:00:34,2,0.1,698.0,628.2,Completed
162,88,8,2026-10-01 17:51:51,1,0.1,15.0,13.5,Refunded
163,1484,7,2026-10-01 17:50:57,1,0.0,99.0,99.0,Refunded
164,354,6,2026-10-01 18:01:09,1,0.0,199.0,199.0,Completed
165,914,15,2026-10-01 17:55:06,1,0.05,349.0,331.55,Cancelled
166,504,11,2026-10-01 17:54:51,1,0.0,299.0,299.0,Cancelled
167,982,1,2026-10-01 17:51:25,1,0.0,49.0,49.0,Refunded
168,409,11,2026-10-01 17:57:31,2,0.0,598.0,598.0,Cancelled
169,40,7,2026-10-01 17:53:44,2,0.0,198.0,198.0,Cancelled
170,993,6,2026-10-01 17:53:04,3,0.0,597.0,597.0,Refunded
171,554,3,2026-10-01 18:01:20,1,0.0,499.0,499.0,Completed
172,576,1,2026-10-01 18:01:35,2,0.0,98.0,98.0,Completed
173,1197,4,2026-10-01 17:59:39,3,0.0,57.0,57.0,Completed
174,546,9,2026-10-01 17:55:04,2,0.1,158.0,142.2,Completed
175,450,10,2026-10-01 18:01:55,2,0.05,50.0,47.5,Completed
176,356,3,2026-10-01 17:57:10,1,0.0,499.0,499.0,Completed
177,1212,1,2026-10-01 17:58:33,2,0.0,98.0,98.0,Cancelled
178,1155,3,2026-10-01 18:00:02,1,0.0,499.0,499.0,Refunded
179,1111,5,2026-10-01 17:51:15,1,0.0,39.0,39.0,Completed
180,477,10,2026-10-01 17:58:29,1,0.0,25.0,25.0,Completed
181,680,15,2026-10-01 18:04:47,1,0.1,349.0,314.1,Completed
182,1469,3,2026-10-01 18:01:02,3,0.1,1497.0,1347.3,Completed
183,122,1,2026-10-01 17:55:20,1,0.05,49.0,46.55,Completed
184,228,14,2026-10-01 18:01:26,1,0.0,10.0,10.0,Completed
185,766,12,2026-10-01 18:04:32,3,0.0,177.0,177.0,Completed
186,690,5,2026-10-01 18:03:29,1,0.2,39.0,31.2,Refunded
187,1310,8,2026-10-01 17:57:25,1,0.0,15.0,15.0,Cancelled
188,1421,15,2026-10-01 18:02:59,3,0.05,1047.0,994.65,Completed
189,1364,10,2026-10-01 17:53:00,2,0.0,50.0,50.0,Completed
190,261,3,2026-10-01 17:53:42,2,0.1,998.0,898.2,Cancelled
191,802,14,2026-10-01 18:01:18,5,0.2,50.0,40.0,Completed
192,373,10,2026-10-01 17:57:29,1,0.1,25.0,22.5,Cancelled
193,453,11,2026-10-01 17:47:45,1,0.1,299.0,269.1,Completed
194,679,12,2026-10-01 17:59:03,1,0.0,59.0,59.0,Completed
195,344,11,2026-10-01 18:03:29,2,0.0,598.0,598.0,Completed
196,915,1,2026-10-01 17:53:31,1,0.0,49.0,49.0,Completed
197,718,5,2026-10-01 17:51:00,2,0.05,78.0,74.1,Completed
198,791,8,2026-10-01 18:00:44,2,0.2,30.0,24.0,Refunded
199,1010,15,2026-10-01 18:01:55,1,0.0,349.0,349.0,Completed
200,982,13,2026-10-01 18:01:55,2,0.05,90.0,85.5,Completed
201,334,8,2026-10-01 18:01:39,1,0.1,15.0,13.5,Completed
202,42,6,2026-10-01 17:54:05,1,0.0,199.0,199.0,Completed
203,349,15,2026-10-01 17:48:38,1,0.05,349.0,331.55,Cancelled
204,191,6,2026-10-01 17:55:18,1,0.05,199.0,189.05,Refunded
205,1443,1,2026-10-01 17:52:22,1,0.05,49.0,46.55,Cancelled
206,890,3,2026-10-01 18:04:49,1,0.0,499.0,499.0,Completed
207,839,12,2026-10-01 17:50:23,1,0.1,59.0,53.1,Cancelled
208,544,11,2026-10-01 18:01:36,1,0.0,299.0,299.0,Completed
209,805,10,2026-10-01 17:48:25,1,0.0,25.0,25.0,Completed
210,739,1,2026-10-01 17:58:44,1,0.0,49.0,49.0,Cancelled
211,984,4,2026-10-01 17:56:10,1,0.0,19.0,19.0,Completed
212,168,8,2026-10-01 17:53:19,2,0.0,30.0,30.0,Refunded
213,965,8,2026-10-01 18:03:45,2,0.0,30.0,30.0,Cancelled
214,794,3,2026-10-01 17:50:45,1,0.0,499.0,499.0,Completed
215,913,1,2026-10-01 18:00:17,1,0.0,49.0,49.0,Completed
216,551,10,2026-10-01 17:48:25,1,0.05,25.0,23.75,Completed
217,176,11,2026-10-01 18:00:56,1,0.0,299.0,299.0,Cancelled
218,466,9,2026-10-01 18:05:06,1,0.0,79.0,79.0,Cancelled
219,858,9,2026-10-01 17:54:14,1,0.1,79.0,71.1,Cancelled
220,483,8,2026-10-01 17:53:09,1,0.0,15.0,15.0,Completed
221,1029,10,2026-10-01 18:03:16,3,0.1,75.0,67.5,Cancelled
222,302,2,2026-10-01 18:00:14,3,0.0,447.0,447.0,Completed
223,434,13,2026-10-01 17:55:49,1,0.0,45.0,45.0,Completed
224,1400,7,2026-10-01 17:53:37,1,0.1,99.0,89.1,Completed
225,1219,5,2026-10-01 18:03:46,1,0.05,39.0,37.05,Completed
226,179,7,2026-10-01 17:54:28,1,0.0,99.0,99.0,Completed
227,1065,8,2026-10-01 17:58:39,3,0.0,45.0,45.0,Cancelled
228,1204,9,2026-10-01 17:52:10,2,0.0,158.0,158.0,Completed
229,304,10,2026-10-01 17:57:39,1,0.05,25.0,23.75,Completed
230,217,10,2026-10-01 17:49:51,2,0.05,50.0,47.5,Cancelled
231,705,15,2026-10-01 17:48:42,1,0.0,349.0,349.0,Refunded
232,1172,10,2026-10-01 17:54:42,1,0.0,25.0,25.0,Refunded
233,295,10,2026-10-01 18:03:23,1,0.05,25.0,23.75,Completed
234,811,15,2026-10-01 18:03:19,2,0.05,698.0,663.1,Completed
235,974,15,2026-10-01 17:56:00,1,0.0,349.0,349.0,Completed
236,621,5,2026-10-01 18:02:47,1,0.0,39.0,39.0,Completed
237,467,3,2026-10-01 17:55:54,1,0.05,499.0,474.05,Completed
238,552,12,2026-10-01 17:53:41,1,0.05,59.0,56.05,Completed
239,905,4,2026-10-01 18:03:23,3,0.0,57.0,57.0,Refunded
240,1058,14,2026-10-01 18:04:43,1,0.0,10.0,10.0,Completed
241,135,5,2026-10-01 17:51:26,2,0.0,78.0,78.0,Cancelled
242,1165,1,2026-10-01 17:58:57,1,0.1,49.0,44.1,Completed
243,119,4,2026-10-01 17:53:05,1,0.0,19.0,19.0,Completed
244,1444,4,2026-10-01 17:56:00,1,0.1,19.0,17.1,Cancelled
245,813,11,2026-10-01 18:03:25,3,0.05,897.0,852.15,Completed
246,763,8,2026-10-01 17:50:02,1,0.0,15.0,15.0,Refunded
247,1202,9,2026-10-01 17:47:53,1,0.0,79.0,79.0,Completed
248,1411,2,2026-10-01 17:48:45,1,0.0,149.0,149.0,Completed
249,1172,13,2026-10-01 18:01:31,3,0.1,135.0,121.5,Completed
250,1388,4,2026-10-01 18:05:23,1,0.0,19.0,19.0,Completed
251,1398,1,2026-10-01 18:03:41,1,0.0,49.0,49.0,Completed
252,1232,13,2026-10-01 18:00:48,1,0.0,45.0,45.0,Completed
253,1460,12,2026-10-01 17:50:03,1,0.0,59.0,59.0,Refunded
254,715,8,2026-10-01 18:01:53,1,0.0,15.0,15.0,Cancelled
255,1278,7,2026-10-01 17:56:31,1,0.0,99.0,99.0,Completed
256,1150,11,2026-10-01 17:51:46,1,0.0,299.0,299.0,Completed
257,987,2,2026-10-01 17:48:27,1,0.0,149.0,149.0,Completed
258,568,5,2026-10-01 18:02:37,1,0.2,39.0,31.2,Completed
259,386,3,2026-10-01 18:04:03,1,0.0,499.0,499.0,Completed
260,1229,7,2026-10-01 17:49:41,1,0.05,99.0,94.05,Completed
261,1343,8,2026-10-01 17:57:38,5,0.0,75.0,75.0,Refunded
262,829,7,2026-10-01 18:01:14,2,0.0,198.0,198.0,Cancelled
263,389,6,2026-10-01 17:49:00,2,0.0,398.0,398.0,Cancelled
264,1308,13,2026-10-01 18:00:03,1,0.1,45.0,40.5,Completed
265,1039,5,2026-10-01 18:01:17,2,0.1,78.0,70.2,Cancelled
266,371,5,2026-10-01 18:05:06,1,0.0,39.0,39.0,Completed
267,1486,13,2026-10-01 18:02:40,1,0.1,45.0,40.5,Completed
268,1341,2,2026-10-01 18:02:16,1,0.0,149.0,149.0,Completed
269,862,13,2026-10-01 17:51:53,2,0.0,90.0,90.0,Cancelled
270,603,8,2026-10-01 17:51:11,2,0.0,30.0,30.0,Cancelled
271,1189,10,2026-10-01 17:52:37,1,0.1,25.0,22.5,Cancelled
272,246,14,2026-10-01 17:56:36,1,0.0,10.0,10.0,Refunded
273,111,14,2026-10-01 17:51:27,2,0.0,20.0,20.0,Completed
274,702,7,2026-10-01 17:53:25,5,0.1,495.0,445.5,Refunded
275,294,6,2026-10-01 18:00:09,2,0.0,398.0,398.0,Completed
276,999,6,2026-10-01 18:01:44,1,0.0,199.0,199.0,Completed
277,10,8,2026-10-01 17:59:14,1,0.05,15.0,14.25,Completed
278,1181,13,2026-10-01 17:52:29,1,0.05,45.0,42.75,Completed
279,266,10,2026-10-01 17:55:56,1,0.0,25.0,25.0,Refunded
280,978,7,2026-10-01 18:04:07,1,0.0,99.0,99.0,Completed
281,29,15,2026-10-01 17:54:49,1,0.1,349.0,314.1,Completed
282,37,11,2026-10-01 17:56:40,1,0.05,299.0,284.05,Completed
283,1421,15,2026-10-01 17:50:57,1,0.0,349.0,349.0,Refunded
284,1031,10,2026-10-01 17:58:54,1,0.0,25.0,25.0,Completed
285,611,5,2026-10-01 17:50:10,1,0.0,39.0,39.0,Cancelled
286,692,7,2026-10-01 18:03:17,2,0.2,198.0,158.4,Completed
287,1004,6,2026-10-01 18:04:25,2,0.0,398.0,398.0,Refunded
288,40,4,2026-10-01 17:56:00,1,0.2,19.0,15.2,Completed
289,45,10,2026-10-01 17:56:31,1,0.0,25.0,25.0,Completed
290,769,15,2026-10-01 17:59:20,1,0.05,349.0,331.55,Cancelled
291,100,10,2026-10-01 17:57:43,5,0.05,125.0,118.75,Completed
292,99,12,2026-10-01 18:02:49,1,0.0,59.0,59.0,Completed
293,1121,5,2026-10-01 17:58:56,1,0.0,39.0,39.0,Completed
294,617,7,2026-10-01 18:03:01,1,0.05,99.0,94.05,Completed
295,1276,10,2026-10-01 17:56:27,2,0.0,50.0,50.0,Completed
296,1048,12,2026-10-01 17:57:02,1,0.0,59.0,59.0,Completed
297,1020,4,2026-10-01 17:48:52,1,0.05,19.0,18.05,Cancelled
298,414,6,2026-10-01 17:52:25,2,0.0,398.0,398.0,Completed
299,1123,8,2026-10-01 17:52:42,3,0.05,45.0,42.75,Refunded
300,678,4,2026-10-01 18:05:27,1,0.05,19.0,18.05,Completed
301,1176,11,2026-10-01 17:57:29,1,0.1,299.0,269.1,Cancelled
302,154,12,2026-10-01 17:48:32,2,0.1,118.0,106.2,Completed
303,936,5,2026-10-01 17:55:11,1,0.0,39.0,39.0,Completed
304,81,14,2026-10-01 18:00:18,1,0.1,10.0,9.0,Completed
305,873,12,2026-10-01 18:00:01,1,0.1,59.0,53.1,Completed
306,20,14,2026-10-01 17:57:35,1,0.05,10.0,9.5,Completed
307,733,15,2026-10-01 17:58:07,1,0.05,349.0,331.55,Completed
308,764,14,2026-10-01 17:53:03,1,0.0,10.0,10.0,Refunded
309,935,5,2026-10-01 17:58:03,2,0.05,78.0,74.1,Refunded
310,864,11,2026-10-01 18:03:52,2,0.0,598.0,598.0,Completed
311,1426,12,2026-10-01 18:02:39,1,0.1,59.0,53.1,Completed
312,213,7,2026-10-01 17:57:42,3,0.0,297.0,297.0,Cancelled
313,1390,8,2026-10-01 17:52:55,1,0.0,15.0,15.0,Completed
314,1253,1,2026-10-01 17:52:02,2,0.1,98.0,88.2,Completed
315,990,15,2026-10-01 17:52:39,1,0.1,349.0,314.1,Refunded
316,95,2,2026-10-01 17:57:37,1,0.0,149.0,149.0,Cancelled
317,1181,12,2026-10-01 18:00:45,1,0.2,59.0,47.2,Completed
318,1064,9,2026-10-01 17:56:25,1,0.05,79.0,75.05,Refunded
319,1356,12,2026-10-01 17:55:25,1,0.0,59.0,59.0,Refunded
320,305,14,2026-10-01 17:48:36,2,0.1,20.0,18.0,Cancelled
321,112,1,2026-10-01 17:54:52,1,0.0,49.0,49.0,Refunded
322,1016,14,2026-10-01 17:57:59,1,0.05,10.0,9.5,Completed
323,494,6,2026-10-01 17:52:42,3,0.0,597.0,597.0,Completed
324,1128,11,2026-10-01 17:48:03,1,0.1,299.0,269.1,Completed
325,941,8,2026-10-01 17:56:30,2,0.0,30.0,30.0,Refunded
326,916,6,2026-10-01 18:00:04,1,0.0,199.0,199.0,Completed
327,211,7,2026-10-01 18:05:00,1,0.0,99.0,99.0,Completed
328,187,13,2026-10-01 18:05:17,1,0.05,45.0,42.75,Completed
329,1042,9,2026-10-01 18:01:30,1,0.05,79.0,75.05,Completed
330,745,14,2026-10-01 18:03:55,1,0.0,10.0,10.0,Refunded
331,680,9,2026-10-01 17:53:27,2,0.0,158.0,158.0,Completed
332,1467,8,2026-10-01 17:59:23,1,0.05,15.0,14.25,Completed
333,5,6,2026-10-01 17:52:58,1,0.05,199.0,189.05,Completed
334,1122,9,2026-10-01 18:04:45,1,0.0,79.0,79.0,Completed
335,1009,3,2026-10-01 17:58:22,2,0.05,998.0,948.1,Refunded
336,220,5,2026-10-01 18:05:30,1,0.0,39.0,39.0,Refunded
337,442,8,2026-10-01 18:00:25,2,0.0,30.0,30.0,Completed
338,221,13,2026-10-01 18:00:33,1,0.1,45.0,40.5,Cancelled
339,253,13,2026-10-01 18:04:12,2,0.0,90.0,90.0,Cancelled
340,1033,3,2026-10-01 17:53:25,3,0.0,1497.0,1497.0,Completed
341,1134,15,2026-10-01 18:05:34,1,0.0,349.0,349.0,Cancelled
342,363,12,2026-10-01 18:04:06,1,0.05,59.0,56.05,Completed
343,213,7,2026-10-01 17:53:38,1,0.05,99.0,94.05,Completed
344,1033,15,2026-10-01 18:04:10,1,0.2,349.0,279.2,Completed
345,561,7,2026-10-01 18:00:36,3,0.2,297.0,237.6,Refunded
346,274,3,2026-10-01 17:48:08,1,0.05,499.0,474.05,Cancelled
347,613,14,2026-10-01 17:49:51,2,0.1,20.0,18.0,Cancelled
348,1296,4,2026-10-01 17:59:20,1,0.05,19.0,18.05,Completed
349,1407,6,2026-10-01 17:55:19,3,0.0,597.0,597.0,Completed
350,1032,9,2026-10-01 17:58:12,1,0.0,79.0,79.0,Completed
351,722,9,2026-10-01 17:54:41,1,0.0,79.0,79.0,Refunded
352,1381,12,2026-10-01 17:55:18,2,0.0,118.0,118.0,Refunded
353,27,9,2026-10-01 17:52:46,1,0.0,79.0,79.0,Completed
354,1373,1,2026-10-01 17:57:08,1,0.05,49.0,46.55,Completed
355,587,11,2026-10-01 17:51:43,1,0.1,299.0,269.1,Completed
356,418,13,2026-10-01 17:54:22,1,0.0,45.0,45.0,Refunded
357,210,10,2026-10-01 17:59:49,2,0.05,50.0,47.5,Completed
358,1326,9,2026-10-01 18:04:40,1,0.0,79.0,79.0,Completed
359,1420,11,2026-10-01 18:03:19,1,0.0,299.0,299.0,Refunded
360,1404,6,2026-10-01 17:48:03,3,0.0,597.0,597.0,Completed
361,416,10,2026-10-01 18:05:32,2,0.1,50.0,45.0,Refunded
362,462,15,2026-10-01 17:55:26,1,0.05,349.0,331.55,Completed
363,1206,9,2026-10-01 17:54:33,2,0.0,158.0,158.0,Completed
364,603,8,2026-10-01 18:00:03,1,0.05,15.0,14.25,Completed
365,356,12,2026-10-01 17:48:46,1,0.0,59.0,59.0,Refunded
366,572,9,2026-10-01 18:01:15,1,0.0,79.0,79.0,Completed
367,12,6,2026-10-01 17:51:01,1,0.1,199.0,179.1,Completed
368,315,15,2026-10-01 17:58:53,1,0.0,349.0,349.0,Cancelled
369,1356,5,2026-10-01 18:04:58,1,0.0,39.0,39.0,Completed
370,150,13,2026-10-01 17:49:56,2,0.0,90.0,90.0,Completed
371,1067,2,2026-10-01 17:56:54,2,0.0,298.0,298.0,Cancelled
372,1100,7,2026-10-01 17:50:21,1,0.0,99.0,99.0,Completed
373,1359,6,2026-10-01 17:49:33,1,0.0,199.0,199.0,Cancelled
374,1087,8,2026-10-01 18:02:53,5,0.1,75.0,67.5,Completed
375,235,11,2026-10-01 18:05:29,1,0.0,299.0,299.0,Cancelled
376,1273,4,2026-10-01 17:56:06,3,0.05,57.0,54.15,Completed
377,782,15,2026-10-01 17:56:00,2,0.0,698.0,698.0,Completed
378,1107,12,2026-10-01 17:56:23,1,0.1,59.0,53.1,Completed
379,1054,13,2026-10-01 17:53:53,1,0.0,45.0,45.0,Completed
380,1335,4,2026-10-01 17:56:00,1,0.0,19.0,19.0,Completed
381,343,13,2026-10-01 17:55:26,1,0.0,45.0,45.0,Completed
382,432,11,2026-10-01 18:03:13,1,0.0,299.0,299.0,Refunded
383,213,4,2026-10-01 17:53:42,1,0.05,19.0,18.05,Refunded
384,1325,14,2026-10-01 17:49:01,3,0.05,30.0,28.5,Completed
385,49,8,2026-10-01 17:56:43,2,0.0,30.0,30.0,Completed
386,112,3,2026-10-01 17:57:07,2,0.0,998.0,998.0,Cancelled
387,467,15,2026-10-01 17:50:46,1,0.0,349.0,349.0,Refunded
388,887,6,2026-10-01 17:54:08,1,0.05,199.0,189.05,Cancelled
389,13,11,2026-10-01 17:49:49,2,0.0,598.0,598.0,Cancelled
390,94,12,2026-10-01 17:52:10,2,0.0,118.0,118.0,Cancelled
391,218,5,2026-10-01 18:05:29,2,0.0,78.0,78.0,Completed
392,577,13,2026-10-01 17:57:59,3,0.0,135.0,135.0,Completed
393,971,3,2026-10-01 17:49:43,1,0.0,499.0,499.0,Refunded
394,1118,5,2026-10-01 17:54:44,3,0.0,117.0,117.0,Completed
395,23,9,2026-10-01 17:55:25,2,0.0,158.0,158.0,Completed
396,11,10,2026-10-01 17:55:58,1,0.0,25.0,25.0,Completed
397,625,4,2026-10-01 18:03:56,2,0.1,38.0,34.2,Completed
398,434,7,2026-10-01 18:03:29,3,0.1,297.0,267.3,Completed
399,330,3,2026-10-01 17:51:00,1,0.1,499.0,449.1,Completed
400,235,3,2026-10-01 17:49:23,1,0.0,499.0,499.0,Completed
401,1125,8,2026-10-01 17:58:32,1,0.0,15.0,15.0,Completed
402,514,2,2026-10-01 17:50:08,1,0.0,149.0,149.0,Completed
403,732,3,2026-10-01 17:54:21,1,0.0,499.0,499.0,Completed
404,1269,2,2026-10-01 18:03:58,3,0.0,447.0,447.0,Refunded
405,673,10,2026-10-01 17:51:37,1,0.05,25.0,23.75,Completed
406,1159,10,2026-10-01 18:02:44,1,0.0,25.0,25.0,Refunded
407,346,1,2026-10-01 17:50:29,1,0.05,49.0,46.55,Refunded
408,567,14,2026-10-01 18:03:53,1,0.05,10.0,9.5,Completed
409,983,8,2026-10-01 17:54:23,1,0.05,15.0,14.25,Refunded
410,1130,2,2026-10-01 17:51:03,1,0.05,149.0,141.55,Completed
411,287,15,2026-10-01 17:54:59,1,0.0,349.0,349.0,Completed
412,1490,2,2026-10-01 18:04:16,2,0.1,298.0,268.2,Completed
413,1192,10,2026-10-01 17:57:53,1,0.0,25.0,25.0,Completed
414,1130,5,2026-10-01 17:47:58,1,0.2,39.0,31.2,Refunded
415,1340,13,2026-10-01 18:02:19,1,0.0,45.0,45.0,Cancelled
416,596,3,2026-10-01 17:51:27,1,0.0,499.0,499.0,Refunded
417,746,9,2026-10-01 18:02:45,1,0.0,79.0,79.0,Cancelled
418,1402,3,2026-10-01 17:54:17,2,0.0,998.0,998.0,Completed
419,367,10,2026-10-01 18:03:13,3,0.05,75.0,71.25,Completed
420,1500,8,2026-10-01 17:47:40,3,0.0,45.0,45.0,Refunded
421,475,2,2026-10-01 17:56:14,1,0.0,149.0,149.0,Completed
422,1061,15,2026-10-01 18:01:32,2,0.0,698.0,698.0,Refunded
423,96,1,2026-10-01 17:56:53,5,0.0,245.0,245.0,Cancelled
424,1298,14,2026-10-01 18:04:27,1,0.05,10.0,9.5,Cancelled
425,1115,10,2026-10-01 17:53:40,1,0.05,25.0,23.75,Completed
426,1204,11,2026-10-01 17:58:52,2,0.0,598.0,598.0,Completed
427,771,15,2026-10-01 18:04:57,1,0.0,349.0,349.0,Completed
428,998,13,2026-10-01 18:04:08,1,0.05,45.0,42.75,Cancelled
429,285,8,2026-10-01 18:05:12,1,0.0,15.0,15.0,Completed
430,434,3,2026-10-01 17:57:20,1,0.0,499.0,499.0,Completed
431,1354,4,2026-10-01 17:57:52,1,0.0,19.0,19.0,Completed
432,987,11,2026-10-01 17:56:40,1,0.0,299.0,299.0,Completed
433,1326,14,2026-10-01 17:56:08,1,0.0,10.0,10.0,Completed
434,1175,10,2026-10-01 17:59:17,1,0.05,25.0,23.75,Completed
435,1173,3,2026-10-01 17:57:02,1,0.0,499.0,499.0,Completed
436,1059,7,2026-10-01 18:04:49,1,0.0,99.0,99.0,Completed
437,1474,12,2026-10-01 17:58:11,1,0.0,59.0,59.0,Completed
438,444,8,2026-10-01 18:02:40,1,0.0,15.0,15.0,Refunded
439,350,4,2026-10-01 17:51:27,2,0.05,38.0,36.1,Cancelled
440,373,10,2026-10-01 17:53:52,1,0.0,25.0,25.0,Completed
441,929,10,2026-10-01 18:04:17,1,0.0,25.0,25.0,Refunded
442,271,2,2026-10-01 17:47:52,1,0.0,149.0,149.0,Cancelled
443,1402,7,2026-10-01 17:58:32,2,0.05,198.0,188.1,Completed
444,975,15,2026-10-01 18:05:02,1,0.0,349.0,349.0,Cancelled
445,1031,13,2026-10-01 18:03:42,1,0.0,45.0,45.0,Completed
446,1236,9,2026-10-01 18:04:34,2,0.1,158.0,142.2,Refunded
447,1070,7,2026-10-01 17:53:13,1,0.0,99.0,99.0,Cancelled
448,879,4,2026-10-01 17:53:45,3,0.0,57.0,57.0,Refunded
449,718,10,2026-10-01 17:49:53,2,0.1,50.0,45.0,Cancelled
450,201,7,2026-10-01 18:02:23,1,0.0,99.0,99.0,Completed
451,172,5,2026-10-01 17:58:02,1,0.0,39.0,39.0,Completed
452,388,1,2026-10-01 17:50:52,2,0.05,98.0,93.1,Cancelled
453,1071,2,2026-10-01 18:02:46,1,0.0,149.0,149.0,Completed
454,1409,13,2026-10-01 17:59:20,1,0.0,45.0,45.0,Completed
455,873,11,2026-10-01 17:53:53,1,0.0,299.0,299.0,Cancelled
456,868,10,2026-10-01 17:54:15,1,0.0,25.0,25.0,Refunded
457,418,7,2026-10-01 17:51:21,1,0.0,99.0,99.0,Completed
458,759,9,2026-10-01 17:55:33,1,0.0,79.0,79.0,Completed
459,1184,6,2026-10-01 17:54:55,2,0.0,398.0,398.0,Completed
460,1351,2,2026-10-01 17:58:08,2,0.0,298.0,298.0,Completed
461,206,4,2026-10-01 18:04:46,1,0.05,19.0,18.05,Cancelled
462,1258,12,2026-10-01 17:58:04,1,0.0,59.0,59.0,Refunded
463,1303,1,2026-10-01 17:58:34,2,0.1,98.0,88.2,Refunded
464,1230,7,2026-10-01 18:03:45,1,0.0,99.0,99.0,Completed
465,164,10,2026-10-01 17:51:09,1,0.0,25.0,25.0,Refunded
466,1258,11,2026-10-01 17:57:53,1,0.05,299.0,284.05,Cancelled
467,118,13,2026-10-01 17:54:49,2,0.05,90.0,85.5,Refunded
468,22,4,2026-10-01 17:52:55,2,0.1,38.0,34.2,Cancelled
469,586,4,2026-10-01 17:58:42,1,0.0,19.0,19.0,Cancelled
470,1431,4,2026-10-01 17:52:59,1,0.05,19.0,18.05,Completed
471,490,11,2026-10-01 17:54:12,1,0.0,299.0,299.0,Completed
472,819,6,2026-10-01 18:01:10,1,0.0,199.0,199.0,Completed
473,1061,1,2026-10-01 17:53:30,2,0.0,98.0,98.0,Completed
474,1126,5,2026-10-01 17:53:02,2,0.0,78.0,78.0,Cancelled
475,713,6,2026-10-01 17:53:00,3,0.0,597.0,597.0,Cancelled
476,399,8,2026-10-01 17:58:45,3,0.0,45.0,45.0,Completed
477,359,7,2026-10-01 18:05:16,1,0.0,99.0,99.0,Cancelled
478,603,6,2026-10-01 18:03:49,3,0.1,597.0,537.3,Completed
479,1102,14,2026-10-01 18:01:52,2,0.0,20.0,20.0,Refunded
480,773,10,2026-10-01 17:56:50,1,0.0,25.0,25.0,Completed
481,940,11,2026-10-01 17:55:27,1,0.0,299.0,299.0,Completed
482,988,2,2026-10-01 17:56:37,1,0.0,149.0,149.0,Completed
483,1387,12,2026-10-01 18:03:45,1,0.0,59.0,59.0,Completed
484,1058,9,2026-10-01 17:58:00,1,0.1,79.0,71.1,Completed
485,589,2,2026-10-01 18:00:18,1,0.05,149.0,141.55,Completed
486,156,9,2026-10-01 17:52:35,3,0.0,237.0,237.0,Completed
487,448,15,2026-10-01 17:58:06,1,0.0,349.0,349.0,Completed
488,1022,12,2026-10-01 17:59:02,1,0.05,59.0,56.05,Completed
489,424,4,2026-10-01 17:59:43,1,0.0,19.0,19.0,Cancelled
490,730,3,2026-10-01 17:58:24,2,0.0,998.0,998.0,Completed
491,1385,11,2026-10-01 18:03:00,1,0.0,299.0,299.0,Cancelled
492,87,14,2026-10-01 17:58:09,1,0.05,10.0,9.5,Refunded
493,1177,14,2026-10-01 18:02:10,1,0.0,10.0,10.0,Cancelled
494,574,7,2026-10-01 18:01:04,1,0.0,99.0,99.0,Completed
495,1077,13,2026-10-01 18:01:53,1,0.1,45.0,40.5,Completed
496,1030,6,2026-10-01 17:47:50,1,0.05,199.0,189.05,Completed
497,937,2,2026-10-01 18:01:26,1,0.0,149.0,149.0,Completed
498,25,11,2026-10-01 17:49:32,1,0.0,299.0,299.0,Completed
499,741,10,2026-10-01 18:01:36,2,0.0,50.0,50.0,Completed
500,486,5,2026-10-01 17:59:43,1,0.05,39.0,37.05,Completed
501,377,8,2026-10-01 17:52:25,1,0.0,15.0,15.0,Completed
502,748,14,2026-10-01 18:03:14,1,0.0,10.0,10.0,Cancelled
503,269,10,2026-10-01 17:57:00,1,0.1,25.0,22.5,Completed
504,483,9,2026-10-01 17:48:18,1,0.0,79.0,79.0,Completed
505,307,8,2026-10-01 17:54:33,2,0.0,30.0,30.0,Refunded
506,276,15,2026-10-01 17:54:46,2,0.0,698.0,698.0,Completed
507,997,5,2026-10-01 17:56:23,1,0.1,39.0,35.1,Completed
508,816,2,2026-10-01 17:57:42,1,0.0,149.0,149.0,Completed
509,976,14,2026-10-01 18:00:23,1,0.0,10.0,10.0,Completed
510,533,6,2026-10-01 17:48:27,1,0.0,199.0,199.0,Completed
511,705,1,2026-10-01 17:58:38,1,0.0,49.0,49.0,Cancelled
512,408,10,2026-10-01 18:02:14,1,0.05,25.0,23.75,Completed
513,583,6,2026-10-01 18:00:42,1,0.0,199.0,199.0,Refunded
514,161,7,2026-10-01 17:58:46,1,0.0,99.0,99.0,Completed
515,344,11,2026-10-01 17:54:27,2,0.0,598.0,598.0,Cancelled
516,1171,7,2026-10-01 17:54:59,2,0.0,198.0,198.0,Completed
517,704,4,2026-10-01 18:04:49,1,0.05,19.0,18.05,Completed
518,1240,11,2026-10-01 18:02:40,1,0.1,299.0,269.1,Completed
519,1203,9,2026-10-01 17:57:00,3,0.0,237.0,237.0,Completed
520,48,3,2026-10-01 17:51:17,2,0.05,998.0,948.1,Completed
521,432,3,2026-10-01 17:50:11,1,0.0,499.0,499.0,Refunded
522,1124,1,2026-10-01 17:55:56,1,0.0,49.0,49.0,Completed
523,213,5,2026-10-01 17:53:07,1,0.0,39.0,39.0,Refunded
524,634,4,2026-10-01 17:58:45,1,0.0,19.0,19.0,Completed
525,269,9,2026-10-01 18:04:01,2,0.0,158.0,158.0,Completed
526,667,14,2026-10-01 18:03:41,1,0.2,10.0,8.0,Cancelled
527,558,9,2026-10-01 17:49:13,1,0.2,79.0,63.2,Cancelled
528,363,10,2026-10-01 18:00:57,1,0.05,25.0,23.75,Cancelled
529,891,9,2026-10-01 18:04:16,1,0.0,79.0,79.0,Completed
530,987,9,2026-10-01 17:56:10,1,0.0,79.0,79.0,Completed
531,750,7,2026-10-01 17:57:12,1,0.0,99.0,99.0,Completed
532,1072,14,2026-10-01 18:00:27,2,0.0,20.0,20.0,Completed
533,961,9,2026-10-01 17:49:40,1,0.1,79.0,71.1,Refunded
534,614,1,2026-10-01 17:51:06,2,0.05,98.0,93.1,Cancelled
535,474,13,2026-10-01 17:49:33,1,0.0,45.0,45.0,Refunded
536,1149,7,2026-10-01 17:59:20,1,0.0,99.0,99.0,Refunded
537,775,4,2026-10-01 17:57:04,1,0.0,19.0,19.0,Completed
538,1059,13,2026-10-01 18:00:15,2,0.05,90.0,85.5,Completed
539,584,11,2026-10-01 18:02:36,2,0.1,598.0,538.2,Refunded
540,386,14,2026-10-01 17:57:21,1,0.0,10.0,10.0,Completed
541,1305,8,2026-10-01 17:51:26,1,0.0,15.0,15.0,Cancelled
542,1008,4,2026-10-01 18:03:45,1,0.0,19.0,19.0,Cancelled
543,46,3,2026-10-01 17:52:14,3,0.0,1497.0,1497.0,Completed
544,1465,8,2026-10-01 17:50:10,2,0.0,30.0,30.0,Completed
545,31,8,2026-10-01 17:58:43,1,0.0,15.0,15.0,Refunded
546,761,8,2026-10-01 18:01:46,1,0.0,15.0,15.0,Completed
547,300,1,2026-10-01 17:52:49,1,0.0,49.0,49.0,Cancelled
548,963,3,2026-10-01 17:52:47,1,0.1,499.0,449.1,Refunded
549,26,2,2026-10-01 17:57:51,3,0.05,447.0,424.65,Refunded
550,908,4,2026-10-01 17:54:28,2,0.0,38.0,38.0,Refunded
551,193,9,2026-10-01 17:50:39,1,0.0,79.0,79.0,Refunded
552,1396,5,2026-10-01 18:02:36,3,0.0,117.0,117.0,Completed
553,1126,9,2026-10-01 17:56:01,1,0.0,79.0,79.0,Completed
554,407,6,2026-10-01 17:58:50,2,0.1,398.0,358.2,Completed
555,232,4,2026-10-01 17:56:32,1,0.0,19.0,19.0,Completed
556,566,10,2026-10-01 17:57:35,1,0.05,25.0,23.75,Completed
557,87,10,2026-10-01 17:48:23,2,0.0,50.0,50.0,Cancelled
558,318,6,2026-10-01 17:52:26,2,0.0,398.0,398.0,Refunded
559,188,11,2026-10-01 17:49:58,1,0.1,299.0,269.1,Completed
560,123,6,2026-10-01 17:58:21,1,0.05,199.0,189.05,Completed
561,258,8,2026-10-01 17:59:58,1,0.2,15.0,12.0,Completed
562,899,12,2026-10-01 18:02:52,1,0.05,59.0,56.05,Completed
563,1484,3,2026-10-01 17:54:58,1,0.0,499.0,499.0,Refunded
564,1145,5,2026-10-01 17:53:56,1,0.0,39.0,39.0,Cancelled
565,383,9,2026-10-01 17:58:36,1,0.05,79.0,75.05,Completed
566,1227,15,2026-10-01 18:03:38,2,0.0,698.0,698.0,Cancelled
567,318,8,2026-10-01 17:55:25,1,0.0,15.0,15.0,Completed
568,930,1,2026-10-01 18:03:22,2,0.0,98.0,98.0,Completed
569,39,10,2026-10-01 18:00:00,2,0.05,50.0,47.5,Completed
570,657,12,2026-10-01 17:59:01,1,0.2,59.0,47.2,Refunded
571,389,9,2026-10-01 17:54:26,1,0.05,79.0,75.05,Completed
572,1256,5,2026-10-01 17:56:29,1,0.05,39.0,37.05,Completed
573,198,9,2026-10-01 17:56:21,1,0.0,79.0,79.0,Completed
574,366,14,2026-10-01 17:48:26,1,0.0,10.0,10.0,Completed
575,203,1,2026-10-01 17:52:26,1,0.1,49.0,44.1,Refunded
576,1077,10,2026-10-01 17:51:43,2,0.0,50.0,50.0,Completed
577,453,10,2026-10-01 18:01:40,2,0.0,50.0,50.0,Completed
578,1343,8,2026-10-01 18:02:14,3,0.1,45.0,40.5,Refunded
579,1309,1,2026-10-01 18:01:10,1,0.05,49.0,46.55,Refunded
580,756,13,2026-10-01 18:04:15,2,0.1,90.0,81.0,Completed
581,1084,1,2026-10-01 17:49:17,2,0.1,98.0,88.2,Completed
582,443,9,2026-10-01 17:49:42,1,0.05,79.0,75.05,Cancelled
583,790,4,2026-10-01 18:05:08,1,0.05,19.0,18.05,Cancelled
584,1281,3,2026-10-01 18:00:23,1,0.0,499.0,499.0,Completed
585,1308,10,2026-10-01 17:48:12,1,0.0,25.0,25.0,Refunded
586,214,3,2026-10-01 18:02:34,2,0.0,998.0,998.0,Cancelled
587,692,11,2026-10-01 17:48:44,1,0.2,299.0,239.2,Refunded
588,722,15,2026-10-01 18:04:51,1,0.2,349.0,279.2,Completed
589,762,7,2026-10-01 17:58:48,2,0.0,198.0,198.0,Completed
590,1247,4,2026-10-01 18:04:26,1,0.0,19.0,19.0,Cancelled
591,521,6,2026-10-01 17:57:17,3,0.0,597.0,597.0,Refunded
592,1,12,2026-10-01 17:59:02,1,0.0,59.0,59.0,Completed
593,1061,3,2026-10-01 17:49:56,5,0.0,2495.0,2495.0,Completed
594,455,4,2026-10-01 17:50:13,2,0.0,38.0,38.0,Completed
595,1134,9,2026-10-01 17:50:47,1,0.1,79.0,71.1,Completed
596,194,1,2026-10-01 17:51:29,1,0.0,49.0,49.0,Completed
597,752,15,2026-10-01 17:53:03,1,0.0,349.0,349.0,Completed
598,189,10,2026-10-01 18:05:10,1,0.1,25.0,22.5,Completed
599,1482,6,2026-10-01 17:50:38,2,0.0,398.0,398.0,Cancelled
600,196,10,2026-10-01 18:03:38,1,0.0,25.0,25.0,Cancelled
601,782,2,2026-10-01 17:54:09,2,0.1,298.0,268.2,Completed
602,713,15,2026-10-01 17:50:08,2,0.0,698.0,698.0,Completed
603,465,12,2026-10-01 18:02:21,1,0.05,59.0,56.05,Completed
604,1299,13,2026-10-01 17:57:06,1,0.0,45.0,45.0,Cancelled
605,85,6,2026-10-01 18:03:32,1,0.0,199.0,199.0,Cancelled
606,1430,4,2026-10-01 18:03:03,1,0.05,19.0,18.05,Refunded
607,913,13,2026-10-01 17:52:50,1,0.0,45.0,45.0,Completed
608,885,5,2026-10-01 17:58:55,2,0.0,78.0,78.0,Completed
609,170,8,2026-10-01 17:50:08,1,0.0,15.0,15.0,Refunded
610,538,2,2026-10-01 17:53:51,1,0.0,149.0,149.0,Completed
611,277,8,2026-10-01 17:59:14,1,0.0,15.0,15.0,Cancelled
612,402,9,2026-10-01 18:03:08,1,0.05,79.0,75.05,Completed
613,497,2,2026-10-01 18:05:39,1,0.0,149.0,149.0,Cancelled
614,184,2,2026-10-01 18:02:24,1,0.0,149.0,149.0,Completed
615,391,6,2026-10-01 17:48:22,1,0.05,199.0,189.05,Completed
616,347,6,2026-10-01 18:01:21,1,0.2,199.0,159.2,Refunded
617,1277,3,2026-10-01 17:57:40,1,0.1,499.0,449.1,Completed
618,409,11,2026-10-01 17:47:52,1,0.05,299.0,284.05,Completed
619,231,12,2026-10-01 18:00:57,1,0.1,59.0,53.1,Completed
620,590,1,2026-10-01 17:48:17,1,0.1,49.0,44.1,Completed
621,922,8,2026-10-01 17:47:56,1,0.0,15.0,15.0,Cancelled
622,434,4,2026-10-01 17:55:20,1,0.05,19.0,18.05,Cancelled
623,990,10,2026-10-01 17:58:39,2,0.0,50.0,50.0,Completed
624,772,10,2026-10-01 18:02:13,3,0.0,75.0,75.0,Completed
625,349,1,2026-10-01 17:52:47,1,0.05,49.0,46.55,Cancelled
626,556,1,2026-10-01 17:56:29,1,0.1,49.0,44.1,Completed
627,796,11,2026-10-01 17:55:15,1,0.1,299.0,269.1,Completed
628,221,1,2026-10-01 17:58:47,1,0.1,49.0,44.1,Refunded
629,474,7,2026-10-01 18:03:16,1,0.05,99.0,94.05,Completed
630,993,14,2026-10-01 17:54:29,1,0.0,10.0,10.0,Completed
631,1026,8,2026-10-01 17:59:45,1,0.05,15.0,14.25,Completed
632,507,15,2026-10-01 17:52:51,1,0.0,349.0,349.0,Refunded
633,322,1,2026-10-01 17:54:05,1,0.0,49.0,49.0,Completed
634,484,9,2026-10-01 17:52:42,1,0.0,79.0,79.0,Completed
635,793,15,2026-10-01 17:54:41,5,0.2,1745.0,1396.0,Cancelled
636,574,4,2026-10-01 17:58:10,1,0.1,19.0,17.1,Completed
637,180,12,2026-10-01 17:53:50,1,0.2,59.0,47.2,Cancelled
638,1282,11,2026-10-01 17:51:05,1,0.0,299.0,299.0,Completed
639,874,5,2026-10-01 17:48:32,3,0.0,117.0,117.0,Cancelled
640,270,4,2026-10-01 17:48:59,1,0.0,19.0,19.0,Completed
641,283,5,2026-10-01 17:51:59,1,0.1,39.0,35.1,Completed
642,881,15,2026-10-01 17:59:32,3,0.0,1047.0,1047.0,Cancelled
643,324,6,2026-10-01 17:50:00,1,0.0,199.0,199.0,Completed
644,378,6,2026-10-01 17:58:49,2,0.0,398.0,398.0,Completed
645,653,15,2026-10-01 17:58:24,3,0.2,1047.0,837.6,Completed
646,908,12,2026-10-01 17:55:30,3,0.1,177.0,159.3,Completed
647,312,13,2026-10-01 17:54:46,1,0.0,45.0,45.0,Completed
648,1254,10,2026-10-01 17:54:32,1,0.0,25.0,25.0,Completed
649,1222,4,2026-10-01 17:57:59,1,0.0,19.0,19.0,Completed
650,1410,13,2026-10-01 17:53:13,1,0.0,45.0,45.0,Cancelled
651,961,12,2026-10-01 18:02:07,1,0.0,59.0,59.0,Refunded
652,1007,8,2026-10-01 17:56:54,1,0.0,15.0,15.0,Completed
653,837,13,2026-10-01 17:55:36,3,0.1,135.0,121.5,Refunded
654,456,12,2026-10-01 17:55:03,1,0.0,59.0,59.0,Completed
655,136,3,2026-10-01 17:59:46,3,0.2,1497.0,1197.6,Cancelled
656,1004,12,2026-10-01 17:48:34,1,0.0,59.0,59.0,Completed
657,876,7,2026-10-01 17:52:20,2,0.05,198.0,188.1,Refunded
658,1475,6,2026-10-01 18:02:39,1,0.1,199.0,179.1,Cancelled
659,1217,9,2026-10-01 17:51:51,1,0.1,79.0,71.1,Completed
660,1067,2,2026-10-01 18:00:27,1,0.1,149.0,134.1,Completed
661,504,9,2026-10-01 17:48:31,1,0.2,79.0,63.2,Completed
662,1143,7,2026-10-01 18:02:48,1,0.05,99.0,94.05,Completed
663,389,5,2026-10-01 17:54:46,1,0.1,39.0,35.1,Completed
664,945,3,2026-10-01 18:00:38,1,0.05,499.0,474.05,Completed
665,1414,9,2026-10-01 17:49:19,3,0.0,237.0,237.0,Refunded
666,186,12,2026-10-01 18:02:54,1,0.0,59.0,59.0,Cancelled
667,1426,9,2026-10-01 18:02:37,1,0.0,79.0,79.0,Refunded
668,52,3,2026-10-01 18:01:16,1,0.1,499.0,449.1,Completed
669,932,2,2026-10-01 17:54:25,1,0.05,149.0,141.55,Completed
670,1472,12,2026-10-01 17:54:40,1,0.0,59.0,59.0,Refunded
671,1299,6,2026-10-01 18:00:38,1,0.05,199.0,189.05,Cancelled
672,1254,3,2026-10-01 17:51:54,1,0.0,499.0,499.0,Completed
673,687,10,2026-10-01 17:50:49,2,0.1,50.0,45.0,Completed
674,297,3,2026-10-01 17:53:37,2,0.0,998.0,998.0,Completed
675,634,12,2026-10-01 18:04:56,2,0.0,118.0,118.0,Completed
676,241,15,2026-10-01 18:05:16,1,0.0,349.0,349.0,Cancelled
677,519,1,2026-10-01 17:51:48,1,0.1,49.0,44.1,Cancelled
678,12,10,2026-10-01 17:53:12,2,0.0,50.0,50.0,Cancelled
679,1351,8,2026-10-01 17:54:48,1,0.0,15.0,15.0,Cancelled
680,1230,1,2026-10-01 17:51:45,1,0.0,49.0,49.0,Cancelled
681,1288,9,2026-10-01 18:04:20,2,0.0,158.0,158.0,Completed
682,304,1,2026-10-01 17:59:52,1,0.0,49.0,49.0,Completed
683,1367,10,2026-10-01 17:58:27,2,0.0,50.0,50.0,Completed
684,101,2,2026-10-01 18:01:49,1,0.0,149.0,149.0,Completed
685,1252,11,2026-10-01 17:54:10,1,0.0,299.0,299.0,Cancelled
686,364,8,2026-10-01 17:54:49,2,0.0,30.0,30.0,Completed
687,191,13,2026-10-01 17:50:44,1,0.0,45.0,45.0,Refunded
688,139,13,2026-10-01 18:04:57,1,0.0,45.0,45.0,Completed
689,965,3,2026-10-01 17:59:55,1,0.1,499.0,449.1,Completed
690,1080,7,2026-10-01 18:03:57,1,0.05,99.0,94.05,Cancelled
691,120,2,2026-10-01 17:56:21,1,0.2,149.0,119.2,Cancelled
692,180,8,2026-10-01 18:05:00,2,0.05,30.0,28.5,Completed
693,875,10,2026-10-01 17:51:28,2,0.0,50.0,50.0,Cancelled
694,1277,6,2026-10-01 18:03:14,3,0.05,597.0,567.15,Refunded
695,1065,12,2026-10-01 17:48:12,1,0.0,59.0,59.0,Completed
696,1249,4,2026-10-01 17:47:53,2,0.2,38.0,30.4,Completed
697,243,1,2026-10-01 18:00:37,1,0.05,49.0,46.55,Completed
698,1261,7,2026-10-01 18:01:59,1,0.0,99.0,99.0,Cancelled
699,1306,4,2026-10-01 18:01:18,1,0.0,19.0,19.0,Completed
700,522,13,2026-10-01 17:51:03,1,0.0,45.0,45.0,Cancelled
701,664,13,2026-10-01 17:59:45,1,0.05,45.0,42.75,Completed
702,812,12,2026-10-01 17:59:57,1,0.2,59.0,47.2,Completed
703,398,6,2026-10-01 17:58:13,2,0.1,398.0,358.2,Refunded
704,972,13,2026-10-01 17:49:52,1,0.0,45.0,45.0,Completed
705,1285,8,2026-10-01 18:02:28,2,0.0,30.0,30.0,Completed
706,948,13,2026-10-01 17:57:54,2,0.1,90.0,81.0,Completed
707,1068,5,2026-10-01 17:55:28,1,0.05,39.0,37.05,Cancelled
708,1098,1,2026-10-01 17:50:31,1,0.05,49.0,46.55,Completed
709,136,3,2026-10-01 18:00:57,1,0.0,499.0,499.0,Refunded
710,1284,9,2026-10-01 18:03:44,2,0.0,158.0,158.0,Refunded
711,384,10,2026-10-01 17:48:11,1,0.05,25.0,23.75,Completed
712,1445,14,2026-10-01 17:57:01,1,0.0,10.0,10.0,Refunded
713,178,8,2026-10-01 17:58:41,2,0.0,30.0,30.0,Completed
714,443,9,2026-10-01 17:49:11,1,0.0,79.0,79.0,Completed
715,414,15,2026-10-01 17:52:27,1,0.0,349.0,349.0,Refunded
716,1025,3,2026-10-01 17:56:08,1,0.1,499.0,449.1,Cancelled
717,636,13,2026-10-01 17:53:42,1,0.05,45.0,42.75,Completed
718,1058,11,2026-10-01 17:47:57,5,0.0,1495.0,1495.0,Completed
719,941,7,2026-10-01 17:52:01,2,0.0,198.0,198.0,Completed
720,637,15,2026-10-01 18:05:21,1,0.1,349.0,314.1,Completed
721,683,8,2026-10-01 17:52:57,2,0.0,30.0,30.0,Completed
722,47,10,2026-10-01 17:52:26,2,0.05,50.0,47.5,Completed
723,658,4,2026-10-01 18:03:41,1,0.0,19.0,19.0,Completed
724,904,11,2026-10-01 17:48:58,1,0.0,299.0,299.0,Completed
725,235,1,2026-10-01 17:49:44,3,0.0,147.0,147.0,Completed
726,424,9,2026-10-01 17:54:48,1,0.0,79.0,79.0,Completed
727,1443,13,2026-10-01 17:57:39,1,0.0,45.0,45.0,Completed
728,638,10,2026-10-01 18:00:20,2,0.0,50.0,50.0,Completed
729,267,1,2026-10-01 18:01:48,1,0.05,49.0,46.55,Completed
730,786,1,2026-10-01 17:53:01,1,0.0,49.0,49.0,Cancelled
731,1214,11,2026-10-01 18:01:57,2,0.05,598.0,568.1,Cancelled
732,729,5,2026-10-01 17:53:32,1,0.0,39.0,39.0,Cancelled
733,161,15,2026-10-01 17:53:36,2,0.0,698.0,698.0,Completed
734,191,14,2026-10-01 18:05:21,2,0.05,20.0,19.0,Completed
735,934,5,2026-10-01 17:52:49,1,0.05,39.0,37.05,Refunded
736,964,4,2026-10-01 17:53:50,3,0.0,57.0,57.0,Cancelled
737,529,15,2026-10-01 18:00:06,1,0.0,349.0,349.0,Completed
738,666,8,2026-10-01 17:51:23,1,0.0,15.0,15.0,Completed
739,720,8,2026-10-01 17:53:11,1,0.0,15.0,15.0,Completed
740,1238,10,2026-10-01 17:48:40,1,0.0,25.0,25.0,Completed
741,668,9,2026-10-01 18:04:37,1,0.05,79.0,75.05,Cancelled
742,945,7,2026-10-01 17:54:36,1,0.0,99.0,99.0,Completed
743,1123,3,2026-10-01 17:58:05,3,0.0,1497.0,1497.0,Completed
744,427,14,2026-10-01 18:01:25,1,0.0,10.0,10.0,Refunded
745,1162,13,2026-10-01 18:00:23,1,0.05,45.0,42.75,Completed
746,1358,11,2026-10-01 17:56:42,1,0.1,299.0,269.1,Cancelled
747,997,2,2026-10-01 17:58:36,1,0.0,149.0,149.0,Cancelled
748,200,14,2026-10-01 17:48:37,1,0.0,10.0,10.0,Refunded
749,143,10,2026-10-01 17:48:31,1,0.1,25.0,22.5,Refunded
750,671,8,2026-10-01 17:58:58,1,0.0,15.0,15.0,Completed
751,285,15,2026-10-01 17:48:37,1,0.05,349.0,331.55,Completed
752,301,11,2026-10-01 18:03:42,1,0.0,299.0,299.0,Refunded
753,1261,10,2026-10-01 17:48:49,1,0.0,25.0,25.0,Completed
754,614,10,2026-10-01 17:52:34,2,0.05,50.0,47.5,Refunded
755,1471,15,2026-10-01 18:01:33,1,0.0,349.0,349.0,Completed
756,1253,9,2026-10-01 17:49:14,1,0.0,79.0,79.0,Completed
757,128,6,2026-10-01 18:00:31,3,0.2,597.0,477.6,Completed
758,1441,9,2026-10-01 18:05:34,2,0.0,158.0,158.0,Completed
759,64,4,2026-10-01 17:53:26,1,0.0,19.0,19.0,Completed
760,1458,7,2026-10-01 17:53:02,1,0.0,99.0,99.0,Completed
761,1357,3,2026-10-01 17:51:04,1,0.0,499.0,499.0,Refunded
762,738,14,2026-10-01 17:48:09,1,0.0,10.0,10.0,Completed
763,276,1,2026-10-01 17:59:33,1,0.0,49.0,49.0,Refunded
764,1348,7,2026-10-01 17:55:15,3,0.0,297.0,297.0,Completed
765,1316,13,2026-10-01 17:50:47,1,0.0,45.0,45.0,Cancelled
766,872,10,2026-10-01 18:01:58,1,0.0,25.0,25.0,Cancelled
767,922,7,2026-10-01 17:49:54,1,0.0,99.0,99.0,Cancelled
768,16,10,2026-10-01 17:51:29,1,0.05,25.0,23.75,Cancelled
769,552,7,2026-10-01 18:03:53,3,0.0,297.0,297.0,Completed
770,78,10,2026-10-01 18:03:30,1,0.0,25.0,25.0,Cancelled
771,987,12,2026-10-01 18:01:49,1,0.05,59.0,56.05,Cancelled
772,573,8,2026-10-01 18:02:40,1,0.0,15.0,15.0,Cancelled
773,182,4,2026-10-01 17:52:14,1,0.05,19.0,18.05,Completed
774,1401,11,2026-10-01 17:47:40,1,0.0,299.0,299.0,Cancelled
775,109,15,2026-10-01 17:58:16,1,0.05,349.0,331.55,Refunded
776,930,9,2026-10-01 18:03:54,3,0.0,237.0,237.0,Completed
777,863,6,2026-10-01 18:03:40,3,0.05,597.0,567.15,Completed
778,344,1,2026-10-01 17:56:25,1,0.0,49.0,49.0,Completed
779,1489,13,2026-10-01 17:52:01,1,0.0,45.0,45.0,Refunded
780,1185,3,2026-10-01 17:58:40,1,0.05,499.0,474.05,Completed
781,1279,1,2026-10-01 18:00:07,1,0.0,49.0,49.0,Cancelled
782,158,14,2026-10-01 17:50:56,2,0.0,20.0,20.0,Cancelled
783,576,5,2026-10-01 18:03:57,2,0.0,78.0,78.0,Completed
784,1237,3,2026-10-01 18:04:28,3,0.05,1497.0,1422.15,Refunded
785,758,13,2026-10-01 17:54:20,1,0.05,45.0,42.75,Completed
786,994,3,2026-10-01 17:51:56,2,0.1,998.0,898.2,Completed
787,173,3,2026-10-01 17:55:08,1,0.1,499.0,449.1,Refunded
788,846,13,2026-10-01 18:05:13,1,0.05,45.0,42.75,Completed
789,432,10,2026-10-01 17:52:04,2,0.0,50.0,50.0,Completed
790,238,1,2026-10-01 17:52:31,1,0.0,49.0,49.0,Completed
791,976,12,2026-10-01 17:55:20,3,0.1,177.0,159.3,Completed
792,778,11,2026-10-01 17:50:27,2,0.0,598.0,598.0,Completed
793,1087,14,2026-10-01 17:50:53,1,0.0,10.0,10.0,Refunded
794,783,11,2026-10-01 18:01:26,1,0.0,299.0,299.0,Completed
795,200,15,2026-10-01 17:57:17,1,0.0,349.0,349.0,Refunded
796,1251,15,2026-10-01 17:51:14,1,0.0,349.0,349.0,Completed
797,547,13,2026-10-01 17:56:10,1,0.05,45.0,42.75,Refunded
798,945,13,2026-10-01 17:55:22,1,0.0,45.0,45.0,Cancelled
799,400,9,2026-10-01 17:56:12,1,0.05,79.0,75.05,Completed
800,642,9,2026-10-01 17:53:57,1,0.0,79.0,79.0,Completed
801,25,7,2026-10-01 17:57:55,1,0.0,99.0,99.0,Refunded
802,720,4,2026-10-01 17:58:52,2,0.0,38.0,38.0,Completed
803,49,10,2026-10-01 18:03:25,1,0.1,25.0,22.5,Completed
804,1228,11,2026-10-01 18:05:23,1,0.2,299.0,239.2,Completed
805,1239,3,2026-10-01 18:05:17,1,0.05,499.0,474.05,Cancelled
806,379,15,2026-10-01 17:56:45,1,0.0,349.0,349.0,Completed
807,957,11,2026-10-01 17:52:08,3,0.05,897.0,852.15,Completed
808,875,12,2026-10-01 17:58:50,3,0.05,177.0,168.15,Completed
809,528,3,2026-10-01 18:02:03,2,0.0,998.0,998.0,Completed
810,784,7,2026-10-01 18:00:26,1,0.0,99.0,99.0,Completed
811,365,8,2026-10-01 17:52:36,1,0.2,15.0,12.0,Completed
812,1250,7,2026-10-01 17:48:49,1,0.0,99.0,99.0,Completed
813,1108,13,2026-10-01 18:00:47,1,0.05,45.0,42.75,Completed
814,905,12,2026-10-01 17:49:17,1,0.0,59.0,59.0,Completed
815,1171,12,2026-10-01 17:54:24,1,0.0,59.0,59.0,Refunded
816,305,11,2026-10-01 17:53:52,1,0.1,299.0,269.1,Refunded
817,546,3,2026-10-01 17:48:08,2,0.1,998.0,898.2,Cancelled
818,8,9,2026-10-01 17:52:31,2,0.05,158.0,150.1,Refunded
819,894,7,2026-10-01 17:48:48,2,0.05,198.0,188.1,Completed
820,1107,4,2026-10-01 17:55:46,1,0.2,19.0,15.2,Refunded
821,249,10,2026-10-01 17:53:10,1,0.2,25.0,20.0,Completed
822,1397,5,2026-10-01 18:01:11,1,0.05,39.0,37.05,Completed
823,749,9,2026-10-01 17:58:39,2,0.0,158.0,158.0,Refunded
824,594,11,2026-10-01 17:48:02,1,0.0,299.0,299.0,Refunded
825,1354,4,2026-10-01 18:04:03,1,0.0,19.0,19.0,Completed
826,1292,12,2026-10-01 18:04:09,1,0.0,59.0,59.0,Refunded
827,389,3,2026-10-01 17:59:23,1,0.0,499.0,499.0,Cancelled
828,489,8,2026-10-01 17:54:03,1,0.05,15.0,14.25,Completed
829,1024,9,2026-10-01 18:01:29,3,0.1,237.0,213.3,Completed
830,76,6,2026-10-01 18:03:04,1,0.05,199.0,189.05,Completed
831,831,2,2026-10-01 17:54:58,1,0.05,149.0,141.55,Cancelled
832,939,11,2026-10-01 18:03:07,2,0.0,598.0,598.0,Cancelled
833,478,15,2026-10-01 17:56:37,1,0.05,349.0,331.55,Refunded
834,1340,1,2026-10-01 18:02:39,1,0.1,49.0,44.1,Completed
835,498,12,2026-10-01 17:51:40,1,0.0,59.0,59.0,Completed
836,630,14,2026-10-01 17:57:11,2,0.0,20.0,20.0,Completed
837,1211,2,2026-10-01 18:05:12,2,0.0,298.0,298.0,Refunded
838,1219,13,2026-10-01 17:59:09,1,0.0,45.0,45.0,Completed
839,873,6,2026-10-01 17:59:09,2,0.2,398.0,318.4,Refunded
840,665,2,2026-10-01 17:54:00,3,0.0,447.0,447.0,Completed
841,659,14,2026-10-01 17:56:21,3,0.0,30.0,30.0,Completed
842,1215,3,2026-10-01 17:59:17,1,0.0,499.0,499.0,Completed
843,851,3,2026-10-01 18:04:17,1,0.0,499.0,499.0,Refunded
844,499,15,2026-10-01 18:03:13,1,0.0,349.0,349.0,Cancelled
845,771,13,2026-10-01 17:50:56,1,0.1,45.0,40.5,Completed
846,14,1,2026-10-01 17:59:20,1,0.0,49.0,49.0,Cancelled
847,582,7,2026-10-01 18:05:22,1,0.05,99.0,94.05,Refunded
848,1418,3,2026-10-01 17:56:37,1,0.05,499.0,474.05,Cancelled
849,923,7,2026-10-01 17:49:48,1,0.0,99.0,99.0,Completed
850,1222,3,2026-10-01 18:00:07,2,0.05,998.0,948.1,Completed
851,1285,14,2026-10-01 18:02:12,2,0.0,20.0,20.0,Completed
852,1143,4,2026-10-01 17:48:31,1,0.2,19.0,15.2,Completed
853,1268,6,2026-10-01 17:51:57,2,0.2,398.0,318.4,Cancelled
854,450,8,2026-10-01 17:50:52,2,0.05,30.0,28.5,Completed
855,109,4,2026-10-01 17:55:24,1,0.0,19.0,19.0,Refunded
856,1019,3,2026-10-01 18:03:15,1,0.1,499.0,449.1,Completed
857,1321,6,2026-10-01 17:51:26,1,0.0,199.0,199.0,Completed
858,1264,13,2026-10-01 17:51:45,2,0.0,90.0,90.0,Completed
859,108,15,2026-10-01 17:57:44,1,0.0,349.0,349.0,Completed
860,994,9,2026-10-01 17:51:57,1,0.1,79.0,71.1,Refunded
861,1214,10,2026-10-01 17:59:30,1,0.0,25.0,25.0,Completed
862,472,13,2026-10-01 17:58:07,1,0.0,45.0,45.0,Completed
863,845,14,2026-10-01 18:03:05,1,0.1,10.0,9.0,Completed
864,965,10,2026-10-01 18:02:32,1,0.1,25.0,22.5,Completed
865,443,15,2026-10-01 17:50:28,1,0.0,349.0,349.0,Completed
866,280,8,2026-10-01 18:04:52,2,0.05,30.0,28.5,Completed
867,415,6,2026-10-01 17:53:52,1,0.05,199.0,189.05,Completed
868,575,3,2026-10-01 18:01:13,1,0.0,499.0,499.0,Refunded
869,351,13,2026-10-01 18:05:05,1,0.1,45.0,40.5,Cancelled
870,322,13,2026-10-01 17:54:18,2,0.2,90.0,72.0,Completed
871,1184,9,2026-10-01 17:52:29,2,0.0,158.0,158.0,Cancelled
872,1002,14,2026-10-01 17:55:13,5,0.0,50.0,50.0,Refunded
873,572,1,2026-10-01 17:48:13,2,0.05,98.0,93.1,Completed
874,508,6,2026-10-01 17:54:25,1,0.0,199.0,199.0,Cancelled
875,306,15,2026-10-01 17:59:43,1,0.0,349.0,349.0,Completed
876,83,8,2026-10-01 18:05:35,2,0.0,30.0,30.0,Refunded
877,1088,7,2026-10-01 17:52:49,1,0.05,99.0,94.05,Completed
878,927,8,2026-10-01 18:05:34,1,0.0,15.0,15.0,Completed
879,1420,12,2026-10-01 17:49:15,1,0.0,59.0,59.0,Completed
880,606,4,2026-10-01 18:00:01,1,0.0,19.0,19.0,Refunded
881,1371,5,2026-10-01 17:55:30,1,0.0,39.0,39.0,Cancelled
882,1196,1,2026-10-01 17:53:20,3,0.0,147.0,147.0,Completed
883,1441,7,2026-10-01 18:00:25,1,0.1,99.0,89.1,Refunded
884,1442,11,2026-10-01 17:53:04,1,0.05,299.0,284.05,Refunded
885,1415,6,2026-10-01 17:51:04,1,0.0,199.0,199.0,Completed
886,1430,10,2026-10-01 17:53:18,1,0.05,25.0,23.75,Completed
887,1271,15,2026-10-01 17:55:22,1,0.1,349.0,314.1,Cancelled
888,1382,6,2026-10-01 17:52:50,2,0.0,398.0,398.0,Completed
889,954,10,2026-10-01 18:02:07,1,0.0,25.0,25.0,Cancelled
890,1444,2,2026-10-01 17:54:33,1,0.05,149.0,141.55,Completed
891,686,4,2026-10-01 17:57:09,1,0.05,19.0,18.05,Cancelled
892,1440,4,2026-10-01 17:49:19,2,0.05,38.0,36.1,Completed
893,723,15,2026-10-01 18:01:19,1,0.05,349.0,331.55,Completed
894,112,2,2026-10-01 17:57:46,1,0.0,149.0,149.0,Cancelled
895,1079,14,2026-10-01 18:00:57,1,0.05,10.0,9.5,Cancelled
896,599,8,2026-10-01 18:05:27,1,0.05,15.0,14.25,Completed
897,386,15,2026-10-01 18:02:01,2,0.0,698.0,698.0,Refunded
898,367,5,2026-10-01 18:03:54,3,0.0,117.0,117.0,Completed
899,566,2,2026-10-01 18:03:37,1,0.0,149.0,149.0,Completed
900,1067,11,2026-10-01 17:58:38,1,0.0,299.0,299.0,Cancelled
901,271,8,2026-10-01 17:52:17,1,0.0,15.0,15.0,Completed
902,598,4,2026-10-01 17:57:53,1,0.1,19.0,17.1,Completed
903,1065,11,2026-10-01 17:47:39,1,0.0,299.0,299.0,Completed
904,996,10,2026-10-01 17:50:12,1,0.0,25.0,25.0,Cancelled
905,912,8,2026-10-01 17:56:13,1,0.0,15.0,15.0,Completed
906,352,13,2026-10-01 17:58:17,1,0.0,45.0,45.0,Completed
907,97,3,2026-10-01 17:54:46,1,0.0,499.0,499.0,Completed
908,1267,15,2026-10-01 17:49:55,1,0.0,349.0,349.0,Completed
909,360,14,2026-10-01 17:49:40,2,0.1,20.0,18.0,Completed
910,331,4,2026-10-01 18:01:39,1,0.2,19.0,15.2,Cancelled
911,260,8,2026-10-01 17:52:26,1,0.0,15.0,15.0,Cancelled
912,1449,1,2026-10-01 17:52:33,1,0.2,49.0,39.2,Completed
913,764,8,2026-10-01 18:04:03,1,0.0,15.0,15.0,Completed
914,249,15,2026-10-01 17:53:07,1,0.1,349.0,314.1,Completed
915,939,15,2026-10-01 17:55:55,1,0.0,349.0,349.0,Cancelled
916,1040,6,2026-10-01 18:01:00,1,0.0,199.0,199.0,Completed
917,1175,11,2026-10-01 17:53:05,1,0.0,299.0,299.0,Refunded
918,694,12,2026-10-01 18:01:57,1,0.0,59.0,59.0,Completed
919,286,11,2026-10-01 18:00:59,1,0.0,299.0,299.0,Refunded
920,1265,14,2026-10-01 17:54:15,1,0.0,10.0,10.0,Completed
921,113,10,2026-10-01 17:56:08,1,0.0,25.0,25.0,Completed
922,570,4,2026-10-01 17:59:36,1,0.0,19.0,19.0,Refunded
923,1387,11,2026-10-01 17:50:03,3,0.2,897.0,717.6,Refunded
924,399,8,2026-10-01 17:55:22,1,0.05,15.0,14.25,Completed
925,1366,6,2026-10-01 17:57:04,1,0.05,199.0,189.05,Refunded
926,758,7,2026-10-01 17:52:26,1,0.0,99.0,99.0,Completed
927,631,8,2026-10-01 18:01:21,2,0.0,30.0,30.0,Refunded
928,852,13,2026-10-01 17:51:51,1,0.0,45.0,45.0,Refunded
929,1493,15,2026-10-01 17:52:49,1,0.1,349.0,314.1,Cancelled
930,177,3,2026-10-01 17:54:40,1,0.0,499.0,499.0,Cancelled
931,687,2,2026-10-01 18:02:47,3,0.0,447.0,447.0,Refunded
932,182,1,2026-10-01 17:52:30,1,0.1,49.0,44.1,Refunded
933,359,9,2026-10-01 17:57:03,1,0.0,79.0,79.0,Completed
934,409,3,2026-10-01 17:58:49,2,0.0,998.0,998.0,Refunded
935,87,14,2026-10-01 17:48:01,2,0.1,20.0,18.0,Completed
936,1012,9,2026-10-01 17:51:39,2,0.0,158.0,158.0,Completed
937,316,5,2026-10-01 18:05:25,1,0.05,39.0,37.05,Refunded
938,255,11,2026-10-01 17:58:16,1,0.0,299.0,299.0,Completed
939,1008,15,2026-10-01 18:05:32,1,0.0,349.0,349.0,Completed
940,568,8,2026-10-01 17:51:09,5,0.0,75.0,75.0,Completed
941,1191,8,2026-10-01 18:03:43,1,0.1,15.0,13.5,Refunded
942,1422,14,2026-10-01 17:55:34,1,0.0,10.0,10.0,Cancelled
943,36,14,2026-10-01 18:02:36,1,0.0,10.0,10.0,Completed
944,655,8,2026-10-01 17:57:50,2,0.0,30.0,30.0,Completed
945,109,5,2026-10-01 17:51:54,1,0.05,39.0,37.05,Completed
946,100,5,2026-10-01 18:03:09,1,0.05,39.0,37.05,Completed
947,1053,4,2026-10-01 17:52:53,2,0.0,38.0,38.0,Completed
948,1227,13,2026-10-01 17:50:03,1,0.0,45.0,45.0,Completed
949,1403,13,2026-10-01 17:59:18,1,0.05,45.0,42.75,Completed
950,197,9,2026-10-01 17:56:56,1,0.1,79.0,71.1,Completed
951,281,9,2026-10-01 17:49:02,1,0.05,79.0,75.05,Refunded
952,697,15,2026-10-01 18:00:40,3,0.0,1047.0,1047.0,Completed
953,1031,4,2026-10-01 17:56:22,2,0.05,38.0,36.1,Cancelled
954,1257,12,2026-10-01 17:51:30,2,0.0,118.0,118.0,Cancelled
955,1460,9,2026-10-01 18:03:34,2,0.1,158.0,142.2,Refunded
956,944,15,2026-10-01 18:02:11,1,0.1,349.0,314.1,Completed
957,983,6,2026-10-01 17:53:23,1,0.0,199.0,199.0,Refunded
958,1224,9,2026-10-01 18:04:16,2,0.0,158.0,158.0,Completed
959,59,12,2026-10-01 17:57:35,2,0.0,118.0,118.0,Completed
960,1410,4,2026-10-01 17:55:19,1,0.0,19.0,19.0,Completed
961,871,12,2026-10-01 18:05:29,2,0.0,118.0,118.0,Completed
962,992,13,2026-10-01 17:51:10,1,0.0,45.0,45.0,Completed
963,1352,9,2026-10-01 17:50:40,1,0.0,79.0,79.0,Completed
964,89,2,2026-10-01 18:00:01,1,0.0,149.0,149.0,Completed
965,254,15,2026-10-01 17:55:53,1,0.0,349.0,349.0,Completed
966,379,11,2026-10-01 18:04:31,1,0.0,299.0,299.0,Completed
967,1188,6,2026-10-01 18:02:24,1,0.1,199.0,179.1,Cancelled
968,496,9,2026-10-01 18:02:02,1,0.0,79.0,79.0,Cancelled
969,29,9,2026-10-01 17:49:35,1,0.0,79.0,79.0,Completed
970,352,15,2026-10-01 17:51:14,2,0.0,698.0,698.0,Completed
971,439,15,2026-10-01 17:57:12,1,0.05,349.0,331.55,Completed
972,1430,10,2026-10-01 17:57:03,1,0.05,25.0,23.75,Completed
973,371,14,2026-10-01 17:56:14,1,0.0,10.0,10.0,Completed
974,1054,4,2026-10-01 18:04:59,1,0.05,19.0,18.05,Completed
975,254,8,2026-10-01 17:58:52,1,0.0,15.0,15.0,Completed
976,1444,5,2026-10-01 18:01:58,1,0.0,39.0,39.0,Completed
977,1012,2,2026-10-01 17:56:13,1,0.0,149.0,149.0,Completed
978,1408,14,2026-10-01 17:59:49,1,0.0,10.0,10.0,Completed
979,877,4,2026-10-01 17:50:29,2,0.1,38.0,34.2,Refunded
980,1391,6,2026-10-01 17:48:05,1,0.2,199.0,159.2,Refunded
981,1377,2,2026-10-01 17:51:06,1,0.0,149.0,149.0,Completed
982,245,3,2026-10-01 18:04:13,1,0.05,499.0,474.05,Completed
983,346,2,2026-10-01 17:55:56,1,0.0,149.0,149.0,Completed
984,1219,14,2026-10-01 18:04:32,5,0.0,50.0,50.0,Refunded
985,1486,8,2026-10-01 17:55:12,1,0.05,15.0,14.25,Cancelled
986,1216,5,2026-10-01 18:02:27,2,0.1,78.0,70.2,Refunded
987,730,8,2026-10-01 17:56:43,1,0.2,15.0,12.0,Refunded
988,1048,5,2026-10-01 17:51:11,1,0.0,39.0,39.0,Completed
989,514,8,2026-10-01 18:04:18,1,0.05,15.0,14.25,Completed
990,61,2,2026-10-01 18:00:28,2,0.1,298.0,268.2,Refunded
991,1389,1,2026-10-01 18:05:21,3,0.0,147.0,147.0,Completed
992,313,5,2026-10-01 18:00:42,1,0.0,39.0,39.0,Completed
993,1354,13,2026-10-01 17:49:05,1,0.0,45.0,45.0,Refunded
994,414,5,2026-10-01 17:51:19,1,0.0,39.0,39.0,Completed
995,1111,6,2026-10-01 17:51:00,2,0.0,398.0,398.0,Completed
996,65,7,2026-10-01 17:50:53,2,0.0,198.0,198.0,Refunded
997,645,14,2026-10-01 17:51:39,1,0.0,10.0,10.0,Completed
998,363,9,2026-10-01 17:55:47,1,0.05,79.0,75.05,Completed
999,1007,7,2026-10-01 17:59:57,1,0.05,99.0,94.05,Refunded
1000,225,10,2026-10-01 18:02:02,1,0.05,25.0,23.75,Cancelled
1001,1172,8,2026-10-01 18:01:05,1,0.1,15.0,13.5,Cancelled
1002,115,7,2026-10-01 17:49:00,1,0.0,99.0,99.0,Refunded
1003,1264,11,2026-10-01 17:59:30,1,0.2,299.0,239.2,Completed
1004,126,1,2026-10-01 18:02:40,1,0.0,49.0,49.0,Completed
1005,715,13,2026-10-01 18:03:22,2,0.0,90.0,90.0,Completed
1006,780,2,2026-10-01 18:05:29,1,0.2,149.0,119.2,Refunded
1007,720,1,2026-10-01 17:48:55,1,0.0,49.0,49.0,Completed
1008,1214,2,2026-10-01 18:01:15,3,0.0,447.0,447.0,Completed
1009,235,6,2026-10-01 18:02:23,1,0.0,199.0,199.0,Completed
1010,944,11,2026-10-01 17:48:31,2,0.0,598.0,598.0,Refunded
1011,547,1,2026-10-01 17:55:01,1,0.0,49.0,49.0,Completed
1012,774,10,2026-10-01 17:53:49,1,0.0,25.0,25.0,Refunded
1013,205,12,2026-10-01 17:48:28,1,0.0,59.0,59.0,Cancelled
1014,1367,6,2026-10-01 17:58:52,1,0.0,199.0,199.0,Refunded
1015,414,8,2026-10-01 17:51:01,1,0.2,15.0,12.0,Completed
1016,1098,4,2026-10-01 17:57:37,1,0.0,19.0,19.0,Cancelled
1017,824,13,2026-10-01 18:01:43,1,0.05,45.0,42.75,Completed
1018,1470,14,2026-10-01 17:48:37,1,0.0,10.0,10.0,Completed
1019,138,10,2026-10-01 18:03:14,2,0.0,50.0,50.0,Completed
1020,712,13,2026-10-01 17:56:18,1,0.1,45.0,40.5,Cancelled
1021,615,7,2026-10-01 17:59:53,1,0.0,99.0,99.0,Refunded
1022,824,5,2026-10-01 17:59:23,1,0.0,39.0,39.0,Cancelled
1023,370,15,2026-10-01 17:59:40,1,0.05,349.0,331.55,Completed
1024,1182,8,2026-10-01 17:56:08,1,0.2,15.0,12.0,Refunded
1025,549,15,2026-10-01 17:57:05,1,0.1,349.0,314.1,Refunded
1026,1160,12,2026-10-01 18:02:52,1,0.0,59.0,59.0,Completed
1027,948,3,2026-10-01 17:49:16,1,0.05,499.0,474.05,Completed
1028,892,7,2026-10-01 17:58:43,1,0.1,99.0,89.1,Completed
1029,1299,4,2026-10-01 18:03:17,2,0.0,38.0,38.0,Completed
1030,1324,3,2026-10-01 17:56:37,1,0.05,499.0,474.05,Refunded
1031,489,2,2026-10-01 17:53:07,1,0.0,149.0,149.0,Completed
1032,951,8,2026-10-01 17:54:47,1,0.0,15.0,15.0,Completed
1033,414,3,2026-10-01 17:58:38,1,0.0,499.0,499.0,Completed
1034,1349,9,2026-10-01 18:01:20,1,0.1,79.0,71.1,Refunded
1035,41,1,2026-10-01 17:59:32,2,0.0,98.0,98.0,Cancelled
1036,611,14,2026-10-01 17:53:31,1,0.2,10.0,8.0,Completed
1037,1376,11,2026-10-01 18:04:42,2,0.0,598.0,598.0,Completed
1038,484,2,2026-10-01 17:50:41,1,0.0,149.0,149.0,Completed
1039,1069,11,2026-10-01 17:59:02,2,0.1,598.0,538.2,Cancelled
1040,516,8,2026-10-01 17:59:39,2,0.0,30.0,30.0,Completed
1041,642,6,2026-10-01 17:55:25,2,0.05,398.0,378.1,Completed
1042,867,4,2026-10-01 17:58:27,1,0.0,19.0,19.0,Completed
1043,901,7,2026-10-01 17:58:05,1,0.0,99.0,99.0,Refunded
1044,1093,6,2026-10-01 17:51:06,1,0.0,199.0,199.0,Cancelled
1045,868,8,2026-10-01 17:50:44,1,0.2,15.0,12.0,Completed
1046,744,8,2026-10-01 18:01:30,2,0.1,30.0,27.0,Completed
1047,1322,15,2026-10-01 17:58:19,1,0.1,349.0,314.1,Completed
1048,1415,15,2026-10-01 18:04:37,2,0.0,698.0,698.0,Cancelled
1049,788,5,2026-10-01 17:54:00,1,0.05,39.0,37.05,Completed
1050,1096,14,2026-10-01 18:00:42,1,0.0,10.0,10.0,Completed
1051,805,15,2026-10-01 17:54:33,3,0.0,1047.0,1047.0,Completed
1052,483,5,2026-10-01 17:56:41,1,0.1,39.0,35.1,Refunded
1053,1294,6,2026-10-01 18:04:13,2,0.05,398.0,378.1,Refunded
1054,70,5,2026-10-01 17:59:37,2,0.1,78.0,70.2,Refunded
1055,965,12,2026-10-01 17:59:09,1,0.1,59.0,53.1,Refunded
1056,206,14,2026-10-01 18:02:35,1,0.0,10.0,10.0,Completed
1057,721,7,2026-10-01 17:59:59,1,0.1,99.0,89.1,Completed
1058,929,12,2026-10-01 17:53:05,1,0.0,59.0,59.0,Completed
1059,1291,8,2026-10-01 17:53:24,2,0.0,30.0,30.0,Refunded
1060,410,11,2026-10-01 17:58:40,1,0.0,299.0,299.0,Completed
1061,324,4,2026-10-01 17:48:11,1,0.2,19.0,15.2,Completed
1062,1217,11,2026-10-01 17:51:27,1,0.1,299.0,269.1,Refunded
1063,980,14,2026-10-01 17:54:07,2,0.0,20.0,20.0,Cancelled
1064,671,13,2026-10-01 17:58:14,1,0.0,45.0,45.0,Completed
1065,373,7,2026-10-01 18:04:55,2,0.1,198.0,178.2,Cancelled
1066,460,1,2026-10-01 17:57:45,3,0.1,147.0,132.3,Cancelled
1067,1284,4,2026-10-01 17:53:43,3,0.2,57.0,45.6,Completed
1068,537,12,2026-10-01 18:01:14,2,0.0,118.0,118.0,Cancelled
1069,879,10,2026-10-01 17:50:14,1,0.0,25.0,25.0,Completed
1070,349,10,2026-10-01 17:54:25,1,0.05,25.0,23.75,Refunded
1071,930,14,2026-10-01 17:50:50,1,0.0,10.0,10.0,Completed
1072,391,14,2026-10-01 17:50:44,2,0.0,20.0,20.0,Refunded
1073,783,3,2026-10-01 18:01:27,1,0.0,499.0,499.0,Completed
1074,580,12,2026-10-01 17:56:38,1,0.0,59.0,59.0,Refunded
1075,299,1,2026-10-01 17:52:37,1,0.0,49.0,49.0,Cancelled
1076,924,15,2026-10-01 17:59:15,1,0.0,349.0,349.0,Refunded
1077,176,1,2026-10-01 17:59:43,1,0.1,49.0,44.1,Refunded
1078,1407,4,2026-10-01 18:01:11,2,0.05,38.0,36.1,Cancelled
1079,525,2,2026-10-01 17:52:11,1,0.0,149.0,149.0,Completed
1080,481,8,2026-10-01 18:00:47,3,0.2,45.0,36.0,Cancelled
1081,1454,12,2026-10-01 17:51:11,2,0.0,118.0,118.0,Cancelled
1082,1270,7,2026-10-01 17:57:40,1,0.0,99.0,99.0,Completed
1083,271,15,2026-10-01 17:50:27,1,0.0,349.0,349.0,Completed
1084,348,9,2026-10-01 17:58:42,1,0.0,79.0,79.0,Refunded
1085,271,2,2026-10-01 17:55:19,1,0.0,149.0,149.0,Completed
1086,534,2,2026-10-01 18:02:45,1,0.2,149.0,119.2,Refunded
1087,576,12,2026-10-01 17:49:02,1,0.0,59.0,59.0,Completed
1088,1256,14,2026-10-01 17:56:02,2,0.0,20.0,20.0,Completed
1089,893,15,2026-10-01 17:52:56,1,0.05,349.0,331.55,Refunded
1090,310,9,2026-10-01 17:56:59,2,0.05,158.0,150.1,Refunded
1091,109,4,2026-10-01 17:48:32,1,0.0,19.0,19.0,Completed
1092,964,5,2026-10-01 18:04:31,1,0.0,39.0,39.0,Completed
1093,1014,1,2026-10-01 17:55:18,1,0.2,49.0,39.2,Cancelled
1094,994,8,2026-10-01 17:55:07,1,0.1,15.0,13.5,Completed
1095,254,6,2026-10-01 17:56:01,1,0.1,199.0,179.1,Completed
1096,345,12,2026-10-01 17:55:21,1,0.0,59.0,59.0,Cancelled
1097,435,10,2026-10-01 18:02:40,5,0.0,125.0,125.0,Cancelled
1098,370,7,2026-10-01 17:55:01,3,0.0,297.0,297.0,Refunded
1099,1387,2,2026-10-01 17:52:36,2,0.0,298.0,298.0,Completed
1100,808,6,2026-10-01 17:48:04,1,0.2,199.0,159.2,Completed
1101,315,1,2026-10-01 17:57:46,1,0.1,49.0,44.1,Refunded
1102,930,11,2026-10-01 17:55:58,3,0.0,897.0,897.0,Completed
1103,675,1,2026-10-01 17:48:21,1,0.2,49.0,39.2,Completed
1104,1499,12,2026-10-01 18:04:08,3,0.05,177.0,168.15,Completed
1105,433,14,2026-10-01 18:02:37,1,0.05,10.0,9.5,Completed
1106,114,12,2026-10-01 18:01:47,1,0.2,59.0,47.2,Refunded
1107,190,7,2026-10-01 17:54:12,1,0.0,99.0,99.0,Refunded
1108,183,1,2026-10-01 18:01:43,2,0.0,98.0,98.0,Refunded
1109,584,11,2026-10-01 17:54:00,2,0.05,598.0,568.1,Completed
1110,612,8,2026-10-01 18:05:21,2,0.05,30.0,28.5,Completed
1111,1403,10,2026-10-01 18:01:17,1,0.05,25.0,23.75,Completed
1112,1050,4,2026-10-01 18:00:51,1,0.1,19.0,17.1,Refunded
1113,550,10,2026-10-01 17:56:34,1,0.0,25.0,25.0,Refunded
1114,755,10,2026-10-01 18:00:04,1,0.05,25.0,23.75,Completed
1115,83,9,2026-10-01 17:56:38,1,0.0,79.0,79.0,Completed
1116,1327,11,2026-10-01 18:02:22,2,0.1,598.0,538.2,Cancelled
1117,1290,11,2026-10-01 18:00:17,1,0.0,299.0,299.0,Refunded
1118,163,15,2026-10-01 18:00:05,2,0.0,698.0,698.0,Completed
1119,1402,15,2026-10-01 17:55:39,1,0.0,349.0,349.0,Refunded
1120,606,10,2026-10-01 17:58:34,1,0.0,25.0,25.0,Completed
1121,1052,2,2026-10-01 17:59:50,1,0.0,149.0,149.0,Refunded
1122,1354,12,2026-10-01 17:50:16,1,0.0,59.0,59.0,Completed
1123,1200,2,2026-10-01 17:52:14,2,0.0,298.0,298.0,Refunded
1124,368,13,2026-10-01 17:58:37,1,0.0,45.0,45.0,Completed
1125,853,15,2026-10-01 17:56:04,2,0.0,698.0,698.0,Refunded
1126,1373,8,2026-10-01 17:52:02,1,0.0,15.0,15.0,Completed
1127,433,3,2026-10-01 17:50:56,1,0.2,499.0,399.2,Completed
1128,1380,2,2026-10-01 18:04:58,1,0.0,149.0,149.0,Refunded
1129,239,1,2026-10-01 18:03:53,1,0.0,49.0,49.0,Refunded
1130,1348,12,2026-10-01 17:58:21,1,0.0,59.0,59.0,Cancelled
1131,1264,6,2026-10-01 17:51:13,1,0.2,199.0,159.2,Refunded
1132,620,2,2026-10-01 17:55:25,1,0.0,149.0,149.0,Completed
1133,33,12,2026-10-01 17:59:32,3,0.1,177.0,159.3,Completed
1134,986,11,2026-10-01 17:55:17,1,0.0,299.0,299.0,Cancelled
1135,391,2,2026-10-01 18:03:31,1,0.0,149.0,149.0,Refunded
1136,865,1,2026-10-01 17:56:50,1,0.1,49.0,44.1,Refunded
1137,994,8,2026-10-01 17:49:27,1,0.0,15.0,15.0,Completed
1138,413,5,2026-10-01 18:03:21,1,0.1,39.0,35.1,Completed
1139,684,1,2026-10-01 18:02:35,1,0.1,49.0,44.1,Refunded
1140,852,14,2026-10-01 18:04:37,1,0.0,10.0,10.0,Cancelled
1141,596,1,2026-10-01 18:02:32,1,0.0,49.0,49.0,Cancelled
1142,1485,10,2026-10-01 17:49:51,3,0.1,75.0,67.5,Refunded
1143,475,12,2026-10-01 17:53:29,1,0.0,59.0,59.0,Cancelled
1144,647,9,2026-10-01 17:48:24,1,0.1,79.0,71.1,Refunded
1145,970,2,2026-10-01 18:02:57,1,0.1,149.0,134.1,Completed
1146,919,12,2026-10-01 17:49:36,1,0.0,59.0,59.0,Completed
1147,962,6,2026-10-01 17:59:30,1,0.0,199.0,199.0,Cancelled
1148,1403,6,2026-10-01 18:03:55,3,0.1,597.0,537.3,Refunded
1149,269,15,2026-10-01 17:52:41,1,0.05,349.0,331.55,Refunded
1150,1379,11,2026-10-01 17:49:49,2,0.05,598.0,568.1,Completed
1151,1274,4,2026-10-01 17:59:44,1,0.05,19.0,18.05,Refunded
1152,265,3,2026-10-01 17:49:52,1,0.05,499.0,474.05,Completed
1153,852,8,2026-10-01 17:57:04,1,0.0,15.0,15.0,Completed
1154,38,6,2026-10-01 17:56:15,2,0.0,398.0,398.0,Completed
1155,358,14,2026-10-01 17:48:35,2,0.0,20.0,20.0,Completed
1156,692,7,2026-10-01 18:04:24,1,0.0,99.0,99.0,Cancelled
1157,459,8,2026-10-01 18:02:21,1,0.0,15.0,15.0,Completed
1158,96,13,2026-10-01 17:52:12,2,0.0,90.0,90.0,Completed
1159,1414,14,2026-10-01 18:01:10,1,0.05,10.0,9.5,Completed
1160,897,13,2026-10-01 17:54:59,1,0.1,45.0,40.5,Completed
1161,217,13,2026-10-01 18:03:04,1,0.05,45.0,42.75,Completed
1162,1152,1,2026-10-01 17:58:13,1,0.0,49.0,49.0,Completed
1163,421,15,2026-10-01 17:58:02,1,0.05,349.0,331.55,Refunded
1164,1037,8,2026-10-01 17:58:55,2,0.0,30.0,30.0,Completed
1165,686,14,2026-10-01 17:55:35,1,0.1,10.0,9.0,Refunded
1166,852,13,2026-10-01 18:04:59,2,0.0,90.0,90.0,Refunded
1167,700,5,2026-10-01 18:01:32,1,0.0,39.0,39.0,Completed
1168,1465,13,2026-10-01 17:52:34,1,0.05,45.0,42.75,Completed
1169,311,13,2026-10-01 17:58:23,2,0.0,90.0,90.0,Completed
1170,283,13,2026-10-01 17:47:52,1,0.1,45.0,40.5,Refunded
1171,1058,13,2026-10-01 17:49:27,1,0.1,45.0,40.5,Refunded
1172,299,13,2026-10-01 17:59:52,1,0.1,45.0,40.5,Completed
1173,174,6,2026-10-01 17:51:44,1,0.2,199.0,159.2,Completed
1174,889,1,2026-10-01 17:50:04,1,0.0,49.0,49.0,Completed
1175,1177,1,2026-10-01 17:49:49,3,0.2,147.0,117.6,Cancelled
1176,606,7,2026-10-01 18:01:46,1,0.05,99.0,94.05,Cancelled
1177,624,12,2026-10-01 17:53:09,2,0.1,118.0,106.2,Completed
1178,573,15,2026-10-01 17:54:17,1,0.1,349.0,314.1,Refunded
1179,914,11,2026-10-01 17:56:08,1,0.0,299.0,299.0,Cancelled
1180,1336,8,2026-10-01 17:53:46,1,0.1,15.0,13.5,Refunded
1181,405,15,2026-10-01 17:53:50,1,0.0,349.0,349.0,Completed
1182,799,12,2026-10-01 17:48:39,2,0.1,118.0,106.2,Cancelled
1183,1108,5,2026-10-01 18:04:32,1,0.0,39.0,39.0,Completed
1184,1068,6,2026-10-01 17:51:43,2,0.0,398.0,398.0,Completed
1185,1106,10,2026-10-01 17:58:58,1,0.1,25.0,22.5,Completed
1186,1488,7,2026-10-01 17:50:41,5,0.0,495.0,495.0,Completed
1187,764,5,2026-10-01 17:50:51,1,0.0,39.0,39.0,Completed
1188,1334,2,2026-10-01 18:01:25,1,0.0,149.0,149.0,Completed
1189,929,6,2026-10-01 18:00:52,5,0.1,995.0,895.5,Cancelled
1190,1159,12,2026-10-01 18:01:33,2,0.05,118.0,112.1,Cancelled
1191,1220,4,2026-10-01 18:00:39,1,0.0,19.0,19.0,Cancelled
1192,1378,3,2026-10-01 18:03:50,2,0.0,998.0,998.0,Completed
1193,216,6,2026-10-01 17:52:22,1,0.0,199.0,199.0,Completed
1194,931,2,2026-10-01 17:59:22,1,0.0,149.0,149.0,Refunded
1195,168,2,2026-10-01 17:53:53,1,0.1,149.0,134.1,Refunded
1196,440,8,2026-10-01 17:50:55,1,0.05,15.0,14.25,Refunded
1197,1205,9,2026-10-01 17:58:16,1,0.0,79.0,79.0,Completed
1198,1197,8,2026-10-01 17:59:46,1,0.2,15.0,12.0,Refunded
1199,1499,7,2026-10-01 17:53:42,2,0.0,198.0,198.0,Completed
1200,993,12,2026-10-01 18:02:20,1,0.2,59.0,47.2,Cancelled
1201,1084,2,2026-10-01 17:56:15,1,0.0,149.0,149.0,Completed
1202,322,9,2026-10-01 18:04:42,1,0.2,79.0,63.2,Cancelled
1203,837,2,2026-10-01 17:50:44,1,0.0,149.0,149.0,Completed
1204,1071,3,2026-10-01 17:53:56,1,0.0,499.0,499.0,Completed
1205,622,5,2026-10-01 17:56:32,1,0.05,39.0,37.05,Completed
1206,1208,7,2026-10-01 18:01:21,1,0.1,99.0,89.1,Completed
1207,442,3,2026-10-01 17:54:29,2,0.0,998.0,998.0,Completed
1208,1122,6,2026-10-01 17:55:23,1,0.0,199.0,199.0,Refunded
1209,1174,5,2026-10-01 17:59:38,1,0.1,39.0,35.1,Refunded
1210,974,14,2026-10-01 17:50:26,2,0.05,20.0,19.0,Completed
1211,1034,11,2026-10-01 17:59:14,1,0.0,299.0,299.0,Refunded
1212,306,14,2026-10-01 18:03:04,2,0.0,20.0,20.0,Cancelled
1213,1361,10,2026-10-01 17:50:51,1,0.0,25.0,25.0,Refunded
1214,695,9,2026-10-01 18:05:31,1,0.05,79.0,75.05,Refunded
1215,569,11,2026-10-01 17:56:26,1,0.0,299.0,299.0,Completed
1216,1172,11,2026-10-01 17:48:20,2,0.05,598.0,568.1,Cancelled
1217,1322,2,2026-10-01 17:49:43,1,0.0,149.0,149.0,Cancelled
1218,1110,10,2026-10-01 17:49:40,2,0.2,50.0,40.0,Cancelled
1219,388,13,2026-10-01 18:00:23,1,0.1,45.0,40.5,Completed
1220,1349,15,2026-10-01 17:50:54,1,0.2,349.0,279.2,Completed
1221,422,4,2026-10-01 17:53:24,2,0.1,38.0,34.2,Cancelled
1222,910,2,2026-10-01 17:47:42,2,0.05,298.0,283.1,Refunded
1223,1207,1,2026-10-01 17:48:04,1,0.1,49.0,44.1,Completed
1224,896,3,2026-10-01 17:47:48,1,0.1,499.0,449.1,Completed
1225,783,5,2026-10-01 17:58:48,1,0.2,39.0,31.2,Cancelled
1226,345,5,2026-10-01 18:00:46,1,0.0,39.0,39.0,Completed
1227,316,5,2026-10-01 17:58:06,3,0.05,117.0,111.15,Completed
1228,1259,6,2026-10-01 17:48:35,1,0.05,199.0,189.05,Completed
1229,799,2,2026-10-01 18:00:26,1,0.0,149.0,149.0,Completed
1230,529,7,2026-10-01 17:50:01,3,0.1,297.0,267.3,Completed
1231,415,4,2026-10-01 17:53:32,2,0.0,38.0,38.0,Refunded
1232,1042,13,2026-10-01 17:54:05,1,0.1,45.0,40.5,Completed
1233,125,6,2026-10-01 18:04:39,1,0.0,199.0,199.0,Refunded
1234,60,7,2026-10-01 17:53:51,1,0.1,99.0,89.1,Completed
1235,552,9,2026-10-01 17:55:06,3,0.05,237.0,225.15,Completed
1236,1137,11,2026-10-01 17:59:26,2,0.0,598.0,598.0,Refunded
1237,914,2,2026-10-01 17:50:57,2,0.0,298.0,298.0,Completed
1238,765,9,2026-10-01 17:52:55,5,0.05,395.0,375.25,Cancelled
1239,868,15,2026-10-01 18:00:25,1,0.0,349.0,349.0,Refunded
1240,1272,5,2026-10-01 17:53:41,1,0.0,39.0,39.0,Completed
1241,988,5,2026-10-01 18:02:41,1,0.1,39.0,35.1,Refunded
1242,720,14,2026-10-01 17:53:42,1,0.0,10.0,10.0,Cancelled
1243,577,1,2026-10-01 18:04:58,1,0.0,49.0,49.0,Completed
1244,616,2,2026-10-01 17:52:43,1,0.0,149.0,149.0,Completed
1245,1485,9,2026-10-01 18:02:50,5,0.1,395.0,355.5,Completed
1246,1251,9,2026-10-01 17:48:41,3,0.0,237.0,237.0,Completed
1247,1301,5,2026-10-01 17:48:58,3,0.05,117.0,111.15,Completed
1248,504,11,2026-10-01 17:51:45,5,0.0,1495.0,1495.0,Refunded
1249,1228,6,2026-10-01 17:58:17,1,0.05,199.0,189.05,Completed
1250,1247,8,2026-10-01 17:57:35,1,0.0,15.0,15.0,Completed
1251,847,9,2026-10-01 17:51:19,2,0.05,158.0,150.1,Refunded
1252,1103,2,2026-10-01 17:59:33,2,0.05,298.0,283.1,Completed
1253,1104,1,2026-10-01 17:53:48,2,0.1,98.0,88.2,Refunded
1254,1377,2,2026-10-01 18:05:20,1,0.1,149.0,134.1,Cancelled
1255,734,7,2026-10-01 17:53:21,1,0.05,99.0,94.05,Completed
1256,256,8,2026-10-01 17:51:03,1,0.0,15.0,15.0,Completed
1257,454,12,2026-10-01 18:04:38,1,0.0,59.0,59.0,Completed
1258,393,2,2026-10-01 17:54:14,2,0.05,298.0,283.1,Completed
1259,480,8,2026-10-01 17:52:56,3,0.0,45.0,45.0,Refunded
1260,1442,12,2026-10-01 17:59:09,1,0.0,59.0,59.0,Refunded
1261,228,14,2026-10-01 18:03:10,1,0.0,10.0,10.0,Completed
1262,1131,4,2026-10-01 18:00:55,1,0.0,19.0,19.0,Cancelled
1263,1158,3,2026-10-01 18:02:56,1,0.0,499.0,499.0,Completed
1264,261,5,2026-10-01 17:51:37,3,0.1,117.0,105.3,Cancelled
1265,1493,13,2026-10-01 17:49:53,1,0.1,45.0,40.5,Completed
1266,1420,11,2026-10-01 17:59:11,1,0.0,299.0,299.0,Cancelled
1267,930,1,2026-10-01 17:56:03,3,0.05,147.0,139.65,Completed
1268,662,7,2026-10-01 18:00:07,2,0.0,198.0,198.0,Completed
1269,1393,9,2026-10-01 17:52:28,1,0.0,79.0,79.0,Completed
1270,1478,4,2026-10-01 17:55:49,1,0.1,19.0,17.1,Cancelled
1271,920,6,2026-10-01 18:04:24,1,0.0,199.0,199.0,Completed
1272,1172,13,2026-10-01 17:54:04,1,0.05,45.0,42.75,Refunded
1273,153,15,2026-10-01 18:01:26,1,0.0,349.0,349.0,Completed
1274,129,11,2026-10-01 17:49:04,1,0.0,299.0,299.0,Refunded
1275,50,10,2026-10-01 17:59:52,2,0.1,50.0,45.0,Completed
1276,507,2,2026-10-01 17:49:39,1,0.2,149.0,119.2,Completed
1277,684,9,2026-10-01 18:04:02,2,0.1,158.0,142.2,Cancelled
1278,1269,8,2026-10-01 17:51:01,2,0.05,30.0,28.5,Cancelled
1279,256,2,2026-10-01 18:05:23,3,0.1,447.0,402.3,Refunded
1280,642,15,2026-10-01 17:50:45,2,0.0,698.0,698.0,Completed
1281,127,15,2026-10-01 17:58:35,2,0.0,698.0,698.0,Cancelled
1282,1283,7,2026-10-01 18:05:38,1,0.05,99.0,94.05,Cancelled
1283,107,5,2026-10-01 18:05:27,2,0.0,78.0,78.0,Cancelled
1284,842,4,2026-10-01 18:01:06,2,0.05,38.0,36.1,Cancelled
1285,22,8,2026-10-01 17:54:30,1,0.05,15.0,14.25,Cancelled
1286,1269,2,2026-10-01 17:57:17,1,0.1,149.0,134.1,Completed
1287,930,9,2026-10-01 17:58:35,1,0.0,79.0,79.0,Completed
1288,26,10,2026-10-01 17:52:16,2,0.0,50.0,50.0,Completed
1289,1174,3,2026-10-01 18:02:56,1,0.0,499.0,499.0,Refunded
1290,986,12,2026-10-01 17:54:24,1,0.0,59.0,59.0,Completed
1291,91,1,2026-10-01 17:57:38,1,0.0,49.0,49.0,Cancelled
1292,1335,13,2026-10-01 18:02:12,1,0.0,45.0,45.0,Cancelled
1293,299,3,2026-10-01 18:01:26,1,0.05,499.0,474.05,Completed
1294,756,1,2026-10-01 18:02:30,1,0.05,49.0,46.55,Completed
1295,118,4,2026-10-01 18:00:31,1,0.1,19.0,17.1,Completed
1296,865,6,2026-10-01 17:50:27,1,0.0,199.0,199.0,Completed
1297,141,6,2026-10-01 18:04:23,1,0.0,199.0,199.0,Refunded
1298,1229,12,2026-10-01 17:48:27,1,0.0,59.0,59.0,Completed
1299,1262,5,2026-10-01 18:04:25,1,0.0,39.0,39.0,Refunded
1300,87,8,2026-10-01 17:51:12,1,0.0,15.0,15.0,Completed
1301,1420,4,2026-10-01 17:58:37,1,0.0,19.0,19.0,Refunded
1302,679,13,2026-10-01 18:04:10,2,0.0,90.0,90.0,Completed
1303,14,6,2026-10-01 18:00:55,1,0.0,199.0,199.0,Cancelled
1304,236,3,2026-10-01 17:58:05,1,0.0,499.0,499.0,Cancelled
1305,738,1,2026-10-01 18:04:38,3,0.0,147.0,147.0,Completed
1306,357,4,2026-10-01 17:57:27,2,0.05,38.0,36.1,Completed
1307,1136,4,2026-10-01 17:49:31,1,0.0,19.0,19.0,Completed
1308,208,1,2026-10-01 18:05:39,2,0.0,98.0,98.0,Completed
1309,694,15,2026-10-01 17:49:04,1,0.0,349.0,349.0,Completed
1310,763,11,2026-10-01 17:54:04,1,0.0,299.0,299.0,Cancelled
1311,889,15,2026-10-01 17:50:41,2,0.0,698.0,698.0,Completed
1312,389,4,2026-10-01 17:58:07,1,0.05,19.0,18.05,Completed
1313,1228,7,2026-10-01 17:53:34,3,0.0,297.0,297.0,Completed
1314,1262,10,2026-10-01 17:58:21,1,0.0,25.0,25.0,Completed
1315,672,4,2026-10-01 17:49:17,1,0.05,19.0,18.05,Completed
1316,1041,10,2026-10-01 17:48:36,2,0.0,50.0,50.0,Completed
1317,964,13,2026-10-01 17:49:15,1,0.0,45.0,45.0,Cancelled
1318,795,13,2026-10-01 17:57:59,2,0.05,90.0,85.5,Completed
1319,1022,9,2026-10-01 18:00:47,1,0.0,79.0,79.0,Completed
1320,1077,12,2026-10-01 17:54:04,1,0.2,59.0,47.2,Refunded
1321,550,10,2026-10-01 17:59:39,1,0.1,25.0,22.5,Cancelled
1322,1331,1,2026-10-01 17:49:26,1,0.1,49.0,44.1,Refunded
1323,481,7,2026-10-01 18:02:27,1,0.0,99.0,99.0,Refunded
1324,1171,3,2026-10-01 18:05:00,3,0.0,1497.0,1497.0,Cancelled
1325,174,3,2026-10-01 18:05:32,2,0.0,998.0,998.0,Cancelled
1326,721,4,2026-10-01 17:53:44,1,0.0,19.0,19.0,Cancelled
1327,689,7,2026-10-01 18:05:00,1,0.0,99.0,99.0,Completed
1328,1019,6,2026-10-01 18:00:18,1,0.0,199.0,199.0,Refunded
1329,479,5,2026-10-01 17:49:10,1,0.0,39.0,39.0,Completed
1330,604,14,2026-10-01 17:54:58,1,0.0,10.0,10.0,Completed
1331,567,15,2026-10-01 17:51:01,1,0.0,349.0,349.0,Completed
1332,79,9,2026-10-01 18:03:15,1,0.0,79.0,79.0,Completed
1333,513,5,2026-10-01 17:53:59,2,0.05,78.0,74.1,Completed
1334,391,12,2026-10-01 17:55:12,1,0.0,59.0,59.0,Cancelled
1335,535,1,2026-10-01 17:58:34,2,0.0,98.0,98.0,Completed
1336,828,7,2026-10-01 17:50:08,2,0.05,198.0,188.1,Completed
1337,967,11,2026-10-01 17:54:35,1,0.05,299.0,284.05,Completed
1338,815,4,2026-10-01 18:04:33,1,0.05,19.0,18.05,Refunded
1339,479,9,2026-10-01 17:54:42,1,0.0,79.0,79.0,Refunded
1340,1480,14,2026-10-01 17:48:10,1,0.05,10.0,9.5,Completed
1341,385,7,2026-10-01 17:49:11,2,0.05,198.0,188.1,Completed
1342,899,8,2026-10-01 18:00:40,2,0.0,30.0,30.0,Completed
1343,1183,14,2026-10-01 17:54:40,1,0.1,10.0,9.0,Completed
1344,1024,13,2026-10-01 17:51:37,1,0.0,45.0,45.0,Completed
1345,859,7,2026-10-01 17:57:33,1,0.0,99.0,99.0,Cancelled
1346,614,6,2026-10-01 17:47:48,1,0.0,199.0,199.0,Completed
1347,285,3,2026-10-01 17:55:51,3,0.2,1497.0,1197.6,Cancelled
1348,1290,13,2026-10-01 17:58:56,1,0.05,45.0,42.75,Refunded
1349,781,4,2026-10-01 17:53:41,3,0.0,57.0,57.0,Refunded
1350,386,8,2026-10-01 18:00:57,1,0.0,15.0,15.0,Refunded
1351,1309,15,2026-10-01 17:55:26,1,0.0,349.0,349.0,Cancelled
1352,364,1,2026-10-01 18:00:20,2,0.05,98.0,93.1,Completed
1353,383,4,2026-10-01 18:01:22,1,0.2,19.0,15.2,Completed
1354,422,4,2026-10-01 17:49:10,1,0.0,19.0,19.0,Refunded
1355,118,6,2026-10-01 17:52:58,1,0.0,199.0,199.0,Refunded
1356,801,3,2026-10-01 17:52:29,5,0.0,2495.0,2495.0,Refunded
1357,980,12,2026-10-01 17:56:03,1,0.2,59.0,47.2,Completed
1358,267,14,2026-10-01 17:56:27,1,0.0,10.0,10.0,Refunded
1359,326,10,2026-10-01 18:02:04,1,0.0,25.0,25.0,Completed
1360,1030,12,2026-10-01 17:58:13,1,0.0,59.0,59.0,Completed
1361,293,8,2026-10-01 17:54:38,1,0.0,15.0,15.0,Completed
1362,1077,6,2026-10-01 17:56:57,3,0.1,597.0,537.3,Refunded
1363,948,10,2026-10-01 18:01:37,1,0.0,25.0,25.0,Refunded
1364,711,12,2026-10-01 17:47:59,2,0.05,118.0,112.1,Refunded
1365,1256,14,2026-10-01 18:01:50,2,0.0,20.0,20.0,Completed
1366,368,15,2026-10-01 18:01:46,1,0.0,349.0,349.0,Refunded
1367,1350,3,2026-10-01 18:00:31,1,0.0,499.0,499.0,Completed
1368,491,15,2026-10-01 17:57:08,2,0.0,698.0,698.0,Cancelled
1369,598,11,2026-10-01 17:54:07,3,0.05,897.0,852.15,Completed
1370,1011,7,2026-10-01 18:04:18,5,0.0,495.0,495.0,Completed
1371,157,13,2026-10-01 17:56:18,1,0.05,45.0,42.75,Completed
1372,840,8,2026-10-01 17:48:00,1,0.0,15.0,15.0,Completed
1373,947,1,2026-10-01 18:01:08,1,0.05,49.0,46.55,Refunded
1374,781,6,2026-10-01 17:49:04,2,0.1,398.0,358.2,Refunded
1375,78,1,2026-10-01 18:02:58,1,0.05,49.0,46.55,Completed
1376,670,11,2026-10-01 17:52:02,2,0.0,598.0,598.0,Completed
1377,170,9,2026-10-01 17:55:15,1,0.05,79.0,75.05,Refunded
1378,288,8,2026-10-01 17:50:03,2,0.1,30.0,27.0,Completed
1379,37,10,2026-10-01 17:51:33,1,0.0,25.0,25.0,Cancelled
1380,801,3,2026-10-01 17:51:35,1,0.05,499.0,474.05,Completed
1381,315,8,2026-10-01 17:53:04,1,0.0,15.0,15.0,Completed
1382,1383,9,2026-10-01 18:04:19,1,0.05,79.0,75.05,Cancelled
1383,1313,11,2026-10-01 17:49:55,2,0.1,598.0,538.2,Refunded
1384,1414,5,2026-10-01 17:53:54,1,0.0,39.0,39.0,Completed
1385,773,13,2026-10-01 17:58:49,1,0.0,45.0,45.0,Completed
1386,410,2,2026-10-01 17:53:21,1,0.0,149.0,149.0,Completed
1387,691,14,2026-10-01 17:56:24,1,0.05,10.0,9.5,Completed
1388,198,13,2026-10-01 18:01:14,2,0.05,90.0,85.5,Completed
1389,91,7,2026-10-01 17:57:22,1,0.1,99.0,89.1,Completed
1390,1152,11,2026-10-01 17:57:25,1,0.0,299.0,299.0,Cancelled
1391,810,7,2026-10-01 17:57:22,1,0.0,99.0,99.0,Completed
1392,663,3,2026-10-01 17:56:34,1,0.05,499.0,474.05,Completed
1393,798,4,2026-10-01 17:51:21,1,0.0,19.0,19.0,Completed
1394,1332,10,2026-10-01 17:51:43,1,0.0,25.0,25.0,Completed
1395,842,5,2026-10-01 18:01:07,2,0.0,78.0,78.0,Completed
1396,1460,9,2026-10-01 17:54:32,2,0.1,158.0,142.2,Cancelled
1397,352,5,2026-10-01 17:50:36,3,0.0,117.0,117.0,Refunded
1398,1389,15,2026-10-01 18:04:38,3,0.05,1047.0,994.65,Completed
1399,360,11,2026-10-01 17:54:30,2,0.05,598.0,568.1,Refunded
1400,139,6,2026-10-01 17:51:59,1,0.1,199.0,179.1,Refunded
1401,784,9,2026-10-01 18:05:20,1,0.0,79.0,79.0,Cancelled
1402,1444,1,2026-10-01 17:48:52,1,0.05,49.0,46.55,Completed
1403,633,4,2026-10-01 18:03:39,2,0.05,38.0,36.1,Cancelled
1404,163,1,2026-10-01 18:03:59,1,0.0,49.0,49.0,Completed
1405,311,7,2026-10-01 17:51:22,1,0.0,99.0,99.0,Cancelled
1406,909,12,2026-10-01 17:51:27,2,0.0,118.0,118.0,Completed
1407,1319,13,2026-10-01 17:55:27,2,0.0,90.0,90.0,Refunded
1408,1328,14,2026-10-01 17:48:56,1,0.0,10.0,10.0,Completed
1409,702,4,2026-10-01 18:00:53,1,0.0,19.0,19.0,Completed
1410,1408,12,2026-10-01 17:53:56,2,0.05,118.0,112.1,Refunded
1411,1068,6,2026-10-01 17:50:30,1,0.05,199.0,189.05,Completed
1412,1007,2,2026-10-01 17:49:57,3,0.0,447.0,447.0,Completed
1413,419,3,2026-10-01 17:55:54,1,0.0,499.0,499.0,Completed
1414,484,9,2026-10-01 18:02:31,1,0.05,79.0,75.05,Completed
1415,337,12,2026-10-01 18:00:18,1,0.0,59.0,59.0,Cancelled
1416,510,5,2026-10-01 18:02:36,1,0.0,39.0,39.0,Completed
1417,557,14,2026-10-01 17:52:31,2,0.0,20.0,20.0,Completed
1418,816,7,2026-10-01 18:02:44,1,0.0,99.0,99.0,Cancelled
1419,1249,12,2026-10-01 17:49:03,1,0.0,59.0,59.0,Refunded
1420,41,13,2026-10-01 18:04:50,1,0.1,45.0,40.5,Completed
1421,1219,9,2026-10-01 17:54:06,1,0.05,79.0,75.05,Completed
1422,780,8,2026-10-01 17:54:49,1,0.0,15.0,15.0,Cancelled
1423,1242,8,2026-10-01 17:58:30,1,0.0,15.0,15.0,Refunded
1424,401,3,2026-10-01 17:49:08,3,0.0,1497.0,1497.0,Cancelled
1425,1496,12,2026-10-01 17:48:08,1,0.0,59.0,59.0,Refunded
1426,809,12,2026-10-01 17:52:51,1,0.0,59.0,59.0,Cancelled
1427,146,7,2026-10-01 17:59:18,2,0.2,198.0,158.4,Completed
1428,789,15,2026-10-01 17:56:12,1,0.0,349.0,349.0,Refunded
1429,523,13,2026-10-01 17:53:38,3,0.05,135.0,128.25,Cancelled
1430,1453,8,2026-10-01 17:59:36,1,0.0,15.0,15.0,Completed
1431,1334,7,2026-10-01 18:03:25,3,0.05,297.0,282.15,Completed
1432,979,1,2026-10-01 17:54:29,3,0.0,147.0,147.0,Completed
1433,1429,11,2026-10-01 17:49:34,1,0.0,299.0,299.0,Refunded
1434,1395,3,2026-10-01 18:01:00,1,0.05,499.0,474.05,Completed
1435,26,2,2026-10-01 18:00:37,2,0.05,298.0,283.1,Refunded
1436,815,12,2026-10-01 17:52:52,1,0.1,59.0,53.1,Cancelled
1437,387,15,2026-10-01 17:57:36,1,0.1,349.0,314.1,Completed
1438,1417,5,2026-10-01 18:04:54,1,0.0,39.0,39.0,Refunded
1439,1201,5,2026-10-01 17:49:49,2,0.05,78.0,74.1,Completed
1440,224,11,2026-10-01 17:55:20,1,0.05,299.0,284.05,Completed
1441,551,12,2026-10-01 17:53:55,1,0.05,59.0,56.05,Completed
1442,14,3,2026-10-01 17:54:17,2,0.0,998.0,998.0,Completed
1443,1427,7,2026-10-01 17:59:06,1,0.05,99.0,94.05,Refunded
1444,350,3,2026-10-01 18:02:37,1,0.05,499.0,474.05,Completed
1445,997,3,2026-10-01 17:48:30,1,0.0,499.0,499.0,Cancelled
1446,436,3,2026-10-01 18:02:41,1,0.05,499.0,474.05,Completed
1447,532,15,2026-10-01 17:50:01,2,0.0,698.0,698.0,Cancelled
1448,224,14,2026-10-01 17:56:02,1,0.0,10.0,10.0,Completed
1449,774,2,2026-10-01 17:57:28,1,0.0,149.0,149.0,Cancelled
1450,481,8,2026-10-01 17:53:08,1,0.05,15.0,14.25,Completed
1451,126,5,2026-10-01 17:52:32,2,0.0,78.0,78.0,Cancelled
1452,86,2,2026-10-01 17:58:29,1,0.05,149.0,141.55,Refunded
1453,1235,9,2026-10-01 17:49:35,5,0.05,395.0,375.25,Refunded
1454,970,13,2026-10-01 17:51:27,1,0.0,45.0,45.0,Completed
1455,1397,15,2026-10-01 17:49:52,1,0.0,349.0,349.0,Completed
1456,740,11,2026-10-01 18:01:38,1,0.05,299.0,284.05,Completed
1457,677,13,2026-10-01 18:05:19,1,0.0,45.0,45.0,Refunded
1458,1486,14,2026-10-01 17:48:14,2,0.0,20.0,20.0,Cancelled
1459,252,14,2026-10-01 17:53:26,1,0.2,10.0,8.0,Completed
1460,755,8,2026-10-01 17:58:37,1,0.05,15.0,14.25,Refunded
1461,1055,7,2026-10-01 18:00:17,1,0.0,99.0,99.0,Completed
1462,35,11,2026-10-01 17:48:57,1,0.0,299.0,299.0,Completed
1463,1389,8,2026-10-01 17:52:32,1,0.0,15.0,15.0,Cancelled
1464,167,6,2026-10-01 17:51:11,1,0.1,199.0,179.1,Refunded
1465,1349,14,2026-10-01 17:55:37,1,0.0,10.0,10.0,Refunded
1466,602,10,2026-10-01 17:47:51,1,0.0,25.0,25.0,Cancelled
1467,1172,13,2026-10-01 18:00:39,2,0.0,90.0,90.0,Completed
1468,1020,13,2026-10-01 17:47:46,1,0.1,45.0,40.5,Cancelled
1469,957,3,2026-10-01 17:49:38,2,0.2,998.0,798.4,Refunded
1470,1358,9,2026-10-01 18:00:52,1,0.0,79.0,79.0,Completed
1471,217,7,2026-10-01 17:51:44,5,0.0,495.0,495.0,Completed
1472,786,13,2026-10-01 17:55:18,1,0.05,45.0,42.75,Refunded
1473,1374,2,2026-10-01 17:48:51,1,0.1,149.0,134.1,Refunded
1474,186,13,2026-10-01 17:50:10,1,0.1,45.0,40.5,Cancelled
1475,1231,2,2026-10-01 17:48:19,1,0.0,149.0,149.0,Refunded
1476,1340,11,2026-10-01 18:03:54,2,0.2,598.0,478.4,Refunded
1477,478,4,2026-10-01 18:00:49,1,0.0,19.0,19.0,Completed
1478,183,6,2026-10-01 17:57:17,2,0.1,398.0,358.2,Completed
1479,1174,6,2026-10-01 18:00:51,1,0.0,199.0,199.0,Refunded
1480,1182,12,2026-10-01 18:02:59,1,0.0,59.0,59.0,Cancelled
1481,389,14,2026-10-01 17:55:45,1,0.0,10.0,10.0,Completed
1482,1392,15,2026-10-01 18:04:23,2,0.0,698.0,698.0,Cancelled
1483,1210,4,2026-10-01 17:56:11,1,0.0,19.0,19.0,Refunded
1484,648,3,2026-10-01 17:59:25,2,0.0,998.0,998.0,Completed
1485,1024,11,2026-10-01 18:03:10,1,0.05,299.0,284.05,Completed
1486,1363,14,2026-10-01 18:04:00,2,0.05,20.0,19.0,Cancelled
1487,656,5,2026-10-01 17:52:52,1,0.05,39.0,37.05,Completed
1488,1447,10,2026-10-01 18:03:09,1,0.1,25.0,22.5,Refunded
1489,597,12,2026-10-01 17:59:56,3,0.0,177.0,177.0,Completed
1490,313,14,2026-10-01 17:55:17,2,0.1,20.0,18.0,Completed
1491,1435,12,2026-10-01 17:52:34,1,0.1,59.0,53.1,Completed
1492,999,12,2026-10-01 17:57:26,1,0.2,59.0,47.2,Completed
1493,45,9,2026-10-01 17:53:36,1,0.0,79.0,79.0,Refunded
1494,714,13,2026-10-01 18:00:54,1,0.0,45.0,45.0,Completed
1495,579,12,2026-10-01 17:56:25,3,0.05,177.0,168.15,Cancelled
1496,807,2,2026-10-01 17:53:07,1,0.05,149.0,141.55,Cancelled
1497,111,14,2026-10-01 18:00:12,3,0.0,30.0,30.0,Completed
1498,1183,3,2026-10-01 17:48:21,1,0.0,499.0,499.0,Completed
1499,430,4,2026-10-01 18:02:23,2,0.0,38.0,38.0,Completed
1500,742,12,2026-10-01 17:57:53,2,0.0,118.0,118.0,Completed
1501,772,7,2026-10-01 17:52:33,1,0.0,99.0,99.0,Completed
1502,197,6,2026-10-01 17:49:06,3,0.0,597.0,597.0,Completed
1503,241,9,2026-10-01 18:03:20,1,0.0,79.0,79.0,Completed
1504,1285,12,2026-10-01 18:01:39,1,0.0,59.0,59.0,Completed
1505,813,8,2026-10-01 17:55:23,1,0.0,15.0,15.0,Completed
1506,1337,12,2026-10-01 18:01:22,1,0.05,59.0,56.05,Completed
1507,950,14,2026-10-01 17:51:55,2,0.0,20.0,20.0,Refunded
1508,753,1,2026-10-01 17:59:41,1,0.0,49.0,49.0,Refunded
1509,1314,11,2026-10-01 17:54:45,3,0.0,897.0,897.0,Cancelled
1510,1174,10,2026-10-01 18:01:30,1,0.05,25.0,23.75,Completed
1511,1215,3,2026-10-01 18:02:01,1,0.2,499.0,399.2,Refunded
1512,612,10,2026-10-01 18:01:54,1,0.0,25.0,25.0,Cancelled
1513,379,7,2026-10-01 18:03:22,2,0.0,198.0,198.0,Cancelled
1514,1099,13,2026-10-01 18:03:05,2,0.0,90.0,90.0,Cancelled
1515,1198,9,2026-10-01 18:02:48,2,0.05,158.0,150.1,Completed
1516,425,11,2026-10-01 18:00:54,2,0.0,598.0,598.0,Cancelled
1517,1424,3,2026-10-01 18:03:28,1,0.0,499.0,499.0,Completed
1518,252,1,2026-10-01 18:00:03,1,0.0,49.0,49.0,Completed
1519,180,9,2026-10-01 17:59:10,1,0.05,79.0,75.05,Completed
1520,256,9,2026-10-01 17:58:46,1,0.2,79.0,63.2,Completed
1521,867,11,2026-10-01 18:01:15,1,0.0,299.0,299.0,Cancelled
1522,601,11,2026-10-01 17:52:11,1,0.0,299.0,299.0,Refunded
1523,1424,6,2026-10-01 17:54:40,1,0.2,199.0,159.2,Completed
1524,1242,9,2026-10-01 17:56:02,1,0.05,79.0,75.05,Completed
1525,486,1,2026-10-01 17:55:03,1,0.0,49.0,49.0,Completed
1526,275,10,2026-10-01 17:54:10,1,0.0,25.0,25.0,Completed
1527,264,12,2026-10-01 17:54:17,1,0.0,59.0,59.0,Completed
1528,534,7,2026-10-01 18:00:03,1,0.0,99.0,99.0,Refunded
1529,171,5,2026-10-01 18:03:27,1,0.1,39.0,35.1,Completed
1530,1098,4,2026-10-01 18:01:35,1,0.05,19.0,18.05,Completed
1531,1464,6,2026-10-01 18:00:26,1,0.05,199.0,189.05,Cancelled
1532,1239,3,2026-10-01 17:58:07,1,0.0,499.0,499.0,Refunded
1533,777,1,2026-10-01 17:54:56,3,0.0,147.0,147.0,Completed
1534,256,9,2026-10-01 18:01:03,1,0.0,79.0,79.0,Completed
1535,675,11,2026-10-01 17:52:28,1,0.1,299.0,269.1,Completed
1536,300,14,2026-10-01 18:03:42,2,0.0,20.0,20.0,Completed
1537,773,4,2026-10-01 17:51:21,1,0.0,19.0,19.0,Completed
1538,360,9,2026-10-01 18:03:05,2,0.0,158.0,158.0,Refunded
1539,196,9,2026-10-01 17:57:54,1,0.0,79.0,79.0,Completed
1540,1130,5,2026-10-01 18:01:43,1,0.1,39.0,35.1,Completed
1541,652,13,2026-10-01 17:49:23,1,0.0,45.0,45.0,Cancelled
1542,1130,10,2026-10-01 17:54:27,2,0.0,50.0,50.0,Cancelled
1543,262,5,2026-10-01 17:55:03,1,0.0,39.0,39.0,Completed
1544,1347,3,2026-10-01 17:59:10,1,0.0,499.0,499.0,Completed
1545,109,15,2026-10-01 17:52:59,2,0.2,698.0,558.4,Completed
1546,1389,10,2026-10-01 18:00:46,1,0.0,25.0,25.0,Refunded
1547,725,13,2026-10-01 18:05:18,1,0.0,45.0,45.0,Refunded
1548,1067,12,2026-10-01 18:02:23,2,0.1,118.0,106.2,Completed
1549,1302,14,2026-10-01 17:53:48,1,0.0,10.0,10.0,Completed
1550,185,11,2026-10-01 18:02:46,1,0.05,299.0,284.05,Completed
1551,339,10,2026-10-01 17:48:27,1,0.05,25.0,23.75,Cancelled
1552,1010,13,2026-10-01 17:54:41,2,0.2,90.0,72.0,Refunded
1553,1387,9,2026-10-01 18:00:49,3,0.0,237.0,237.0,Refunded
1554,1055,11,2026-10-01 17:53:31,5,0.1,1495.0,1345.5,Completed
1555,831,1,2026-10-01 17:56:58,1,0.1,49.0,44.1,Completed
1556,1463,7,2026-10-01 17:52:58,2,0.05,198.0,188.1,Completed
1557,1355,15,2026-10-01 18:01:22,2,0.1,698.0,628.2,Cancelled
1558,1401,10,2026-10-01 17:54:24,1,0.0,25.0,25.0,Completed
1559,1382,15,2026-10-01 17:52:47,2,0.0,698.0,698.0,Completed
1560,359,2,2026-10-01 18:01:41,1,0.0,149.0,149.0,Completed
1561,105,7,2026-10-01 17:58:27,1,0.0,99.0,99.0,Completed
1562,693,15,2026-10-01 18:03:38,1,0.1,349.0,314.1,Completed
1563,595,5,2026-10-01 17:56:02,1,0.0,39.0,39.0,Completed
1564,1293,10,2026-10-01 17:52:06,1,0.1,25.0,22.5,Cancelled
1565,73,15,2026-10-01 18:04:15,1,0.05,349.0,331.55,Refunded
1566,118,6,2026-10-01 17:58:26,1,0.0,199.0,199.0,Completed
1567,725,2,2026-10-01 17:48:51,1,0.1,149.0,134.1,Completed
1568,824,6,2026-10-01 17:50:57,1,0.0,199.0,199.0,Completed
1569,174,9,2026-10-01 17:49:52,1,0.0,79.0,79.0,Completed
1570,999,1,2026-10-01 17:50:34,1,0.05,49.0,46.55,Completed
1571,964,7,2026-10-01 17:48:22,1,0.0,99.0,99.0,Completed
1572,1099,13,2026-10-01 17:47:56,1,0.2,45.0,36.0,Refunded
1573,332,3,2026-10-01 17:49:27,1,0.0,499.0,499.0,Completed
1574,1453,4,2026-10-01 17:58:57,1,0.0,19.0,19.0,Completed
1575,809,7,2026-10-01 17:50:43,2,0.1,198.0,178.2,Completed
1576,1365,4,2026-10-01 17:58:20,3,0.2,57.0,45.6,Completed
1577,244,7,2026-10-01 17:59:49,1,0.0,99.0,99.0,Completed
1578,666,13,2026-10-01 17:54:34,2,0.1,90.0,81.0,Cancelled
1579,1487,15,2026-10-01 17:52:47,2,0.1,698.0,628.2,Completed
1580,225,2,2026-10-01 17:54:55,2,0.0,298.0,298.0,Completed
1581,1025,1,2026-10-01 17:58:08,2,0.0,98.0,98.0,Completed
1582,880,10,2026-10-01 17:49:54,2,0.0,50.0,50.0,Completed
1583,578,8,2026-10-01 18:00:02,1,0.0,15.0,15.0,Cancelled
1584,313,12,2026-10-01 17:58:25,1,0.0,59.0,59.0,Completed
1585,540,12,2026-10-01 18:02:53,1,0.1,59.0,53.1,Completed
1586,971,12,2026-10-01 18:03:51,2,0.0,118.0,118.0,Cancelled
1587,1252,3,2026-10-01 17:59:12,1,0.1,499.0,449.1,Completed
1588,470,2,2026-10-01 17:53:37,1,0.0,149.0,149.0,Completed
1589,300,7,2026-10-01 17:57:32,1,0.0,99.0,99.0,Completed
1590,779,7,2026-10-01 17:58:00,1,0.05,99.0,94.05,Completed
1591,455,6,2026-10-01 17:51:06,1,0.0,199.0,199.0,Refunded
1592,1319,1,2026-10-01 17:53:06,1,0.0,49.0,49.0,Completed
1593,719,12,2026-10-01 17:52:50,1,0.0,59.0,59.0,Completed
1594,373,1,2026-10-01 17:53:13,1,0.05,49.0,46.55,Completed
1595,435,5,2026-10-01 18:01:49,1,0.1,39.0,35.1,Completed
1596,883,3,2026-10-01 17:51:41,1,0.0,499.0,499.0,Completed
1597,624,2,2026-10-01 18:01:38,1,0.0,149.0,149.0,Cancelled
1598,267,6,2026-10-01 17:53:03,1,0.1,199.0,179.1,Cancelled
1599,1084,10,2026-10-01 18:03:40,1,0.05,25.0,23.75,Completed
1600,1197,7,2026-10-01 17:57:14,1,0.0,99.0,99.0,Cancelled
1601,247,1,2026-10-01 17:56:09,1,0.1,49.0,44.1,Completed
1602,396,12,2026-10-01 17:51:31,1,0.0,59.0,59.0,Cancelled
1603,1268,6,2026-10-01 17:52:39,1,0.0,199.0,199.0,Completed
1604,1093,12,2026-10-01 18:02:50,1,0.0,59.0,59.0,Refunded
1605,1128,12,2026-10-01 17:50:57,1,0.1,59.0,53.1,Cancelled
1606,712,15,2026-10-01 17:48:59,1,0.05,349.0,331.55,Completed
1607,894,2,2026-10-01 17:52:16,1,0.0,149.0,149.0,Cancelled
1608,45,3,2026-10-01 18:00:39,1,0.05,499.0,474.05,Completed
1609,594,1,2026-10-01 18:03:47,3,0.0,147.0,147.0,Completed
1610,815,8,2026-10-01 18:00:35,1,0.1,15.0,13.5,Completed
1611,339,8,2026-10-01 18:03:55,2,0.0,30.0,30.0,Refunded
1612,821,10,2026-10-01 17:53:28,1,0.0,25.0,25.0,Completed
1613,1172,4,2026-10-01 17:48:19,1,0.0,19.0,19.0,Cancelled
1614,933,9,2026-10-01 18:00:01,2,0.0,158.0,158.0,Completed
1615,452,5,2026-10-01 18:02:42,2,0.0,78.0,78.0,Completed
1616,459,1,2026-10-01 17:53:51,1,0.0,49.0,49.0,Completed
1617,569,15,2026-10-01 18:02:55,1,0.1,349.0,314.1,Completed
1618,1316,4,2026-10-01 17:48:19,5,0.0,95.0,95.0,Completed
1619,3,11,2026-10-01 18:04:26,1,0.05,299.0,284.05,Completed
1620,665,2,2026-10-01 17:59:23,3,0.1,447.0,402.3,Completed
1621,1479,3,2026-10-01 17:59:14,1,0.05,499.0,474.05,Completed
1622,118,11,2026-10-01 17:50:33,2,0.1,598.0,538.2,Completed
1623,1497,5,2026-10-01 18:00:16,1,0.2,39.0,31.2,Cancelled
1624,1347,14,2026-10-01 17:50:00,2,0.05,20.0,19.0,Completed
1625,1480,12,2026-10-01 17:53:41,1,0.1,59.0,53.1,Completed
1626,1283,11,2026-10-01 17:52:15,1,0.0,299.0,299.0,Refunded
1627,452,6,2026-10-01 17:57:53,1,0.0,199.0,199.0,Refunded
1628,319,8,2026-10-01 18:01:05,1,0.05,15.0,14.25,Completed
1629,304,15,2026-10-01 17:52:45,1,0.0,349.0,349.0,Refunded
1630,379,14,2026-10-01 17:51:26,2,0.0,20.0,20.0,Refunded
1631,1494,3,2026-10-01 17:54:22,1,0.0,499.0,499.0,Completed
1632,364,14,2026-10-01 17:58:35,1,0.05,10.0,9.5,Completed
1633,294,2,2026-10-01 17:57:37,1,0.0,149.0,149.0,Refunded
1634,206,12,2026-10-01 17:50:29,1,0.05,59.0,56.05,Completed
1635,1236,2,2026-10-01 17:59:45,1,0.0,149.0,149.0,Completed
1636,1320,15,2026-10-01 18:04:32,1,0.0,349.0,349.0,Completed
1637,549,3,2026-10-01 17:48:11,3,0.0,1497.0,1497.0,Completed
1638,218,9,2026-10-01 18:01:54,2,0.0,158.0,158.0,Completed
1639,415,3,2026-10-01 17:53:25,1,0.0,499.0,499.0,Refunded
1640,335,5,2026-10-01 18:00:06,1,0.0,39.0,39.0,Completed
1641,1114,12,2026-10-01 17:56:16,1,0.0,59.0,59.0,Completed
1642,92,2,2026-10-01 17:54:12,1,0.0,149.0,149.0,Refunded
1643,291,1,2026-10-01 18:05:10,3,0.0,147.0,147.0,Refunded
1644,790,3,2026-10-01 17:57:12,1,0.0,499.0,499.0,Refunded
1645,1407,15,2026-10-01 18:05:24,2,0.1,698.0,628.2,Refunded
1646,348,2,2026-10-01 17:48:27,1,0.2,149.0,119.2,Completed
1647,732,2,2026-10-01 18:04:21,1,0.0,149.0,149.0,Completed
1648,89,10,2026-10-01 17:58:31,1,0.0,25.0,25.0,Completed
1649,1229,3,2026-10-01 17:53:20,1,0.0,499.0,499.0,Completed
1650,1280,14,2026-10-01 17:49:25,1,0.1,10.0,9.0,Completed
1651,1023,11,2026-10-01 17:55:48,1,0.0,299.0,299.0,Completed
1652,5,14,2026-10-01 17:58:06,3,0.0,30.0,30.0,Completed
1653,656,3,2026-10-01 17:56:37,1,0.05,499.0,474.05,Refunded
1654,138,2,2026-10-01 18:02:58,1,0.2,149.0,119.2,Completed
1655,297,2,2026-10-01 18:02:25,1,0.0,149.0,149.0,Refunded
1656,723,6,2026-10-01 17:59:10,1,0.0,199.0,199.0,Refunded
1657,1233,13,2026-10-01 17:49:01,1,0.0,45.0,45.0,Completed
1658,785,7,2026-10-01 17:56:57,1,0.0,99.0,99.0,Refunded
1659,1091,9,2026-10-01 18:03:17,2,0.0,158.0,158.0,Cancelled
1660,1465,7,2026-10-01 17:50:23,1,0.05,99.0,94.05,Completed
1661,1440,2,2026-10-01 17:59:00,1,0.0,149.0,149.0,Completed
1662,743,9,2026-10-01 17:48:43,1,0.0,79.0,79.0,Completed
1663,123,15,2026-10-01 17:52:06,1,0.1,349.0,314.1,Completed
1664,604,8,2026-10-01 17:48:00,1,0.1,15.0,13.5,Refunded
1665,497,4,2026-10-01 17:48:18,2,0.0,38.0,38.0,Completed
1666,241,12,2026-10-01 17:57:58,2,0.0,118.0,118.0,Completed
1667,1426,7,2026-10-01 18:00:38,1,0.05,99.0,94.05,Cancelled
1668,152,8,2026-10-01 17:54:27,2,0.1,30.0,27.0,Completed
1669,301,6,2026-10-01 18:03:41,1,0.0,199.0,199.0,Completed
1670,1166,14,2026-10-01 18:00:37,2,0.0,20.0,20.0,Completed
1671,963,12,2026-10-01 18:00:54,1,0.0,59.0,59.0,Completed
1672,963,7,2026-10-01 17:48:52,2,0.0,198.0,198.0,Completed
1673,588,2,2026-10-01 17:56:52,1,0.1,149.0,134.1,Completed
1674,1238,13,2026-10-01 18:00:27,1,0.0,45.0,45.0,Refunded
1675,868,11,2026-10-01 17:59:06,3,0.0,897.0,897.0,Completed
1676,1172,9,2026-10-01 18:00:10,1,0.0,79.0,79.0,Completed
1677,557,2,2026-10-01 18:05:08,1,0.2,149.0,119.2,Completed
1678,434,7,2026-10-01 18:02:08,1,0.0,99.0,99.0,Completed
1679,1146,10,2026-10-01 18:01:32,2,0.1,50.0,45.0,Refunded
1680,978,6,2026-10-01 17:59:19,1,0.0,199.0,199.0,Refunded
1681,338,1,2026-10-01 17:52:10,2,0.05,98.0,93.1,Completed
1682,553,2,2026-10-01 17:59:28,1,0.0,149.0,149.0,Completed
1683,58,4,2026-10-01 17:56:34,1,0.0,19.0,19.0,Completed
1684,434,10,2026-10-01 17:54:14,1,0.1,25.0,22.5,Completed
1685,1130,4,2026-10-01 18:04:20,1,0.0,19.0,19.0,Completed
1686,175,10,2026-10-01 17:57:15,1,0.0,25.0,25.0,Refunded
1687,94,1,2026-10-01 17:56:45,1,0.1,49.0,44.1,Completed
1688,731,13,2026-10-01 17:50:29,1,0.0,45.0,45.0,Completed
1689,645,13,2026-10-01 18:03:00,1,0.0,45.0,45.0,Completed
1690,1440,11,2026-10-01 17:50:32,1,0.0,299.0,299.0,Cancelled
1691,207,9,2026-10-01 17:58:31,2,0.0,158.0,158.0,Cancelled
1692,783,8,2026-10-01 18:05:01,1,0.1,15.0,13.5,Completed
1693,331,3,2026-10-01 17:51:31,1,0.0,499.0,499.0,Completed
1694,1472,4,2026-10-01 17:48:26,2,0.1,38.0,34.2,Completed
1695,1472,3,2026-10-01 17:52:02,5,0.0,2495.0,2495.0,Cancelled
1696,1335,9,2026-10-01 17:51:18,3,0.0,237.0,237.0,Completed
1697,695,5,2026-10-01 17:55:56,1,0.1,39.0,35.1,Refunded
1698,82,15,2026-10-01 17:50:11,2,0.05,698.0,663.1,Completed
1699,428,10,2026-10-01 17:53:41,1,0.2,25.0,20.0,Cancelled
1700,1286,8,2026-10-01 18:00:23,1,0.0,15.0,15.0,Completed
1701,1121,14,2026-10-01 17:49:52,3,0.05,30.0,28.5,Completed
1702,1022,2,2026-10-01 17:52:54,1,0.0,149.0,149.0,Completed
1703,331,2,2026-10-01 17:55:44,1,0.0,149.0,149.0,Completed
1704,146,3,2026-10-01 17:50:37,2,0.0,998.0,998.0,Refunded
1705,525,13,2026-10-01 17:50:13,2,0.05,90.0,85.5,Completed
1706,254,10,2026-10-01 17:47:58,1,0.0,25.0,25.0,Completed
1707,822,7,2026-10-01 17:48:06,2,0.1,198.0,178.2,Completed
1708,903,6,2026-10-01 17:59:17,1,0.05,199.0,189.05,Completed
1709,766,2,2026-10-01 17:50:03,1,0.0,149.0,149.0,Completed
1710,1398,1,2026-10-01 17:52:58,1,0.05,49.0,46.55,Completed
1711,1434,14,2026-10-01 18:03:22,1,0.0,10.0,10.0,Completed
1712,596,7,2026-10-01 17:58:56,1,0.0,99.0,99.0,Completed
1713,457,7,2026-10-01 17:51:15,2,0.05,198.0,188.1,Completed
1714,955,8,2026-10-01 17:51:48,1,0.1,15.0,13.5,Refunded
1715,224,2,2026-10-01 17:49:34,1,0.0,149.0,149.0,Refunded
1716,888,4,2026-10-01 17:52:23,1,0.0,19.0,19.0,Completed
1717,1238,8,2026-10-01 17:54:27,1,0.05,15.0,14.25,Completed
1718,571,8,2026-10-01 17:50:25,1,0.0,15.0,15.0,Refunded
1719,299,11,2026-10-01 17:53:59,1,0.0,299.0,299.0,Cancelled
1720,779,1,2026-10-01 17:50:46,3,0.0,147.0,147.0,Refunded
1721,970,4,2026-10-01 17:50:46,1,0.1,19.0,17.1,Refunded
1722,553,5,2026-10-01 17:47:46,1,0.0,39.0,39.0,Completed
1723,561,7,2026-10-01 18:02:25,1,0.1,99.0,89.1,Refunded
1724,860,9,2026-10-01 17:55:36,1,0.1,79.0,71.1,Completed
1725,111,2,2026-10-01 17:54:49,2,0.0,298.0,298.0,Completed
1726,337,4,2026-10-01 17:49:21,1,0.0,19.0,19.0,Refunded
1727,1097,12,2026-10-01 17:50:21,2,0.2,118.0,94.4,Refunded
1728,727,15,2026-10-01 18:00:51,1,0.0,349.0,349.0,Completed
1729,1149,13,2026-10-01 17:58:35,2,0.0,90.0,90.0,Cancelled
1730,1263,3,2026-10-01 17:54:13,1,0.2,499.0,399.2,Completed
1731,30,3,2026-10-01 18:03:53,2,0.1,998.0,898.2,Refunded
1732,649,2,2026-10-01 17:54:23,2,0.05,298.0,283.1,Completed
1733,1067,12,2026-10-01 18:04:33,1,0.0,59.0,59.0,Completed
1734,1300,8,2026-10-01 17:54:00,1,0.0,15.0,15.0,Completed
1735,448,12,2026-10-01 18:03:39,3,0.0,177.0,177.0,Cancelled
1736,341,10,2026-10-01 17:57:28,1,0.0,25.0,25.0,Completed
1737,1392,10,2026-10-01 17:49:44,3,0.0,75.0,75.0,Completed
1738,34,5,2026-10-01 18:02:45,2,0.0,78.0,78.0,Completed
1739,1433,8,2026-10-01 17:53:57,1,0.0,15.0,15.0,Refunded
1740,721,6,2026-10-01 18:04:58,2,0.0,398.0,398.0,Completed
1741,233,15,2026-10-01 17:47:51,1,0.0,349.0,349.0,Completed
1742,1133,10,2026-10-01 17:50:21,1,0.0,25.0,25.0,Completed
1743,1351,12,2026-10-01 17:53:39,1,0.05,59.0,56.05,Cancelled
1744,204,2,2026-10-01 17:54:23,2,0.0,298.0,298.0,Completed
1745,1263,15,2026-10-01 17:56:38,1,0.0,349.0,349.0,Cancelled
1746,1116,2,2026-10-01 17:52:33,1,0.0,149.0,149.0,Completed
1747,1368,5,2026-10-01 17:54:06,2,0.0,78.0,78.0,Refunded
1748,1130,7,2026-10-01 17:51:52,1,0.1,99.0,89.1,Completed
1749,719,13,2026-10-01 17:50:14,3,0.0,135.0,135.0,Refunded
1750,16,6,2026-10-01 17:54:04,2,0.0,398.0,398.0,Completed
1751,1349,5,2026-10-01 17:54:02,1,0.1,39.0,35.1,Refunded
1752,1379,4,2026-10-01 17:58:37,1,0.1,19.0,17.1,Completed
1753,32,1,2026-10-01 17:55:25,1,0.0,49.0,49.0,Cancelled
1754,1229,6,2026-10-01 17:53:11,1,0.2,199.0,159.2,Refunded
1755,496,9,2026-10-01 18:01:07,3,0.0,237.0,237.0,Refunded
1756,106,13,2026-10-01 17:57:46,3,0.0,135.0,135.0,Refunded
1757,1492,3,2026-10-01 18:01:43,1,0.0,499.0,499.0,Completed
1758,896,4,2026-10-01 18:04:56,1,0.1,19.0,17.1,Cancelled
1759,243,11,2026-10-01 17:57:23,1,0.0,299.0,299.0,Completed
1760,1133,3,2026-10-01 17:55:05,3,0.0,1497.0,1497.0,Completed
1761,53,7,2026-10-01 18:02:12,1,0.05,99.0,94.05,Completed
1762,57,10,2026-10-01 17:56:12,2,0.1,50.0,45.0,Completed
1763,1172,7,2026-10-01 17:59:25,1,0.05,99.0,94.05,Refunded
1764,1300,11,2026-10-01 17:55:52,2,0.0,598.0,598.0,Completed
1765,609,4,2026-10-01 17:47:53,1,0.0,19.0,19.0,Refunded
1766,534,11,2026-10-01 17:56:14,1,0.0,299.0,299.0,Completed
1767,1285,1,2026-10-01 17:57:15,1,0.0,49.0,49.0,Completed
1768,228,8,2026-10-01 17:53:09,3,0.0,45.0,45.0,Completed
1769,579,5,2026-10-01 17:49:51,2,0.0,78.0,78.0,Refunded
1770,741,15,2026-10-01 17:49:45,2,0.0,698.0,698.0,Refunded
1771,45,7,2026-10-01 17:49:47,1,0.2,99.0,79.2,Completed
1772,431,11,2026-10-01 18:04:30,1,0.1,299.0,269.1,Refunded
1773,330,3,2026-10-01 17:59:23,1,0.1,499.0,449.1,Cancelled
1774,1293,10,2026-10-01 17:49:42,2,0.0,50.0,50.0,Completed
1775,711,8,2026-10-01 18:02:19,5,0.0,75.0,75.0,Completed
1776,325,9,2026-10-01 17:50:22,2,0.1,158.0,142.2,Completed
1777,1242,1,2026-10-01 18:02:52,1,0.0,49.0,49.0,Completed
1778,443,14,2026-10-01 17:48:03,1,0.1,10.0,9.0,Completed
1779,671,3,2026-10-01 17:50:39,1,0.05,499.0,474.05,Completed
1780,549,5,2026-10-01 17:58:31,1,0.2,39.0,31.2,Completed
1781,1451,9,2026-10-01 17:59:59,1,0.0,79.0,79.0,Refunded
1782,894,9,2026-10-01 17:49:53,3,0.1,237.0,213.3,Completed
1783,355,4,2026-10-01 17:56:36,1,0.1,19.0,17.1,Completed
1784,805,2,2026-10-01 17:58:32,1,0.05,149.0,141.55,Completed
1785,340,13,2026-10-01 18:03:02,1,0.05,45.0,42.75,Refunded
1786,914,7,2026-10-01 17:59:52,1,0.0,99.0,99.0,Completed
1787,1276,2,2026-10-01 18:04:02,1,0.0,149.0,149.0,Cancelled
1788,723,6,2026-10-01 18:00:17,2,0.1,398.0,358.2,Refunded
1789,343,15,2026-10-01 18:04:42,1,0.0,349.0,349.0,Cancelled
1790,840,5,2026-10-01 17:57:53,1,0.1,39.0,35.1,Cancelled
1791,722,7,2026-10-01 18:04:20,1,0.0,99.0,99.0,Completed
1792,880,13,2026-10-01 17:58:20,1,0.0,45.0,45.0,Completed
1793,1346,6,2026-10-01 17:54:08,1,0.05,199.0,189.05,Completed
1794,20,6,2026-10-01 17:55:26,1,0.05,199.0,189.05,Completed
1795,954,10,2026-10-01 17:53:28,2,0.1,50.0,45.0,Cancelled
1796,136,7,2026-10-01 17:49:06,1,0.0,99.0,99.0,Completed
1797,211,9,2026-10-01 17:59:41,1,0.05,79.0,75.05,Completed
1798,1176,15,2026-10-01 18:01:38,1,0.05,349.0,331.55,Refunded
1799,651,14,2026-10-01 18:03:31,1,0.0,10.0,10.0,Refunded
1800,1022,1,2026-10-01 18:03:24,5,0.0,245.0,245.0,Completed
1801,928,3,2026-10-01 17:58:43,1,0.0,499.0,499.0,Completed
1802,1181,1,2026-10-01 18:01:24,1,0.05,49.0,46.55,Cancelled
1803,10,15,2026-10-01 18:03:28,1,0.0,349.0,349.0,Refunded
1804,76,15,2026-10-01 18:03:30,1,0.0,349.0,349.0,Completed
1805,1321,1,2026-10-01 18:03:05,1,0.0,49.0,49.0,Refunded
1806,1482,5,2026-10-01 17:52:51,1,0.05,39.0,37.05,Refunded
1807,164,9,2026-10-01 17:52:29,2,0.0,158.0,158.0,Completed
1808,806,5,2026-10-01 18:00:48,1,0.0,39.0,39.0,Completed
1809,766,10,2026-10-01 18:01:58,1,0.0,25.0,25.0,Completed
1810,285,2,2026-10-01 17:48:29,5,0.1,745.0,670.5,Refunded
1811,464,3,2026-10-01 17:52:24,1,0.05,499.0,474.05,Completed
1812,1101,1,2026-10-01 17:58:27,3,0.1,147.0,132.3,Completed
1813,89,2,2026-10-01 18:00:40,1,0.0,149.0,149.0,Completed
1814,675,12,2026-10-01 17:52:44,1,0.1,59.0,53.1,Completed
1815,1431,3,2026-10-01 18:01:17,3,0.0,1497.0,1497.0,Completed
1816,259,6,2026-10-01 18:00:07,2,0.05,398.0,378.1,Refunded
1817,1305,8,2026-10-01 17:48:07,1,0.0,15.0,15.0,Completed
1818,1184,8,2026-10-01 18:02:28,1,0.2,15.0,12.0,Completed
1819,1497,8,2026-10-01 17:53:32,1,0.0,15.0,15.0,Completed
1820,1457,2,2026-10-01 17:52:48,1,0.1,149.0,134.1,Completed
1821,1351,11,2026-10-01 17:53:55,2,0.0,598.0,598.0,Completed
1822,154,8,2026-10-01 17:55:03,1,0.0,15.0,15.0,Completed
1823,959,14,2026-10-01 17:50:53,1,0.0,10.0,10.0,Completed
1824,428,14,2026-10-01 17:48:12,1,0.0,10.0,10.0,Completed
1825,639,12,2026-10-01 18:01:00,1,0.0,59.0,59.0,Cancelled
1826,217,15,2026-10-01 18:03:46,1,0.1,349.0,314.1,Refunded
1827,927,14,2026-10-01 17:52:45,1,0.0,10.0,10.0,Refunded
1828,385,2,2026-10-01 17:56:53,1,0.0,149.0,149.0,Completed
1829,1183,11,2026-10-01 17:59:09,1,0.0,299.0,299.0,Completed
1830,226,4,2026-10-01 17:54:24,1,0.0,19.0,19.0,Completed
1831,59,8,2026-10-01 17:48:23,1,0.0,15.0,15.0,Completed
1832,243,15,2026-10-01 18:04:37,1,0.0,349.0,349.0,Completed
1833,309,7,2026-10-01 18:01:02,1,0.0,99.0,99.0,Completed
1834,904,5,2026-10-01 17:53:03,1,0.0,39.0,39.0,Refunded
1835,1500,15,2026-10-01 17:58:00,1,0.0,349.0,349.0,Refunded
1836,362,10,2026-10-01 17:57:07,1,0.05,25.0,23.75,Cancelled
1837,888,2,2026-10-01 17:55:25,1,0.05,149.0,141.55,Completed
1838,450,2,2026-10-01 17:54:08,1,0.0,149.0,149.0,Completed
1839,489,2,2026-10-01 18:04:15,1,0.0,149.0,149.0,Cancelled
1840,1433,12,2026-10-01 18:04:41,1,0.0,59.0,59.0,Completed
1841,1417,5,2026-10-01 18:02:25,1,0.0,39.0,39.0,Completed
1842,712,11,2026-10-01 18:02:30,1,0.0,299.0,299.0,Completed
1843,194,3,2026-10-01 17:53:06,1,0.05,499.0,474.05,Refunded
1844,626,14,2026-10-01 18:04:17,3,0.0,30.0,30.0,Completed
1845,1396,2,2026-10-01 17:49:41,1,0.0,149.0,149.0,Refunded
1846,291,1,2026-10-01 17:59:42,1,0.0,49.0,49.0,Completed
1847,364,5,2026-10-01 17:51:16,2,0.0,78.0,78.0,Completed
1848,1217,6,2026-10-01 17:49:56,3,0.0,597.0,597.0,Refunded
1849,507,8,2026-10-01 17:58:41,1,0.1,15.0,13.5,Cancelled
1850,1393,5,2026-10-01 18:03:55,2,0.0,78.0,78.0,Completed
1851,301,13,2026-10-01 17:57:31,1,0.0,45.0,45.0,Completed
1852,927,8,2026-10-01 17:52:28,2,0.2,30.0,24.0,Completed
1853,1359,8,2026-10-01 17:55:40,1,0.0,15.0,15.0,Completed
1854,617,12,2026-10-01 18:05:21,1,0.0,59.0,59.0,Cancelled
1855,992,2,2026-10-01 18:04:31,1,0.0,149.0,149.0,Completed
1856,303,7,2026-10-01 17:55:02,2,0.05,198.0,188.1,Completed
1857,732,8,2026-10-01 18:01:51,1,0.0,15.0,15.0,Refunded
1858,737,4,2026-10-01 18:04:23,2,0.0,38.0,38.0,Refunded
1859,1309,2,2026-10-01 17:48:05,3,0.1,447.0,402.3,Cancelled
1860,921,15,2026-10-01 17:58:09,1,0.0,349.0,349.0,Completed
1861,679,7,2026-10-01 17:53:03,1,0.1,99.0,89.1,Completed
1862,634,4,2026-10-01 17:59:12,1,0.0,19.0,19.0,Completed
1863,1255,2,2026-10-01 17:58:15,1,0.0,149.0,149.0,Completed
1864,591,2,2026-10-01 18:02:17,3,0.0,447.0,447.0,Completed
1865,956,11,2026-10-01 17:51:48,1,0.2,299.0,239.2,Cancelled
1866,1144,11,2026-10-01 17:52:04,1,0.0,299.0,299.0,Completed
1867,604,1,2026-10-01 17:57:16,1,0.0,49.0,49.0,Cancelled
1868,253,1,2026-10-01 17:59:17,1,0.0,49.0,49.0,Completed
1869,1353,14,2026-10-01 18:00:23,1,0.0,10.0,10.0,Completed
1870,581,13,2026-10-01 17:52:01,2,0.05,90.0,85.5,Cancelled
1871,318,2,2026-10-01 18:00:15,2,0.0,298.0,298.0,Completed
1872,885,10,2026-10-01 18:03:48,3,0.0,75.0,75.0,Completed
1873,970,15,2026-10-01 17:49:48,1,0.1,349.0,314.1,Refunded
1874,866,7,2026-10-01 17:48:15,3,0.0,297.0,297.0,Completed
1875,619,10,2026-10-01 18:02:54,1,0.0,25.0,25.0,Completed
1876,1185,3,2026-10-01 18:00:16,1,0.0,499.0,499.0,Completed
1877,853,9,2026-10-01 18:01:53,1,0.0,79.0,79.0,Completed
1878,1161,15,2026-10-01 17:56:03,1,0.0,349.0,349.0,Refunded
1879,895,2,2026-10-01 17:54:47,1,0.0,149.0,149.0,Completed
1880,1032,15,2026-10-01 17:58:47,1,0.0,349.0,349.0,Completed
1881,876,8,2026-10-01 17:55:37,1,0.0,15.0,15.0,Completed
1882,1145,1,2026-10-01 17:58:19,3,0.0,147.0,147.0,Completed
1883,1260,15,2026-10-01 18:03:54,1,0.0,349.0,349.0,Cancelled
1884,765,3,2026-10-01 17:57:13,1,0.1,499.0,449.1,Completed
1885,110,13,2026-10-01 17:59:16,2,0.0,90.0,90.0,Completed
1886,948,13,2026-10-01 17:58:57,2,0.0,90.0,90.0,Completed
1887,174,1,2026-10-01 17:54:17,1,0.2,49.0,39.2,Completed
1888,683,10,2026-10-01 17:51:59,1,0.0,25.0,25.0,Refunded
1889,1415,6,2026-10-01 17:58:38,2,0.0,398.0,398.0,Cancelled
1890,1382,9,2026-10-01 17:55:27,2,0.0,158.0,158.0,Completed
1891,1058,3,2026-10-01 17:55:44,1,0.2,499.0,399.2,Completed
1892,458,15,2026-10-01 17:56:09,1,0.1,349.0,314.1,Completed
1893,1287,5,2026-10-01 18:04:19,2,0.1,78.0,70.2,Refunded
1894,1278,12,2026-10-01 18:03:41,1,0.0,59.0,59.0,Completed
1895,1237,15,2026-10-01 17:48:18,1,0.0,349.0,349.0,Completed
1896,213,8,2026-10-01 17:58:20,1,0.0,15.0,15.0,Refunded
1897,114,15,2026-10-01 18:05:05,1,0.0,349.0,349.0,Completed
1898,482,14,2026-10-01 17:50:54,2,0.0,20.0,20.0,Cancelled
1899,1396,8,2026-10-01 18:00:45,2,0.05,30.0,28.5,Refunded
1900,300,11,2026-10-01 17:52:42,1,0.0,299.0,299.0,Completed
1901,350,9,2026-10-01 17:58:37,2,0.0,158.0,158.0,Refunded
1902,984,5,2026-10-01 17:50:25,1,0.0,39.0,39.0,Cancelled
1903,1010,6,2026-10-01 18:04:24,1,0.0,199.0,199.0,Completed
1904,951,7,2026-10-01 18:03:26,2,0.0,198.0,198.0,Completed
1905,937,2,2026-10-01 17:56:43,1,0.0,149.0,149.0,Completed
1906,70,11,2026-10-01 17:49:56,1,0.05,299.0,284.05,Refunded
1907,88,15,2026-10-01 18:02:59,3,0.2,1047.0,837.6,Refunded
1908,1481,8,2026-10-01 18:00:56,1,0.2,15.0,12.0,Completed
1909,1026,14,2026-10-01 17:54:14,2,0.0,20.0,20.0,Cancelled
1910,800,9,2026-10-01 17:57:04,1,0.05,79.0,75.05,Completed
1911,1344,12,2026-10-01 17:52:32,1,0.0,59.0,59.0,Completed
1912,571,13,2026-10-01 18:00:04,2,0.0,90.0,90.0,Refunded
1913,140,15,2026-10-01 17:49:39,2,0.0,698.0,698.0,Refunded
1914,1241,11,2026-10-01 18:03:49,1,0.05,299.0,284.05,Cancelled
1915,1350,9,2026-10-01 17:56:04,1,0.05,79.0,75.05,Cancelled
1916,1190,6,2026-10-01 17:55:16,1,0.1,199.0,179.1,Completed
1917,93,1,2026-10-01 17:47:45,2,0.0,98.0,98.0,Completed
1918,1363,2,2026-10-01 17:58:49,1,0.05,149.0,141.55,Completed
1919,475,13,2026-10-01 17:59:48,2,0.05,90.0,85.5,Completed
1920,216,15,2026-10-01 18:04:07,2,0.05,698.0,663.1,Refunded
1921,861,15,2026-10-01 17:52:38,1,0.05,349.0,331.55,Completed
1922,77,14,2026-10-01 17:56:57,2,0.0,20.0,20.0,Completed
1923,1243,11,2026-10-01 17:58:34,2,0.1,598.0,538.2,Completed
1924,221,12,2026-10-01 18:04:11,1,0.0,59.0,59.0,Cancelled
1925,1140,4,2026-10-01 17:58:22,1,0.0,19.0,19.0,Completed
1926,462,4,2026-10-01 17:54:28,2,0.0,38.0,38.0,Cancelled
1927,394,2,2026-10-01 17:54:04,1,0.05,149.0,141.55,Completed
1928,417,1,2026-10-01 17:51:45,2,0.1,98.0,88.2,Completed
1929,836,10,2026-10-01 17:57:44,1,0.0,25.0,25.0,Completed
1930,1398,12,2026-10-01 17:49:43,3,0.05,177.0,168.15,Cancelled
1931,1017,4,2026-10-01 17:54:18,2,0.0,38.0,38.0,Refunded
1932,1026,6,2026-10-01 18:05:31,1,0.1,199.0,179.1,Completed
1933,138,8,2026-10-01 18:04:51,1,0.0,15.0,15.0,Completed
1934,1166,2,2026-10-01 17:57:17,1,0.0,149.0,149.0,Completed
1935,242,8,2026-10-01 17:56:07,1,0.05,15.0,14.25,Completed
1936,47,4,2026-10-01 18:00:29,2,0.0,38.0,38.0,Completed
1937,800,12,2026-10-01 18:02:05,1,0.1,59.0,53.1,Completed
1938,590,2,2026-10-01 17:48:01,1,0.0,149.0,149.0,Cancelled
1939,1252,9,2026-10-01 17:57:49,1,0.05,79.0,75.05,Cancelled
1940,1429,15,2026-10-01 17:56:33,1,0.0,349.0,349.0,Completed
1941,1338,1,2026-10-01 17:54:37,1,0.0,49.0,49.0,Completed
1942,686,15,2026-10-01 17:52:34,2,0.0,698.0,698.0,Cancelled
1943,676,15,2026-10-01 17:57:45,2,0.1,698.0,628.2,Completed
1944,483,8,2026-10-01 17:48:30,1,0.1,15.0,13.5,Cancelled
1945,1440,14,2026-10-01 17:48:38,2,0.0,20.0,20.0,Completed
1946,853,10,2026-10-01 18:02:02,2,0.1,50.0,45.0,Cancelled
1947,981,3,2026-10-01 17:50:20,1,0.0,499.0,499.0,Completed
1948,1018,9,2026-10-01 18:00:13,1,0.0,79.0,79.0,Refunded
1949,622,13,2026-10-01 18:03:31,2,0.2,90.0,72.0,Completed
1950,114,1,2026-10-01 17:52:41,2,0.1,98.0,88.2,Cancelled
1951,1246,14,2026-10-01 18:02:53,1,0.05,10.0,9.5,Completed
1952,1132,8,2026-10-01 18:00:41,1,0.05,15.0,14.25,Completed
1953,881,12,2026-10-01 17:53:00,1,0.0,59.0,59.0,Refunded
1954,242,15,2026-10-01 18:02:48,1,0.1,349.0,314.1,Completed
1955,397,6,2026-10-01 17:58:22,1,0.0,199.0,199.0,Completed
1956,189,10,2026-10-01 17:51:19,1,0.0,25.0,25.0,Cancelled
1957,1164,1,2026-10-01 17:56:59,5,0.0,245.0,245.0,Completed
1958,117,2,2026-10-01 18:03:12,1,0.0,149.0,149.0,Completed
1959,90,6,2026-10-01 17:57:04,1,0.05,199.0,189.05,Completed
1960,599,3,2026-10-01 17:54:24,1,0.0,499.0,499.0,Completed
1961,1345,2,2026-10-01 18:03:07,1,0.1,149.0,134.1,Completed
1962,1014,12,2026-10-01 17:57:22,2,0.0,118.0,118.0,Completed
1963,909,12,2026-10-01 17:53:12,1,0.0,59.0,59.0,Cancelled
1964,600,14,2026-10-01 17:52:02,1,0.0,10.0,10.0,Completed
1965,654,12,2026-10-01 17:58:40,1,0.0,59.0,59.0,Completed
1966,842,12,2026-10-01 17:48:13,3,0.0,177.0,177.0,Completed
1967,417,15,2026-10-01 17:51:52,1,0.2,349.0,279.2,Completed
1968,625,12,2026-10-01 17:49:26,1,0.0,59.0,59.0,Completed
1969,74,4,2026-10-01 17:58:47,1,0.05,19.0,18.05,Refunded
1970,234,1,2026-10-01 18:03:56,1,0.0,49.0,49.0,Completed
1971,1205,7,2026-10-01 18:00:14,1,0.2,99.0,79.2,Completed
1972,572,14,2026-10-01 17:52:29,1,0.0,10.0,10.0,Refunded
1973,788,8,2026-10-01 17:58:24,1,0.0,15.0,15.0,Completed
1974,1352,7,2026-10-01 18:00:27,1,0.05,99.0,94.05,Completed
1975,1110,13,2026-10-01 17:48:31,1,0.0,45.0,45.0,Cancelled
1976,689,15,2026-10-01 18:02:28,2,0.0,698.0,698.0,Cancelled
1977,444,13,2026-10-01 17:58:42,1,0.05,45.0,42.75,Cancelled
1978,889,14,2026-10-01 18:01:09,1,0.05,10.0,9.5,Completed
1979,224,9,2026-10-01 17:53:43,1,0.05,79.0,75.05,Completed
1980,1096,8,2026-10-01 17:58:47,1,0.05,15.0,14.25,Cancelled
1981,533,3,2026-10-01 17:48:49,3,0.0,1497.0,1497.0,Completed
1982,271,15,2026-10-01 17:57:18,1,0.05,349.0,331.55,Completed
1983,176,4,2026-10-01 17:58:42,2,0.0,38.0,38.0,Cancelled
1984,809,1,2026-10-01 17:48:59,1,0.0,49.0,49.0,Completed
1985,1338,13,2026-10-01 18:05:06,2,0.0,90.0,90.0,Completed
1986,1165,11,2026-10-01 17:49:33,1,0.0,299.0,299.0,Completed
1987,909,8,2026-10-01 17:52:09,1,0.0,15.0,15.0,Completed
1988,735,8,2026-10-01 18:04:36,1,0.0,15.0,15.0,Refunded
1989,120,10,2026-10-01 17:49:49,3,0.0,75.0,75.0,Cancelled
1990,1130,6,2026-10-01 17:49:58,3,0.0,597.0,597.0,Completed
1991,566,5,2026-10-01 17:52:25,2,0.0,78.0,78.0,Completed
1992,301,14,2026-10-01 17:52:49,1,0.0,10.0,10.0,Completed
1993,1341,1,2026-10-01 17:51:08,1,0.0,49.0,49.0,Refunded
1994,1188,6,2026-10-01 18:05:29,1,0.05,199.0,189.05,Completed
1995,1464,5,2026-10-01 17:53:13,3,0.0,117.0,117.0,Completed
1996,1107,12,2026-10-01 17:55:40,1,0.0,59.0,59.0,Completed
1997,159,9,2026-10-01 17:50:47,1,0.0,79.0,79.0,Completed
1998,418,6,2026-10-01 17:59:56,1,0.1,199.0,179.1,Refunded
1999,147,11,2026-10-01 17:59:50,1,0.0,299.0,299.0,Completed
2000,669,10,2026-10-01 17:59:11,2,0.0,50.0,50.0,Refunded
2001,1336,6,2026-10-01 17:50:25,1,0.2,199.0,159.2,Cancelled
2002,64,3,2026-10-01 18:01:44,1,0.0,499.0,499.0,Completed
2003,1211,1,2026-10-01 17:59:22,1,0.0,49.0,49.0,Completed
2004,1047,12,2026-10-01 17:50:01,2,0.0,118.0,118.0,Cancelled
2005,1460,6,2026-10-01 18:04:27,3,0.0,597.0,597.0,Cancelled
2006,67,11,2026-10-01 18:01:19,2,0.0,598.0,598.0,Completed
2007,159,15,2026-10-01 17:49:46,5,0.0,1745.0,1745.0,Cancelled
2008,1291,9,2026-10-01 18:05:33,2,0.0,158.0,158.0,Completed
2009,1081,13,2026-10-01 18:01:51,1,0.0,45.0,45.0,Cancelled
2010,1066,8,2026-10-01 18:01:09,1,0.0,15.0,15.0,Cancelled
2011,601,15,2026-10-01 17:52:56,1,0.0,349.0,349.0,Completed
2012,473,8,2026-10-01 17:50:42,1,0.2,15.0,12.0,Completed
2013,912,12,2026-10-01 17:54:43,3,0.0,177.0,177.0,Completed
2014,721,9,2026-10-01 18:02:57,1,0.1,79.0,71.1,Refunded
2015,1240,4,2026-10-01 17:53:04,1,0.0,19.0,19.0,Cancelled
2016,257,15,2026-10-01 17:51:35,1,0.05,349.0,331.55,Refunded
2017,1381,10,2026-10-01 17:56:33,1,0.05,25.0,23.75,Completed
2018,700,6,2026-10-01 17:55:24,1,0.0,199.0,199.0,Cancelled
2019,304,10,2026-10-01 17:55:49,1,0.1,25.0,22.5,Completed
2020,369,15,2026-10-01 17:49:34,1,0.0,349.0,349.0,Refunded
2021,540,13,2026-10-01 17:48:28,1,0.1,45.0,40.5,Completed
2022,259,14,2026-10-01 17:49:26,1,0.0,10.0,10.0,Completed
2023,150,3,2026-10-01 17:55:20,1,0.0,499.0,499.0,Refunded
2024,865,6,2026-10-01 18:03:59,1,0.05,199.0,189.05,Completed
2025,1459,5,2026-10-01 17:49:05,1,0.1,39.0,35.1,Completed
2026,1212,10,2026-10-01 17:49:05,1,0.2,25.0,20.0,Completed
2027,152,12,2026-10-01 17:55:07,3,0.1,177.0,159.3,Refunded
2028,1292,8,2026-10-01 17:55:35,2,0.0,30.0,30.0,Refunded
2029,1434,3,2026-10-01 17:52:51,2,0.05,998.0,948.1,Cancelled
2030,1044,2,2026-10-01 17:52:20,1,0.0,149.0,149.0,Cancelled
2031,758,11,2026-10-01 18:04:44,1,0.0,299.0,299.0,Refunded
2032,362,9,2026-10-01 17:58:33,2,0.0,158.0,158.0,Completed
2033,476,5,2026-10-01 17:58:40,1,0.0,39.0,39.0,Cancelled
2034,1076,10,2026-10-01 18:00:52,1,0.1,25.0,22.5,Completed
2035,662,7,2026-10-01 18:01:09,1,0.0,99.0,99.0,Completed
2036,86,14,2026-10-01 17:48:18,3,0.1,30.0,27.0,Completed
2037,882,9,2026-10-01 18:05:03,1,0.1,79.0,71.1,Completed
2038,204,6,2026-10-01 17:57:32,1,0.0,199.0,199.0,Completed
2039,997,8,2026-10-01 18:04:27,1,0.0,15.0,15.0,Completed
2040,1242,13,2026-10-01 17:48:27,1,0.0,45.0,45.0,Completed
2041,289,2,2026-10-01 18:01:48,1,0.1,149.0,134.1,Completed
2042,57,10,2026-10-01 17:49:58,3,0.2,75.0,60.0,Cancelled
2043,1102,13,2026-10-01 17:49:01,1,0.0,45.0,45.0,Completed
2044,757,4,2026-10-01 17:54:28,1,0.1,19.0,17.1,Refunded
2045,1500,8,2026-10-01 17:48:52,1,0.1,15.0,13.5,Completed
2046,225,12,2026-10-01 17:54:46,2,0.1,118.0,106.2,Refunded
2047,886,8,2026-10-01 17:55:29,1,0.1,15.0,13.5,Completed
2048,1499,11,2026-10-01 18:04:25,1,0.0,299.0,299.0,Completed
2049,456,12,2026-10-01 17:47:53,1,0.0,59.0,59.0,Completed
2050,566,8,2026-10-01 17:59:34,1,0.0,15.0,15.0,Completed
2051,1448,12,2026-10-01 17:50:24,1,0.1,59.0,53.1,Refunded
2052,206,15,2026-10-01 18:00:12,2,0.0,698.0,698.0,Completed
2053,1144,11,2026-10-01 18:05:01,2,0.05,598.0,568.1,Completed
2054,504,3,2026-10-01 17:53:15,1,0.1,499.0,449.1,Completed
2055,1380,4,2026-10-01 18:01:12,1,0.0,19.0,19.0,Completed
2056,1018,5,2026-10-01 17:54:54,1,0.05,39.0,37.05,Completed
2057,1058,14,2026-10-01 17:52:50,2,0.0,20.0,20.0,Refunded
2058,138,8,2026-10-01 17:47:54,1,0.0,15.0,15.0,Completed
2059,80,7,2026-10-01 17:57:15,1,0.05,99.0,94.05,Cancelled
2060,481,11,2026-10-01 17:56:43,1,0.0,299.0,299.0,Completed
2061,615,14,2026-10-01 18:00:25,1,0.0,10.0,10.0,Refunded
2062,1004,13,2026-10-01 18:05:05,1,0.0,45.0,45.0,Cancelled
2063,986,5,2026-10-01 18:00:54,1,0.0,39.0,39.0,Completed
2064,860,8,2026-10-01 17:53:06,1,0.05,15.0,14.25,Completed
2065,361,8,2026-10-01 17:54:31,3,0.05,45.0,42.75,Completed
2066,1428,7,2026-10-01 17:56:23,2,0.05,198.0,188.1,Refunded
2067,1002,10,2026-10-01 17:59:04,1,0.0,25.0,25.0,Completed
2068,549,9,2026-10-01 17:54:19,1,0.1,79.0,71.1,Refunded
2069,125,9,2026-10-01 17:58:48,2,0.0,158.0,158.0,Completed
2070,843,7,2026-10-01 17:56:32,2,0.0,198.0,198.0,Completed
2071,112,5,2026-10-01 18:01:03,1,0.0,39.0,39.0,Completed
2072,632,8,2026-10-01 17:51:43,1,0.0,15.0,15.0,Completed
2073,1098,4,2026-10-01 17:57:23,2,0.0,38.0,38.0,Cancelled
2074,1251,6,2026-10-01 18:03:03,1,0.0,199.0,199.0,Completed
2075,777,2,2026-10-01 17:48:38,2,0.0,298.0,298.0,Completed
2076,1133,2,2026-10-01 18:02:51,1,0.0,149.0,149.0,Completed
2077,1097,4,2026-10-01 18:05:07,5,0.1,95.0,85.5,Refunded
2078,1471,4,2026-10-01 18:01:29,1,0.0,19.0,19.0,Completed
2079,679,7,2026-10-01 17:54:38,1,0.05,99.0,94.05,Completed
2080,74,14,2026-10-01 17:53:57,1,0.1,10.0,9.0,Completed
2081,1028,7,2026-10-01 17:51:29,2,0.0,198.0,198.0,Completed
2082,618,1,2026-10-01 17:49:04,1,0.05,49.0,46.55,Completed
2083,70,5,2026-10-01 18:00:52,2,0.1,78.0,70.2,Refunded
2084,1343,7,2026-10-01 17:51:17,1,0.05,99.0,94.05,Completed
2085,174,2,2026-10-01 17:54:40,1,0.05,149.0,141.55,Refunded
2086,42,1,2026-10-01 17:54:28,2,0.0,98.0,98.0,Completed
2087,196,12,2026-10-01 17:57:50,1,0.0,59.0,59.0,Cancelled
2088,640,13,2026-10-01 17:54:57,1,0.0,45.0,45.0,Completed
2089,619,5,2026-10-01 17:58:00,1,0.0,39.0,39.0,Cancelled
2090,966,7,2026-10-01 17:59:58,1,0.0,99.0,99.0,Refunded
2091,1149,5,2026-10-01 18:03:28,1,0.1,39.0,35.1,Cancelled
2092,1038,4,2026-10-01 17:49:30,1,0.2,19.0,15.2,Refunded
2093,764,13,2026-10-01 17:55:29,1,0.0,45.0,45.0,Completed
2094,1184,1,2026-10-01 17:56:15,1,0.0,49.0,49.0,Completed
2095,977,10,2026-10-01 17:55:03,1,0.0,25.0,25.0,Completed
2096,1291,2,2026-10-01 18:05:05,1,0.0,149.0,149.0,Refunded
2097,1216,4,2026-10-01 17:48:27,1,0.0,19.0,19.0,Refunded
2098,1072,12,2026-10-01 17:58:13,2,0.05,118.0,112.1,Completed
2099,1011,5,2026-10-01 17:48:04,1,0.05,39.0,37.05,Completed
2100,75,6,2026-10-01 17:55:02,1,0.0,199.0,199.0,Completed
2101,550,12,2026-10-01 17:53:49,1,0.0,59.0,59.0,Refunded
2102,1118,8,2026-10-01 17:59:02,1,0.05,15.0,14.25,Completed
2103,945,12,2026-10-01 17:54:41,1,0.0,59.0,59.0,Completed
2104,216,7,2026-10-01 18:04:42,1,0.0,99.0,99.0,Completed
2105,332,9,2026-10-01 18:00:54,2,0.0,158.0,158.0,Refunded
2106,233,1,2026-10-01 17:58:49,2,0.0,98.0,98.0,Cancelled
2107,998,3,2026-10-01 18:03:16,2,0.0,998.0,998.0,Refunded
2108,19,5,2026-10-01 18:00:59,1,0.2,39.0,31.2,Completed
2109,1071,6,2026-10-01 17:53:17,1,0.0,199.0,199.0,Completed
2110,290,5,2026-10-01 18:04:25,1,0.0,39.0,39.0,Cancelled
2111,1464,6,2026-10-01 18:04:02,1,0.0,199.0,199.0,Refunded
2112,432,15,2026-10-01 17:57:23,1,0.05,349.0,331.55,Completed
2113,337,9,2026-10-01 17:56:07,2,0.0,158.0,158.0,Completed
2114,853,3,2026-10-01 17:50:18,1,0.0,499.0,499.0,Completed
2115,639,12,2026-10-01 17:51:18,1,0.05,59.0,56.05,Cancelled
2116,940,6,2026-10-01 17:47:39,1,0.05,199.0,189.05,Cancelled
2117,321,2,2026-10-01 17:48:42,1,0.0,149.0,149.0,Completed
2118,707,11,2026-10-01 17:49:21,1,0.0,299.0,299.0,Completed
2119,873,10,2026-10-01 17:48:01,2,0.0,50.0,50.0,Refunded
2120,522,9,2026-10-01 17:57:00,1,0.05,79.0,75.05,Completed
2121,1214,3,2026-10-01 17:47:39,1,0.0,499.0,499.0,Completed
2122,539,10,2026-10-01 17:58:00,1,0.05,25.0,23.75,Cancelled
2123,1321,13,2026-10-01 18:02:50,1,0.0,45.0,45.0,Cancelled
2124,1239,5,2026-10-01 18:00:40,3,0.05,117.0,111.15,Cancelled
2125,1370,15,2026-10-01 17:53:05,1,0.0,349.0,349.0,Completed
2126,444,2,2026-10-01 17:50:58,3,0.05,447.0,424.65,Completed
2127,338,8,2026-10-01 17:49:28,2,0.0,30.0,30.0,Completed
2128,281,9,2026-10-01 18:00:12,2,0.0,158.0,158.0,Refunded
2129,670,5,2026-10-01 17:54:59,1,0.0,39.0,39.0,Cancelled
2130,806,7,2026-10-01 17:54:09,2,0.05,198.0,188.1,Completed
2131,639,14,2026-10-01 18:02:05,1,0.0,10.0,10.0,Cancelled
2132,439,3,2026-10-01 18:00:22,3,0.1,1497.0,1347.3,Completed
2133,896,9,2026-10-01 17:50:14,1,0.05,79.0,75.05,Completed
2134,1404,2,2026-10-01 17:57:12,1,0.0,149.0,149.0,Completed
2135,365,1,2026-10-01 18:01:54,2,0.1,98.0,88.2,Completed
2136,1492,7,2026-10-01 17:48:24,1,0.0,99.0,99.0,Completed
2137,784,6,2026-10-01 17:57:48,1,0.05,199.0,189.05,Completed
2138,402,8,2026-10-01 17:48:50,1,0.0,15.0,15.0,Cancelled
2139,636,6,2026-10-01 17:51:44,1,0.0,199.0,199.0,Completed
2140,1030,15,2026-10-01 17:57:57,1,0.0,349.0,349.0,Completed
2141,1315,8,2026-10-01 17:52:29,1,0.2,15.0,12.0,Completed
2142,562,11,2026-10-01 17:56:37,1,0.0,299.0,299.0,Completed
2143,1471,15,2026-10-01 18:03:14,1,0.05,349.0,331.55,Refunded
2144,1005,3,2026-10-01 17:54:38,1,0.1,499.0,449.1,Cancelled
2145,213,1,2026-10-01 17:51:45,1,0.05,49.0,46.55,Completed
2146,1446,12,2026-10-01 17:48:41,1,0.1,59.0,53.1,Completed
2147,860,14,2026-10-01 18:03:54,2,0.0,20.0,20.0,Completed
2148,644,2,2026-10-01 17:53:36,2,0.0,298.0,298.0,Completed
2149,1342,10,2026-10-01 17:48:08,2,0.0,50.0,50.0,Completed
2150,1453,3,2026-10-01 17:51:29,3,0.0,1497.0,1497.0,Completed
2151,1058,1,2026-10-01 17:50:35,3,0.0,147.0,147.0,Completed
2152,134,4,2026-10-01 17:55:39,2,0.0,38.0,38.0,Completed
2153,172,3,2026-10-01 18:03:11,1,0.0,499.0,499.0,Completed
2154,1411,9,2026-10-01 17:56:58,1,0.05,79.0,75.05,Completed
2155,638,5,2026-10-01 17:56:52,1,0.0,39.0,39.0,Refunded
2156,1164,14,2026-10-01 17:48:25,1,0.0,10.0,10.0,Refunded
2157,181,2,2026-10-01 18:04:01,3,0.0,447.0,447.0,Completed
2158,381,6,2026-10-01 17:49:48,1,0.2,199.0,159.2,Completed
2159,22,4,2026-10-01 17:52:52,1,0.0,19.0,19.0,Completed
2160,631,14,2026-10-01 17:55:00,1,0.1,10.0,9.0,Completed
2161,272,5,2026-10-01 17:49:52,1,0.05,39.0,37.05,Completed
2162,572,3,2026-10-01 18:01:13,1,0.0,499.0,499.0,Completed
2163,559,15,2026-10-01 18:00:31,1,0.2,349.0,279.2,Completed
2164,1429,8,2026-10-01 17:48:40,1,0.0,15.0,15.0,Cancelled
2165,745,6,2026-10-01 17:48:55,2,0.0,398.0,398.0,Completed
2166,76,14,2026-10-01 18:04:37,1,0.0,10.0,10.0,Cancelled
2167,432,12,2026-10-01 18:02:24,1,0.05,59.0,56.05,Completed
2168,425,6,2026-10-01 18:03:32,1,0.0,199.0,199.0,Completed
2169,186,9,2026-10-01 18:01:43,2,0.0,158.0,158.0,Refunded
2170,535,1,2026-10-01 17:53:37,3,0.0,147.0,147.0,Completed
2171,974,3,2026-10-01 17:48:06,1,0.0,499.0,499.0,Cancelled
2172,774,11,2026-10-01 17:49:09,1,0.0,299.0,299.0,Completed
2173,1290,6,2026-10-01 17:49:48,2,0.0,398.0,398.0,Refunded
2174,974,6,2026-10-01 17:57:14,1,0.1,199.0,179.1,Completed
2175,734,5,2026-10-01 17:57:15,1,0.0,39.0,39.0,Completed
2176,900,13,2026-10-01 18:04:00,1,0.0,45.0,45.0,Refunded
2177,1497,7,2026-10-01 17:54:34,1,0.0,99.0,99.0,Completed
2178,1231,6,2026-10-01 17:56:46,1,0.0,199.0,199.0,Completed
2179,480,13,2026-10-01 17:48:28,3,0.1,135.0,121.5,Completed
2180,863,7,2026-10-01 17:56:55,2,0.2,198.0,158.4,Refunded
2181,1215,1,2026-10-01 17:54:04,1,0.0,49.0,49.0,Completed
2182,1223,12,2026-10-01 17:55:39,3,0.0,177.0,177.0,Cancelled
2183,286,3,2026-10-01 18:02:56,1,0.05,499.0,474.05,Completed
2184,186,5,2026-10-01 17:47:42,2,0.0,78.0,78.0,Completed
2185,940,7,2026-10-01 17:49:09,1,0.0,99.0,99.0,Completed
2186,411,15,2026-10-01 18:02:30,1,0.0,349.0,349.0,Completed
2187,484,14,2026-10-01 18:04:19,1,0.0,10.0,10.0,Completed
2188,316,11,2026-10-01 17:55:33,1,0.05,299.0,284.05,Completed
2189,978,3,2026-10-01 17:49:15,1,0.0,499.0,499.0,Refunded
2190,1432,4,2026-10-01 17:57:25,3,0.05,57.0,54.15,Refunded
2191,1447,4,2026-10-01 18:00:04,2,0.0,38.0,38.0,Completed
2192,652,13,2026-10-01 17:50:40,3,0.0,135.0,135.0,Completed
2193,580,14,2026-10-01 18:00:11,1,0.1,10.0,9.0,Cancelled
2194,807,9,2026-10-01 18:03:13,1,0.0,79.0,79.0,Cancelled
2195,56,4,2026-10-01 18:03:46,2,0.0,38.0,38.0,Completed
2196,756,6,2026-10-01 17:53:14,1,0.1,199.0,179.1,Cancelled
2197,1228,13,2026-10-01 18:00:23,1,0.0,45.0,45.0,Completed
2198,283,8,2026-10-01 18:00:19,1,0.0,15.0,15.0,Refunded
2199,191,6,2026-10-01 17:52:37,1,0.0,199.0,199.0,Completed
2200,584,5,2026-10-01 17:58:35,1,0.1,39.0,35.1,Completed
2201,535,7,2026-10-01 17:59:29,1,0.0,99.0,99.0,Cancelled
2202,218,8,2026-10-01 18:01:32,2,0.0,30.0,30.0,Completed
2203,1344,14,2026-10-01 17:53:35,1,0.1,10.0,9.0,Completed
2204,654,3,2026-10-01 18:01:21,1,0.0,499.0,499.0,Refunded
2205,24,8,2026-10-01 18:00:21,1,0.05,15.0,14.25,Refunded
2206,112,5,2026-10-01 18:03:36,1,0.05,39.0,37.05,Completed
2207,1237,13,2026-10-01 17:59:30,2,0.0,90.0,90.0,Completed
2208,970,12,2026-10-01 17:57:37,1,0.0,59.0,59.0,Completed
2209,229,13,2026-10-01 17:52:41,1,0.0,45.0,45.0,Refunded
2210,1382,2,2026-10-01 18:04:31,1,0.0,149.0,149.0,Cancelled
2211,529,4,2026-10-01 18:01:34,1,0.05,19.0,18.05,Refunded
2212,891,1,2026-10-01 17:59:56,1,0.0,49.0,49.0,Refunded
2213,943,6,2026-10-01 18:02:23,1,0.0,199.0,199.0,Completed
2214,517,7,2026-10-01 17:50:36,1,0.0,99.0,99.0,Completed
2215,1112,5,2026-10-01 17:56:17,1,0.0,39.0,39.0,Completed
2216,915,6,2026-10-01 17:52:20,1,0.0,199.0,199.0,Completed
2217,732,12,2026-10-01 17:59:00,1,0.05,59.0,56.05,Completed
2218,359,2,2026-10-01 17:59:53,1,0.0,149.0,149.0,Completed
2219,1297,8,2026-10-01 18:03:34,1,0.0,15.0,15.0,Refunded
2220,1412,10,2026-10-01 18:03:02,1,0.1,25.0,22.5,Cancelled
2221,1166,8,2026-10-01 17:53:15,1,0.0,15.0,15.0,Completed
2222,301,10,2026-10-01 17:49:06,3,0.05,75.0,71.25,Completed
2223,783,9,2026-10-01 17:59:22,5,0.0,395.0,395.0,Completed
2224,866,7,2026-10-01 18:04:56,1,0.2,99.0,79.2,Completed
2225,1478,11,2026-10-01 17:52:36,2,0.0,598.0,598.0,Refunded
2226,239,13,2026-10-01 17:59:18,1,0.0,45.0,45.0,Completed
2227,1261,9,2026-10-01 17:53:05,1,0.05,79.0,75.05,Completed
2228,767,10,2026-10-01 17:52:24,1,0.05,25.0,23.75,Refunded
2229,563,12,2026-10-01 17:54:40,1,0.0,59.0,59.0,Cancelled
2230,1376,1,2026-10-01 18:01:10,1,0.1,49.0,44.1,Completed
2231,559,1,2026-10-01 17:50:26,1,0.0,49.0,49.0,Refunded
2232,1346,3,2026-10-01 18:01:57,1,0.0,499.0,499.0,Completed
2233,199,4,2026-10-01 17:51:28,1,0.05,19.0,18.05,Completed
2234,131,10,2026-10-01 18:04:45,1,0.05,25.0,23.75,Refunded
2235,1205,7,2026-10-01 17:49:04,1,0.0,99.0,99.0,Refunded
2236,975,15,2026-10-01 18:05:23,1,0.0,349.0,349.0,Completed
2237,710,14,2026-10-01 17:51:11,1,0.0,10.0,10.0,Refunded
2238,432,9,2026-10-01 17:47:47,1,0.05,79.0,75.05,Completed
2239,826,1,2026-10-01 17:56:20,1,0.0,49.0,49.0,Completed
2240,1294,8,2026-10-01 17:53:16,1,0.0,15.0,15.0,Completed
2241,1085,6,2026-10-01 17:55:23,1,0.05,199.0,189.05,Refunded
2242,1382,8,2026-10-01 17:59:04,1,0.05,15.0,14.25,Completed
2243,1279,6,2026-10-01 18:04:20,1,0.0,199.0,199.0,Completed
2244,582,9,2026-10-01 17:51:38,2,0.2,158.0,126.4,Refunded
2245,1101,3,2026-10-01 17:58:45,1,0.1,499.0,449.1,Completed
2246,199,7,2026-10-01 18:00:23,1,0.2,99.0,79.2,Cancelled
2247,593,3,2026-10-01 18:01:07,2,0.05,998.0,948.1,Refunded
2248,1127,7,2026-10-01 18:05:30,1,0.0,99.0,99.0,Cancelled
2249,572,6,2026-10-01 18:01:03,2,0.05,398.0,378.1,Completed
2250,1029,9,2026-10-01 17:55:07,1,0.0,79.0,79.0,Refunded
2251,1014,13,2026-10-01 17:59:38,1,0.1,45.0,40.5,Refunded
2252,322,15,2026-10-01 18:01:34,2,0.0,698.0,698.0,Completed
2253,1091,14,2026-10-01 17:51:16,1,0.0,10.0,10.0,Completed
2254,1400,15,2026-10-01 17:55:21,1,0.0,349.0,349.0,Refunded
2255,857,7,2026-10-01 18:03:08,1,0.0,99.0,99.0,Completed
2256,284,10,2026-10-01 17:52:57,1,0.2,25.0,20.0,Cancelled
2257,1169,12,2026-10-01 17:54:04,1,0.0,59.0,59.0,Cancelled
2258,512,3,2026-10-01 17:47:40,1,0.0,499.0,499.0,Completed
2259,759,1,2026-10-01 18:04:52,2,0.1,98.0,88.2,Refunded
2260,1131,9,2026-10-01 17:51:19,2,0.1,158.0,142.2,Completed
2261,938,6,2026-10-01 18:04:33,2,0.0,398.0,398.0,Refunded
2262,1460,15,2026-10-01 17:52:34,1,0.0,349.0,349.0,Completed
2263,64,4,2026-10-01 17:50:06,1,0.0,19.0,19.0,Cancelled
2264,909,4,2026-10-01 17:58:06,2,0.2,38.0,30.4,Cancelled
2265,1314,2,2026-10-01 17:55:54,2,0.1,298.0,268.2,Completed
2266,502,8,2026-10-01 18:01:30,2,0.0,30.0,30.0,Completed
2267,1397,11,2026-10-01 17:57:59,1,0.0,299.0,299.0,Refunded
2268,790,2,2026-10-01 17:54:47,2,0.2,298.0,238.4,Cancelled
2269,248,12,2026-10-01 17:50:56,2,0.05,118.0,112.1,Cancelled
2270,1464,1,2026-10-01 17:54:10,1,0.1,49.0,44.1,Completed
2271,600,13,2026-10-01 17:48:27,1,0.1,45.0,40.5,Completed
2272,745,7,2026-10-01 17:48:12,2,0.0,198.0,198.0,Refunded
2273,878,13,2026-10-01 17:48:42,1,0.0,45.0,45.0,Completed
2274,1188,13,2026-10-01 17:57:44,2,0.05,90.0,85.5,Completed
2275,846,11,2026-10-01 17:51:46,1,0.1,299.0,269.1,Refunded
2276,431,5,2026-10-01 17:54:43,1,0.05,39.0,37.05,Completed
2277,939,15,2026-10-01 17:53:59,2,0.05,698.0,663.1,Completed
2278,702,5,2026-10-01 17:50:05,1,0.0,39.0,39.0,Refunded
2279,1433,5,2026-10-01 17:49:56,1,0.0,39.0,39.0,Completed
2280,304,9,2026-10-01 17:56:18,1,0.0,79.0,79.0,Completed
2281,1155,6,2026-10-01 18:03:05,2,0.0,398.0,398.0,Completed
2282,1163,11,2026-10-01 17:51:42,1,0.05,299.0,284.05,Completed
2283,317,12,2026-10-01 18:02:03,2,0.0,118.0,118.0,Cancelled
2284,599,14,2026-10-01 17:59:51,1,0.05,10.0,9.5,Completed
2285,434,10,2026-10-01 18:01:24,1,0.0,25.0,25.0,Completed
2286,746,12,2026-10-01 17:48:00,1,0.1,59.0,53.1,Cancelled
2287,832,8,2026-10-01 17:57:53,1,0.0,15.0,15.0,Completed
2288,1319,3,2026-10-01 17:59:21,1,0.0,499.0,499.0,Cancelled
2289,767,7,2026-10-01 18:00:53,2,0.0,198.0,198.0,Completed
2290,1076,8,2026-10-01 18:00:26,1,0.1,15.0,13.5,Completed
2291,1370,2,2026-10-01 17:54:45,1,0.0,149.0,149.0,Completed
2292,308,5,2026-10-01 17:58:01,1,0.05,39.0,37.05,Completed
2293,1332,4,2026-10-01 18:02:16,1,0.0,19.0,19.0,Completed
2294,1074,15,2026-10-01 18:03:58,1,0.0,349.0,349.0,Completed
2295,817,11,2026-10-01 17:49:04,1,0.0,299.0,299.0,Completed
2296,556,9,2026-10-01 18:04:25,3,0.1,237.0,213.3,Cancelled
2297,163,13,2026-10-01 17:48:43,1,0.0,45.0,45.0,Completed
2298,502,5,2026-10-01 18:04:42,2,0.0,78.0,78.0,Completed
2299,468,12,2026-10-01 17:58:33,2,0.0,118.0,118.0,Cancelled
2300,545,9,2026-10-01 17:59:38,1,0.05,79.0,75.05,Completed
2301,272,9,2026-10-01 17:48:42,1,0.0,79.0,79.0,Completed
2302,1200,13,2026-10-01 17:56:22,1,0.0,45.0,45.0,Cancelled
2303,105,6,2026-10-01 18:03:48,2,0.0,398.0,398.0,Refunded
2304,239,8,2026-10-01 18:00:44,1,0.0,15.0,15.0,Cancelled
2305,1208,4,2026-10-01 17:50:59,1,0.0,19.0,19.0,Completed
2306,1192,7,2026-10-01 18:02:04,2,0.0,198.0,198.0,Refunded
2307,1317,4,2026-10-01 17:59:37,1,0.05,19.0,18.05,Refunded
2308,2,5,2026-10-01 18:04:23,2,0.05,78.0,74.1,Refunded
2309,1293,3,2026-10-01 17:48:34,1,0.0,499.0,499.0,Completed
2310,1322,5,2026-10-01 18:00:37,1,0.0,39.0,39.0,Completed
2311,564,11,2026-10-01 17:48:58,1,0.0,299.0,299.0,Refunded
2312,229,13,2026-10-01 18:04:17,3,0.0,135.0,135.0,Completed
2313,1044,8,2026-10-01 17:50:36,1,0.0,15.0,15.0,Refunded
2314,1379,5,2026-10-01 18:03:51,1,0.1,39.0,35.1,Completed
2315,1307,11,2026-10-01 17:56:15,1,0.0,299.0,299.0,Completed
2316,475,4,2026-10-01 17:50:47,1,0.0,19.0,19.0,Cancelled
2317,967,2,2026-10-01 17:50:28,1,0.1,149.0,134.1,Completed
2318,1170,11,2026-10-01 17:56:01,1,0.0,299.0,299.0,Refunded
2319,352,14,2026-10-01 17:50:51,1,0.05,10.0,9.5,Completed
2320,1058,8,2026-10-01 18:03:10,1,0.05,15.0,14.25,Completed
2321,469,15,2026-10-01 18:00:36,1,0.1,349.0,314.1,Completed
2322,760,3,2026-10-01 17:59:09,1,0.05,499.0,474.05,Completed
2323,922,5,2026-10-01 17:55:53,1,0.0,39.0,39.0,Refunded
2324,12,13,2026-10-01 18:03:40,3,0.0,135.0,135.0,Refunded
2325,725,11,2026-10-01 17:48:49,2,0.2,598.0,478.4,Completed
2326,40,14,2026-10-01 17:58:40,2,0.0,20.0,20.0,Completed
2327,604,14,2026-10-01 17:58:13,1,0.0,10.0,10.0,Refunded
2328,668,9,2026-10-01 18:03:03,1,0.0,79.0,79.0,Completed
2329,1265,9,2026-10-01 17:55:02,1,0.0,79.0,79.0,Completed
2330,498,3,2026-10-01 18:01:39,1,0.0,499.0,499.0,Cancelled
2331,963,1,2026-10-01 17:50:53,2,0.0,98.0,98.0,Refunded
2332,512,5,2026-10-01 17:48:00,5,0.0,195.0,195.0,Completed
2333,208,1,2026-10-01 17:52:01,1,0.0,49.0,49.0,Completed
2334,898,15,2026-10-01 17:48:36,1,0.0,349.0,349.0,Completed
2335,665,13,2026-10-01 18:04:55,2,0.1,90.0,81.0,Completed
2336,1208,5,2026-10-01 18:02:49,1,0.0,39.0,39.0,Refunded
2337,503,6,2026-10-01 17:50:00,1,0.05,199.0,189.05,Completed
2338,1141,9,2026-10-01 18:04:47,2,0.05,158.0,150.1,Completed
2339,140,14,2026-10-01 17:53:50,2,0.05,20.0,19.0,Completed
2340,740,15,2026-10-01 18:03:27,2,0.05,698.0,663.1,Completed
2341,378,6,2026-10-01 17:57:01,1,0.0,199.0,199.0,Completed
2342,408,11,2026-10-01 18:00:53,3,0.0,897.0,897.0,Cancelled
2343,48,3,2026-10-01 17:49:18,1,0.0,499.0,499.0,Refunded
2344,997,13,2026-10-01 17:56:17,1,0.0,45.0,45.0,Cancelled
2345,765,1,2026-10-01 17:51:39,1,0.2,49.0,39.2,Cancelled
2346,670,13,2026-10-01 18:05:17,1,0.0,45.0,45.0,Completed
2347,1300,2,2026-10-01 18:04:24,2,0.0,298.0,298.0,Cancelled
2348,231,9,2026-10-01 17:53:35,1,0.0,79.0,79.0,Completed
2349,1176,15,2026-10-01 18:03:04,1,0.05,349.0,331.55,Completed
2350,150,13,2026-10-01 17:57:39,1,0.1,45.0,40.5,Refunded
2351,925,15,2026-10-01 17:53:12,2,0.05,698.0,663.1,Completed
2352,150,3,2026-10-01 17:49:00,1,0.0,499.0,499.0,Cancelled
2353,1419,12,2026-10-01 17:57:33,2,0.0,118.0,118.0,Completed
2354,823,10,2026-10-01 17:58:57,1,0.05,25.0,23.75,Refunded
2355,39,1,2026-10-01 18:02:12,1,0.0,49.0,49.0,Completed
2356,457,10,2026-10-01 17:51:23,1,0.0,25.0,25.0,Refunded
2357,1339,11,2026-10-01 17:52:56,1,0.1,299.0,269.1,Completed
2358,1465,14,2026-10-01 17:50:16,1,0.0,10.0,10.0,Completed
2359,423,5,2026-10-01 17:54:26,1,0.0,39.0,39.0,Cancelled
2360,81,13,2026-10-01 18:04:06,1,0.0,45.0,45.0,Completed
2361,671,14,2026-10-01 18:04:14,1,0.0,10.0,10.0,Completed
2362,414,5,2026-10-01 17:56:09,1,0.2,39.0,31.2,Completed
2363,445,13,2026-10-01 17:47:50,1,0.0,45.0,45.0,Refunded
2364,253,14,2026-10-01 18:00:52,3,0.0,30.0,30.0,Completed
2365,780,1,2026-10-01 17:53:40,1,0.0,49.0,49.0,Completed
2366,780,10,2026-10-01 18:00:30,2,0.0,50.0,50.0,Completed
2367,1038,15,2026-10-01 17:49:08,1,0.0,349.0,349.0,Completed
2368,430,2,2026-10-01 17:57:58,3,0.05,447.0,424.65,Completed
2369,649,7,2026-10-01 17:53:53,1,0.2,99.0,79.2,Cancelled
2370,737,8,2026-10-01 17:55:16,1,0.0,15.0,15.0,Refunded
2371,34,1,2026-10-01 17:59:15,1,0.0,49.0,49.0,Completed
2372,727,6,2026-10-01 18:04:29,3,0.1,597.0,537.3,Refunded
2373,1336,5,2026-10-01 17:55:27,1,0.05,39.0,37.05,Refunded
2374,966,1,2026-10-01 18:02:49,3,0.0,147.0,147.0,Completed
2375,93,3,2026-10-01 17:51:36,2,0.0,998.0,998.0,Completed
2376,263,9,2026-10-01 17:51:06,1,0.05,79.0,75.05,Completed
2377,126,10,2026-10-01 17:53:15,2,0.1,50.0,45.0,Completed
2378,762,10,2026-10-01 17:52:24,1,0.0,25.0,25.0,Completed
2379,358,15,2026-10-01 17:52:09,1,0.0,349.0,349.0,Completed
2380,748,15,2026-10-01 17:48:27,3,0.05,1047.0,994.65,Completed
2381,1019,4,2026-10-01 18:02:36,1,0.05,19.0,18.05,Completed
2382,1274,6,2026-10-01 18:04:35,1,0.0,199.0,199.0,Completed
2383,964,1,2026-10-01 18:00:09,2,0.0,98.0,98.0,Refunded
2384,96,9,2026-10-01 18:02:19,1,0.0,79.0,79.0,Cancelled
2385,348,3,2026-10-01 17:48:21,1,0.0,499.0,499.0,Completed
2386,189,7,2026-10-01 18:05:34,5,0.0,495.0,495.0,Refunded
2387,952,7,2026-10-01 18:00:13,2,0.0,198.0,198.0,Completed
2388,1236,13,2026-10-01 17:51:16,1,0.0,45.0,45.0,Refunded
2389,527,3,2026-10-01 18:01:56,1,0.0,499.0,499.0,Cancelled
2390,1369,12,2026-10-01 18:03:49,1,0.0,59.0,59.0,Cancelled
2391,402,3,2026-10-01 17:48:47,1,0.0,499.0,499.0,Completed
2392,462,11,2026-10-01 17:57:10,1,0.0,299.0,299.0,Refunded
2393,579,15,2026-10-01 18:02:32,1,0.0,349.0,349.0,Completed
2394,379,12,2026-10-01 18:02:03,1,0.0,59.0,59.0,Refunded
2395,1369,10,2026-10-01 17:49:56,1,0.0,25.0,25.0,Completed
2396,270,6,2026-10-01 17:49:52,1,0.05,199.0,189.05,Cancelled
2397,71,12,2026-10-01 17:50:37,3,0.0,177.0,177.0,Completed
2398,406,3,2026-10-01 17:56:37,1,0.05,499.0,474.05,Completed
2399,332,7,2026-10-01 17:59:51,1,0.0,99.0,99.0,Refunded
2400,705,4,2026-10-01 18:03:51,1,0.1,19.0,17.1,Cancelled
2401,831,8,2026-10-01 18:01:20,5,0.0,75.0,75.0,Completed
2402,1118,8,2026-10-01 18:04:57,1,0.0,15.0,15.0,Cancelled
2403,691,6,2026-10-01 17:55:57,5,0.0,995.0,995.0,Completed
2404,999,13,2026-10-01 17:52:20,1,0.05,45.0,42.75,Completed
2405,1064,5,2026-10-01 17:51:46,1,0.0,39.0,39.0,Completed
2406,1113,3,2026-10-01 17:48:28,1,0.2,499.0,399.2,Completed
2407,247,9,2026-10-01 17:53:10,2,0.0,158.0,158.0,Completed
2408,629,8,2026-10-01 17:50:35,1,0.2,15.0,12.0,Completed
2409,1034,3,2026-10-01 17:54:01,1,0.1,499.0,449.1,Cancelled
2410,400,3,2026-10-01 17:54:21,2,0.0,998.0,998.0,Completed
2411,407,12,2026-10-01 18:02:52,2,0.0,118.0,118.0,Completed
2412,1153,14,2026-10-01 18:00:23,1,0.0,10.0,10.0,Cancelled
2413,743,9,2026-10-01 17:56:37,1,0.1,79.0,71.1,Cancelled
2414,342,6,2026-10-01 18:03:57,1,0.05,199.0,189.05,Cancelled
2415,464,14,2026-10-01 17:49:55,3,0.05,30.0,28.5,Cancelled
2416,1249,7,2026-10-01 17:53:58,2,0.0,198.0,198.0,Refunded
2417,608,7,2026-10-01 18:01:45,3,0.2,297.0,237.6,Refunded
2418,959,6,2026-10-01 17:51:36,1,0.1,199.0,179.1,Completed
2419,154,5,2026-10-01 17:49:00,2,0.05,78.0,74.1,Completed
2420,1256,10,2026-10-01 17:55:34,3,0.0,75.0,75.0,Refunded
2421,288,3,2026-10-01 17:54:33,1,0.0,499.0,499.0,Completed
2422,802,13,2026-10-01 17:52:40,1,0.0,45.0,45.0,Cancelled
2423,397,4,2026-10-01 17:57:54,2,0.0,38.0,38.0,Completed
2424,288,15,2026-10-01 17:52:11,1,0.05,349.0,331.55,Cancelled
2425,1377,3,2026-10-01 18:00:59,1,0.0,499.0,499.0,Completed
2426,671,1,2026-10-01 17:48:01,1,0.0,49.0,49.0,Cancelled
2427,211,13,2026-10-01 18:00:20,1,0.0,45.0,45.0,Refunded
2428,612,14,2026-10-01 17:49:41,1,0.05,10.0,9.5,Refunded
2429,315,2,2026-10-01 18:05:03,2,0.05,298.0,283.1,Completed
2430,558,1,2026-10-01 17:48:03,1,0.1,49.0,44.1,Completed
2431,1284,8,2026-10-01 17:51:29,1,0.0,15.0,15.0,Refunded
2432,597,4,2026-10-01 18:05:33,1,0.0,19.0,19.0,Cancelled
2433,1227,14,2026-10-01 17:56:43,1,0.1,10.0,9.0,Refunded
2434,1437,7,2026-10-01 17:47:57,1,0.05,99.0,94.05,Completed
2435,1483,12,2026-10-01 17:58:00,1,0.0,59.0,59.0,Cancelled
2436,674,7,2026-10-01 17:52:19,1,0.0,99.0,99.0,Completed
2437,171,1,2026-10-01 17:58:33,1,0.1,49.0,44.1,Completed
2438,1200,8,2026-10-01 17:55:58,1,0.0,15.0,15.0,Completed
2439,213,13,2026-10-01 18:04:02,2,0.0,90.0,90.0,Cancelled
2440,1159,7,2026-10-01 17:54:56,1,0.1,99.0,89.1,Refunded
2441,87,10,2026-10-01 17:54:05,1,0.1,25.0,22.5,Completed
2442,1179,2,2026-10-01 18:03:51,1,0.05,149.0,141.55,Completed
2443,1189,11,2026-10-01 18:03:58,2,0.05,598.0,568.1,Refunded
2444,1472,12,2026-10-01 18:03:59,1,0.05,59.0,56.05,Refunded
2445,944,10,2026-10-01 17:54:57,2,0.0,50.0,50.0,Refunded
2446,1287,12,2026-10-01 17:51:01,2,0.05,118.0,112.1,Completed
2447,443,10,2026-10-01 17:53:32,1,0.05,25.0,23.75,Completed
2448,203,5,2026-10-01 18:00:53,3,0.1,117.0,105.3,Refunded
2449,520,6,2026-10-01 17:50:04,2,0.0,398.0,398.0,Completed
2450,567,8,2026-10-01 17:52:38,2,0.0,30.0,30.0,Completed
2451,329,4,2026-10-01 17:51:59,1,0.1,19.0,17.1,Completed
2452,822,13,2026-10-01 18:05:03,1,0.1,45.0,40.5,Refunded
2453,183,6,2026-10-01 17:52:36,1,0.0,199.0,199.0,Completed
2454,649,14,2026-10-01 17:49:58,1,0.1,10.0,9.0,Completed
2455,1310,7,2026-10-01 18:03:57,1,0.0,99.0,99.0,Completed
2456,784,4,2026-10-01 18:05:10,1,0.05,19.0,18.05,Completed
2457,691,13,2026-10-01 17:50:07,1,0.0,45.0,45.0,Completed
2458,346,6,2026-10-01 17:53:16,1,0.0,199.0,199.0,Completed
2459,1037,12,2026-10-01 17:56:04,1,0.0,59.0,59.0,Cancelled
2460,1103,3,2026-10-01 18:01:45,1,0.05,499.0,474.05,Completed
2461,192,2,2026-10-01 17:59:59,2,0.1,298.0,268.2,Refunded
2462,540,3,2026-10-01 17:55:20,2,0.0,998.0,998.0,Refunded
2463,273,15,2026-10-01 17:56:36,1,0.1,349.0,314.1,Completed
2464,1257,10,2026-10-01 18:01:31,3,0.0,75.0,75.0,Completed
2465,907,14,2026-10-01 17:49:41,1,0.0,10.0,10.0,Completed
2466,54,8,2026-10-01 18:02:23,1,0.05,15.0,14.25,Completed
2467,503,15,2026-10-01 17:49:06,1,0.05,349.0,331.55,Completed
2468,298,1,2026-10-01 17:58:35,1,0.2,49.0,39.2,Cancelled
2469,990,14,2026-10-01 18:01:07,1,0.0,10.0,10.0,Cancelled
2470,394,7,2026-10-01 17:48:35,1,0.0,99.0,99.0,Refunded
2471,1285,10,2026-10-01 17:54:13,2,0.2,50.0,40.0,Completed
2472,1448,13,2026-10-01 18:00:24,5,0.1,225.0,202.5,Completed
2473,884,6,2026-10-01 18:00:59,1,0.1,199.0,179.1,Completed
2474,656,9,2026-10-01 18:03:00,1,0.2,79.0,63.2,Completed
2475,659,14,2026-10-01 17:55:19,2,0.05,20.0,19.0,Cancelled
2476,1186,3,2026-10-01 17:51:59,1,0.1,499.0,449.1,Cancelled
2477,1451,8,2026-10-01 18:04:00,1,0.0,15.0,15.0,Cancelled
2478,467,12,2026-10-01 18:05:02,1,0.05,59.0,56.05,Cancelled
2479,459,8,2026-10-01 18:01:31,1,0.1,15.0,13.5,Refunded
2480,1268,8,2026-10-01 17:53:01,1,0.0,15.0,15.0,Completed
2481,46,9,2026-10-01 17:55:53,1,0.05,79.0,75.05,Completed
2482,977,14,2026-10-01 18:05:26,2,0.0,20.0,20.0,Completed
2483,134,12,2026-10-01 17:57:28,1,0.0,59.0,59.0,Completed
2484,1462,10,2026-10-01 18:04:37,1,0.05,25.0,23.75,Completed
2485,812,4,2026-10-01 17:50:12,1,0.0,19.0,19.0,Completed
2486,677,4,2026-10-01 18:02:25,1,0.1,19.0,17.1,Refunded
2487,296,13,2026-10-01 17:48:42,1,0.05,45.0,42.75,Completed
2488,14,10,2026-10-01 18:01:53,1,0.05,25.0,23.75,Cancelled
2489,246,13,2026-10-01 17:49:54,3,0.05,135.0,128.25,Cancelled
2490,848,12,2026-10-01 17:50:32,1,0.0,59.0,59.0,Cancelled
2491,368,14,2026-10-01 17:52:37,1,0.05,10.0,9.5,Refunded
2492,1493,2,2026-10-01 17:49:00,1,0.0,149.0,149.0,Refunded
2493,1176,12,2026-10-01 18:00:15,3,0.0,177.0,177.0,Refunded
2494,781,12,2026-10-01 17:57:07,1,0.1,59.0,53.1,Completed
2495,197,5,2026-10-01 18:01:04,1,0.05,39.0,37.05,Completed
2496,1024,2,2026-10-01 17:57:14,1,0.0,149.0,149.0,Completed
2497,720,11,2026-10-01 18:03:30,1,0.0,299.0,299.0,Completed
2498,1073,5,2026-10-01 17:59:18,1,0.05,39.0,37.05,Cancelled
2499,122,11,2026-10-01 17:58:00,1,0.0,299.0,299.0,Cancelled
2500,26,1,2026-10-01 17:58:48,1,0.0,49.0,49.0,Cancelled
2501,1154,6,2026-10-01 17:58:10,2,0.2,398.0,318.4,Completed
2502,1304,10,2026-10-01 18:03:41,1,0.0,25.0,25.0,Completed
2503,199,14,2026-10-01 18:05:06,1,0.0,10.0,10.0,Completed
2504,1176,3,2026-10-01 18:04:17,2,0.05,998.0,948.1,Completed
2505,1040,3,2026-10-01 18:00:49,2,0.0,998.0,998.0,Cancelled
2506,80,15,2026-10-01 17:52:20,1,0.2,349.0,279.2,Completed
2507,639,15,2026-10-01 18:03:40,1,0.0,349.0,349.0,Completed
2508,1209,9,2026-10-01 17:59:09,1,0.0,79.0,79.0,Completed
2509,1236,3,2026-10-01 17:50:45,5,0.1,2495.0,2245.5,Refunded
2510,1349,9,2026-10-01 18:04:21,2,0.05,158.0,150.1,Completed
2511,1370,9,2026-10-01 17:59:20,1,0.0,79.0,79.0,Completed
2512,491,14,2026-10-01 18:05:17,1,0.05,10.0,9.5,Completed
2513,734,1,2026-10-01 17:49:47,3,0.1,147.0,132.3,Cancelled
2514,203,14,2026-10-01 17:56:14,1,0.05,10.0,9.5,Completed
2515,1080,10,2026-10-01 17:56:48,1,0.0,25.0,25.0,Refunded
2516,1119,11,2026-10-01 17:56:54,1,0.0,299.0,299.0,Refunded
2517,406,5,2026-10-01 17:57:30,3,0.0,117.0,117.0,Refunded
2518,773,2,2026-10-01 18:05:10,1,0.0,149.0,149.0,Completed
2519,1150,8,2026-10-01 17:55:25,1,0.0,15.0,15.0,Completed
2520,1401,12,2026-10-01 17:58:20,1,0.1,59.0,53.1,Completed
2521,183,5,2026-10-01 17:58:42,2,0.05,78.0,74.1,Cancelled
2522,1112,3,2026-10-01 17:55:49,1,0.05,499.0,474.05,Cancelled
2523,58,1,2026-10-01 17:54:10,3,0.0,147.0,147.0,Completed
2524,1102,1,2026-10-01 17:59:32,2,0.05,98.0,93.1,Refunded
2525,1042,9,2026-10-01 17:58:06,2,0.0,158.0,158.0,Completed
2526,440,2,2026-10-01 17:54:11,1,0.0,149.0,149.0,Completed
2527,1460,6,2026-10-01 17:59:05,1,0.0,199.0,199.0,Completed
2528,1170,11,2026-10-01 18:05:19,1,0.0,299.0,299.0,Refunded
2529,422,15,2026-10-01 18:01:41,1,0.1,349.0,314.1,Completed
2530,493,11,2026-10-01 17:57:09,2,0.1,598.0,538.2,Completed
2531,799,14,2026-10-01 17:56:39,1,0.1,10.0,9.0,Refunded
2532,92,3,2026-10-01 18:02:07,1,0.0,499.0,499.0,Completed
2533,866,11,2026-10-01 17:54:04,1,0.1,299.0,269.1,Completed
2534,420,15,2026-10-01 17:52:24,1,0.1,349.0,314.1,Refunded
2535,1414,1,2026-10-01 17:57:43,1,0.0,49.0,49.0,Completed
2536,389,14,2026-10-01 17:54:08,2,0.0,20.0,20.0,Completed
2537,1284,12,2026-10-01 17:59:59,1,0.05,59.0,56.05,Refunded
2538,264,11,2026-10-01 17:58:36,1,0.0,299.0,299.0,Completed
2539,237,3,2026-10-01 17:54:37,3,0.0,1497.0,1497.0,Completed
2540,1100,6,2026-10-01 18:03:26,1,0.05,199.0,189.05,Refunded
2541,584,9,2026-10-01 18:05:24,1,0.1,79.0,71.1,Completed
2542,223,13,2026-10-01 17:53:34,1,0.1,45.0,40.5,Completed
2543,178,9,2026-10-01 17:51:39,2,0.0,158.0,158.0,Cancelled
2544,74,8,2026-10-01 17:57:35,1,0.0,15.0,15.0,Completed
2545,795,3,2026-10-01 17:56:04,1,0.05,499.0,474.05,Completed
2546,496,7,2026-10-01 17:54:40,1,0.0,99.0,99.0,Completed
2547,906,10,2026-10-01 17:59:09,2,0.05,50.0,47.5,Cancelled
2548,388,13,2026-10-01 17:53:53,1,0.0,45.0,45.0,Cancelled
2549,30,3,2026-10-01 18:04:36,1,0.2,499.0,399.2,Completed
2550,718,8,2026-10-01 18:00:26,1,0.05,15.0,14.25,Refunded
2551,779,3,2026-10-01 17:56:02,3,0.0,1497.0,1497.0,Completed
2552,377,11,2026-10-01 18:01:01,1,0.05,299.0,284.05,Refunded
2553,52,14,2026-10-01 18:04:10,1,0.1,10.0,9.0,Cancelled
2554,1083,5,2026-10-01 17:56:53,1,0.0,39.0,39.0,Completed
2555,117,2,2026-10-01 18:03:19,1,0.0,149.0,149.0,Cancelled
2556,36,10,2026-10-01 17:59:18,2,0.05,50.0,47.5,Completed
2557,759,1,2026-10-01 17:52:38,1,0.0,49.0,49.0,Completed
2558,13,7,2026-10-01 17:56:20,1,0.0,99.0,99.0,Refunded
2559,1162,2,2026-10-01 17:50:06,2,0.05,298.0,283.1,Completed
2560,1155,9,2026-10-01 17:56:16,1,0.05,79.0,75.05,Refunded
2561,1171,11,2026-10-01 17:51:53,1,0.05,299.0,284.05,Refunded
2562,921,15,2026-10-01 18:00:30,2,0.05,698.0,663.1,Cancelled
2563,513,6,2026-10-01 18:01:04,5,0.05,995.0,945.25,Refunded
2564,314,8,2026-10-01 17:47:45,1,0.0,15.0,15.0,Completed
2565,588,11,2026-10-01 17:49:55,2,0.2,598.0,478.4,Refunded
2566,527,15,2026-10-01 17:54:05,1,0.05,349.0,331.55,Refunded
2567,615,3,2026-10-01 17:56:20,1,0.0,499.0,499.0,Cancelled
2568,465,7,2026-10-01 18:04:32,1,0.05,99.0,94.05,Completed
2569,832,7,2026-10-01 18:03:10,2,0.0,198.0,198.0,Refunded
2570,910,7,2026-10-01 17:57:06,1,0.0,99.0,99.0,Refunded
2571,273,12,2026-10-01 18:05:05,1,0.0,59.0,59.0,Completed
2572,1165,4,2026-10-01 18:02:00,3,0.05,57.0,54.15,Cancelled
2573,745,15,2026-10-01 17:54:26,1,0.1,349.0,314.1,Refunded
2574,768,11,2026-10-01 17:56:43,1,0.0,299.0,299.0,Refunded
2575,223,9,2026-10-01 17:49:23,1,0.0,79.0,79.0,Cancelled
2576,845,1,2026-10-01 18:02:14,1,0.0,49.0,49.0,Completed
2577,1351,7,2026-10-01 18:04:21,3,0.0,297.0,297.0,Refunded
2578,49,12,2026-10-01 17:51:20,1,0.0,59.0,59.0,Completed
2579,560,12,2026-10-01 18:03:54,1,0.05,59.0,56.05,Refunded
2580,1178,13,2026-10-01 18:02:34,2,0.0,90.0,90.0,Completed
2581,960,4,2026-10-01 18:00:51,2,0.0,38.0,38.0,Refunded
2582,648,10,2026-10-01 17:58:20,3,0.05,75.0,71.25,Completed
2583,1385,2,2026-10-01 17:51:43,2,0.0,298.0,298.0,Completed
2584,109,6,2026-10-01 17:52:25,2,0.0,398.0,398.0,Completed
2585,416,12,2026-10-01 17:53:49,1,0.0,59.0,59.0,Completed
2586,744,10,2026-10-01 17:51:50,3,0.0,75.0,75.0,Refunded
2587,973,6,2026-10-01 17:59:59,2,0.0,398.0,398.0,Completed
2588,1151,3,2026-10-01 17:49:30,3,0.0,1497.0,1497.0,Refunded
2589,243,9,2026-10-01 17:49:03,3,0.0,237.0,237.0,Cancelled
2590,1132,11,2026-10-01 17:50:02,1,0.2,299.0,239.2,Completed
2591,233,11,2026-10-01 17:57:07,3,0.1,897.0,807.3,Completed
2592,81,3,2026-10-01 17:51:19,2,0.0,998.0,998.0,Refunded
2593,350,13,2026-10-01 17:56:48,1,0.05,45.0,42.75,Completed
2594,904,10,2026-10-01 17:51:59,1,0.0,25.0,25.0,Completed
2595,1008,11,2026-10-01 17:50:55,1,0.1,299.0,269.1,Completed
2596,758,2,2026-10-01 18:02:05,1,0.05,149.0,141.55,Refunded
2597,307,2,2026-10-01 17:54:38,5,0.05,745.0,707.75,Completed
2598,1299,6,2026-10-01 17:49:00,1,0.05,199.0,189.05,Completed
2599,727,10,2026-10-01 17:49:41,5,0.0,125.0,125.0,Cancelled
2600,1209,7,2026-10-01 17:47:59,5,0.0,495.0,495.0,Completed
2601,394,9,2026-10-01 17:51:27,1,0.0,79.0,79.0,Completed
2602,1003,6,2026-10-01 17:59:10,3,0.0,597.0,597.0,Completed
2603,1435,5,2026-10-01 17:57:06,1,0.2,39.0,31.2,Completed
2604,83,5,2026-10-01 17:57:21,2,0.05,78.0,74.1,Refunded
2605,1351,2,2026-10-01 18:02:19,1,0.0,149.0,149.0,Cancelled
2606,22,12,2026-10-01 17:55:51,1,0.0,59.0,59.0,Completed
2607,963,7,2026-10-01 17:55:31,1,0.05,99.0,94.05,Completed
2608,1428,7,2026-10-01 17:55:10,1,0.1,99.0,89.1,Refunded
2609,834,12,2026-10-01 17:56:45,1,0.1,59.0,53.1,Completed
2610,1132,4,2026-10-01 17:59:43,1,0.0,19.0,19.0,Refunded
2611,1376,2,2026-10-01 17:55:43,2,0.1,298.0,268.2,Cancelled
2612,233,1,2026-10-01 17:52:49,2,0.1,98.0,88.2,Completed
2613,498,2,2026-10-01 17:48:26,1,0.0,149.0,149.0,Cancelled
2614,486,13,2026-10-01 17:58:27,1,0.0,45.0,45.0,Completed
2615,699,14,2026-10-01 17:55:09,3,0.0,30.0,30.0,Cancelled
2616,1283,14,2026-10-01 17:53:30,3,0.05,30.0,28.5,Completed
2617,1362,2,2026-10-01 18:00:43,1,0.0,149.0,149.0,Completed
2618,409,15,2026-10-01 17:54:35,2,0.0,698.0,698.0,Completed
2619,1471,2,2026-10-01 17:48:14,1,0.05,149.0,141.55,Completed
2620,431,1,2026-10-01 17:53:07,2,0.0,98.0,98.0,Cancelled
2621,395,8,2026-10-01 17:50:45,2,0.05,30.0,28.5,Refunded
2622,1240,12,2026-10-01 17:56:51,1,0.0,59.0,59.0,Cancelled
2623,126,8,2026-10-01 18:04:14,1,0.0,15.0,15.0,Completed
2624,405,5,2026-10-01 17:51:54,1,0.0,39.0,39.0,Completed
2625,1434,2,2026-10-01 17:50:54,2,0.0,298.0,298.0,Completed
2626,659,13,2026-10-01 17:56:03,5,0.0,225.0,225.0,Cancelled
2627,608,10,2026-10-01 18:01:31,1,0.05,25.0,23.75,Completed
2628,874,5,2026-10-01 17:55:11,2,0.05,78.0,74.1,Cancelled
2629,15,11,2026-10-01 17:55:54,2,0.05,598.0,568.1,Completed
2630,331,2,2026-10-01 18:03:20,1,0.0,149.0,149.0,Completed
2631,1270,13,2026-10-01 17:53:18,2,0.0,90.0,90.0,Refunded
2632,25,12,2026-10-01 17:53:34,1,0.0,59.0,59.0,Completed
2633,1430,11,2026-10-01 17:55:10,1,0.2,299.0,239.2,Cancelled
2634,538,12,2026-10-01 17:57:11,2,0.0,118.0,118.0,Refunded
2635,759,8,2026-10-01 17:51:18,1,0.0,15.0,15.0,Cancelled
2636,390,4,2026-10-01 17:47:45,1,0.0,19.0,19.0,Completed
2637,840,8,2026-10-01 17:55:48,2,0.0,30.0,30.0,Refunded
2638,950,14,2026-10-01 17:58:10,2,0.0,20.0,20.0,Completed
2639,790,7,2026-10-01 18:02:30,3,0.1,297.0,267.3,Completed
2640,782,14,2026-10-01 18:00:50,1,0.0,10.0,10.0,Completed
2641,890,13,2026-10-01 18:02:52,2,0.1,90.0,81.0,Completed
2642,1215,3,2026-10-01 17:54:56,1,0.0,499.0,499.0,Refunded
2643,307,5,2026-10-01 17:55:34,1,0.0,39.0,39.0,Refunded
2644,325,5,2026-10-01 17:51:04,2,0.1,78.0,70.2,Completed
2645,467,4,2026-10-01 17:50:26,1,0.05,19.0,18.05,Refunded
2646,892,14,2026-10-01 18:01:35,1,0.2,10.0,8.0,Completed
2647,724,2,2026-10-01 18:02:48,1,0.0,149.0,149.0,Refunded
2648,1245,5,2026-10-01 18:02:45,1,0.0,39.0,39.0,Refunded
2649,444,7,2026-10-01 17:52:46,1,0.2,99.0,79.2,Completed
2650,694,11,2026-10-01 18:00:46,1,0.05,299.0,284.05,Cancelled
2651,250,10,2026-10-01 18:00:37,1,0.0,25.0,25.0,Completed
2652,1411,14,2026-10-01 17:48:26,1,0.0,10.0,10.0,Refunded
2653,130,1,2026-10-01 17:56:55,1,0.0,49.0,49.0,Completed
2654,669,12,2026-10-01 17:54:39,1,0.1,59.0,53.1,Completed
2655,1299,15,2026-10-01 18:04:25,3,0.0,1047.0,1047.0,Completed
2656,1137,6,2026-10-01 18:02:33,1,0.0,199.0,199.0,Completed
2657,261,6,2026-10-01 18:05:32,2,0.0,398.0,398.0,Completed
2658,1451,10,2026-10-01 17:59:20,1,0.1,25.0,22.5,Completed
2659,1001,10,2026-10-01 17:58:38,1,0.0,25.0,25.0,Cancelled
2660,196,7,2026-10-01 17:48:21,2,0.05,198.0,188.1,Completed
2661,1084,8,2026-10-01 18:04:41,1,0.1,15.0,13.5,Completed
2662,138,8,2026-10-01 18:04:58,1,0.0,15.0,15.0,Completed
2663,1458,3,2026-10-01 18:00:53,1,0.05,499.0,474.05,Refunded
2664,506,4,2026-10-01 18:02:44,1,0.0,19.0,19.0,Cancelled
2665,989,9,2026-10-01 17:54:39,1,0.0,79.0,79.0,Completed
2666,993,6,2026-10-01 18:00:22,1,0.0,199.0,199.0,Completed
2667,1224,10,2026-10-01 17:52:34,1,0.05,25.0,23.75,Completed
2668,1073,13,2026-10-01 17:50:17,1,0.0,45.0,45.0,Refunded
2669,867,12,2026-10-01 18:00:32,2,0.0,118.0,118.0,Completed
2670,419,3,2026-10-01 17:53:23,1,0.0,499.0,499.0,Refunded
2671,162,6,2026-10-01 18:01:26,1,0.1,199.0,179.1,Completed
2672,915,11,2026-10-01 17:54:43,1,0.0,299.0,299.0,Refunded
2673,644,2,2026-10-01 17:55:05,3,0.0,447.0,447.0,Completed
2674,1447,10,2026-10-01 17:58:22,1,0.0,25.0,25.0,Completed
2675,662,1,2026-10-01 17:59:42,1,0.1,49.0,44.1,Cancelled
2676,978,6,2026-10-01 18:01:28,1,0.1,199.0,179.1,Refunded
2677,1127,1,2026-10-01 17:57:00,1,0.05,49.0,46.55,Refunded
2678,365,6,2026-10-01 17:56:08,1,0.05,199.0,189.05,Completed
2679,664,10,2026-10-01 17:57:34,2,0.0,50.0,50.0,Cancelled
2680,115,12,2026-10-01 17:55:31,2,0.0,118.0,118.0,Completed
2681,140,3,2026-10-01 18:00:36,1,0.0,499.0,499.0,Completed
2682,189,13,2026-10-01 18:03:40,1,0.0,45.0,45.0,Completed
2683,846,6,2026-10-01 17:48:28,2,0.0,398.0,398.0,Cancelled
2684,128,9,2026-10-01 17:55:58,1,0.05,79.0,75.05,Completed
2685,1123,14,2026-10-01 17:49:51,1,0.0,10.0,10.0,Completed
2686,237,13,2026-10-01 18:03:05,3,0.0,135.0,135.0,Completed
2687,116,11,2026-10-01 17:48:23,1,0.0,299.0,299.0,Completed
2688,981,1,2026-10-01 18:00:55,1,0.05,49.0,46.55,Completed
2689,282,9,2026-10-01 17:59:25,1,0.0,79.0,79.0,Refunded
2690,40,9,2026-10-01 17:59:55,2,0.0,158.0,158.0,Refunded
2691,1127,2,2026-10-01 18:00:39,1,0.0,149.0,149.0,Completed
2692,471,10,2026-10-01 17:48:20,1,0.0,25.0,25.0,Completed
2693,1192,15,2026-10-01 18:04:24,1,0.1,349.0,314.1,Completed
2694,814,4,2026-10-01 18:02:32,1,0.0,19.0,19.0,Cancelled
2695,577,5,2026-10-01 18:02:51,1,0.0,39.0,39.0,Completed
2696,413,13,2026-10-01 18:02:07,1,0.0,45.0,45.0,Completed
2697,534,7,2026-10-01 17:50:42,1,0.0,99.0,99.0,Completed
2698,913,10,2026-10-01 18:02:34,3,0.05,75.0,71.25,Refunded
2699,420,3,2026-10-01 17:56:21,1,0.0,499.0,499.0,Completed
2700,422,4,2026-10-01 17:59:32,2,0.05,38.0,36.1,Completed
2701,1413,11,2026-10-01 17:55:27,1,0.0,299.0,299.0,Completed
2702,740,8,2026-10-01 17:56:50,1,0.05,15.0,14.25,Cancelled
2703,517,4,2026-10-01 18:00:09,1,0.0,19.0,19.0,Completed
2704,371,14,2026-10-01 17:56:31,1,0.0,10.0,10.0,Refunded
2705,1475,6,2026-10-01 18:03:59,1,0.0,199.0,199.0,Completed
2706,1007,8,2026-10-01 17:53:02,1,0.0,15.0,15.0,Completed
2707,160,10,2026-10-01 17:53:24,1,0.0,25.0,25.0,Completed
2708,1269,1,2026-10-01 17:55:07,2,0.1,98.0,88.2,Completed
2709,622,8,2026-10-01 18:05:18,1,0.0,15.0,15.0,Completed
2710,200,1,2026-10-01 17:54:19,1,0.05,49.0,46.55,Refunded
2711,764,2,2026-10-01 17:48:53,1,0.05,149.0,141.55,Completed
2712,72,15,2026-10-01 18:00:40,1,0.0,349.0,349.0,Refunded
2713,420,2,2026-10-01 18:00:05,3,0.05,447.0,424.65,Completed
2714,976,3,2026-10-01 17:49:17,1,0.0,499.0,499.0,Completed
2715,933,14,2026-10-01 17:55:27,2,0.05,20.0,19.0,Completed
2716,554,1,2026-10-01 17:50:43,2,0.0,98.0,98.0,Completed
2717,442,2,2026-10-01 17:53:04,1,0.0,149.0,149.0,Completed
2718,1019,7,2026-10-01 17:50:48,2,0.0,198.0,198.0,Completed
2719,1182,15,2026-10-01 17:49:21,1,0.0,349.0,349.0,Completed
2720,1454,5,2026-10-01 17:56:11,2,0.0,78.0,78.0,Completed
2721,50,11,2026-10-01 17:50:21,1,0.1,299.0,269.1,Completed
2722,1413,8,2026-10-01 18:05:34,2,0.2,30.0,24.0,Completed
2723,1154,14,2026-10-01 17:56:21,2,0.0,20.0,20.0,Refunded
2724,475,12,2026-10-01 18:03:06,2,0.0,118.0,118.0,Completed
2725,182,10,2026-10-01 17:52:44,1,0.1,25.0,22.5,Cancelled
2726,336,6,2026-10-01 17:57:39,1,0.0,199.0,199.0,Cancelled
2727,1108,3,2026-10-01 17:52:29,1,0.05,499.0,474.05,Refunded
2728,357,10,2026-10-01 18:02:31,1,0.0,25.0,25.0,Completed
2729,599,3,2026-10-01 17:57:09,2,0.05,998.0,948.1,Refunded
2730,1384,9,2026-10-01 17:53:59,1,0.2,79.0,63.2,Completed
2731,1234,5,2026-10-01 17:55:28,2,0.0,78.0,78.0,Completed
2732,1322,8,2026-10-01 18:01:37,1,0.0,15.0,15.0,Completed
2733,88,6,2026-10-01 17:58:17,1,0.1,199.0,179.1,Completed
2734,1227,6,2026-10-01 17:53:20,1,0.1,199.0,179.1,Completed
2735,1175,3,2026-10-01 18:05:25,3,0.05,1497.0,1422.15,Refunded
2736,168,14,2026-10-01 17:49:55,1,0.0,10.0,10.0,Cancelled
2737,1115,1,2026-10-01 17:55:33,1,0.0,49.0,49.0,Completed
2738,1128,11,2026-10-01 17:50:47,3,0.05,897.0,852.15,Completed
2739,1002,2,2026-10-01 17:49:25,1,0.1,149.0,134.1,Completed
2740,1124,15,2026-10-01 17:53:39,1,0.05,349.0,331.55,Refunded
2741,449,10,2026-10-01 17:57:29,1,0.0,25.0,25.0,Completed
2742,463,11,2026-10-01 18:03:42,1,0.0,299.0,299.0,Completed
2743,1467,1,2026-10-01 18:02:05,2,0.2,98.0,78.4,Completed
2744,1015,3,2026-10-01 17:53:22,3,0.05,1497.0,1422.15,Completed
2745,496,13,2026-10-01 17:55:42,1,0.1,45.0,40.5,Cancelled
2746,1308,2,2026-10-01 17:48:14,3,0.0,447.0,447.0,Completed
2747,64,5,2026-10-01 17:54:19,1,0.0,39.0,39.0,Completed
2748,138,5,2026-10-01 17:50:16,1,0.0,39.0,39.0,Completed
2749,1355,7,2026-10-01 17:49:56,1,0.0,99.0,99.0,Completed
2750,795,6,2026-10-01 17:51:06,1,0.0,199.0,199.0,Cancelled
2751,980,11,2026-10-01 17:56:50,1,0.0,299.0,299.0,Refunded
2752,65,8,2026-10-01 17:53:45,1,0.0,15.0,15.0,Refunded
2753,786,13,2026-10-01 17:51:53,1,0.0,45.0,45.0,Cancelled
2754,1271,15,2026-10-01 18:03:26,1,0.2,349.0,279.2,Refunded
2755,56,7,2026-10-01 18:00:14,1,0.0,99.0,99.0,Completed
2756,973,5,2026-10-01 17:53:45,1,0.0,39.0,39.0,Completed
2757,932,7,2026-10-01 17:52:51,2,0.0,198.0,198.0,Refunded
2758,71,6,2026-10-01 17:54:01,1,0.05,199.0,189.05,Refunded
2759,444,10,2026-10-01 17:56:02,1,0.0,25.0,25.0,Completed
2760,1216,14,2026-10-01 17:47:56,1,0.0,10.0,10.0,Cancelled
2761,911,2,2026-10-01 17:58:45,1,0.0,149.0,149.0,Cancelled
2762,795,13,2026-10-01 17:53:30,3,0.05,135.0,128.25,Completed
2763,519,10,2026-10-01 17:56:56,1,0.0,25.0,25.0,Completed
2764,926,5,2026-10-01 18:05:10,2,0.0,78.0,78.0,Cancelled
2765,679,7,2026-10-01 17:48:21,1,0.0,99.0,99.0,Completed
2766,408,8,2026-10-01 18:04:44,1,0.0,15.0,15.0,Completed
2767,772,1,2026-10-01 18:04:52,1,0.0,49.0,49.0,Cancelled
2768,1011,4,2026-10-01 17:49:35,2,0.1,38.0,34.2,Completed
2769,208,3,2026-10-01 18:01:05,1,0.05,499.0,474.05,Cancelled
2770,1153,1,2026-10-01 17:52:15,1,0.0,49.0,49.0,Refunded
2771,43,12,2026-10-01 17:53:21,1,0.05,59.0,56.05,Cancelled
2772,218,7,2026-10-01 17:49:18,1,0.0,99.0,99.0,Cancelled
2773,1438,7,2026-10-01 18:03:39,1,0.0,99.0,99.0,Completed
2774,973,7,2026-10-01 17:52:58,1,0.0,99.0,99.0,Completed
2775,248,1,2026-10-01 17:52:09,1,0.0,49.0,49.0,Completed
2776,914,11,2026-10-01 17:55:54,5,0.0,1495.0,1495.0,Completed
2777,979,2,2026-10-01 18:00:11,3,0.05,447.0,424.65,Cancelled
2778,847,2,2026-10-01 17:57:10,1,0.0,149.0,149.0,Completed
2779,616,3,2026-10-01 18:03:26,2,0.0,998.0,998.0,Completed
2780,123,9,2026-10-01 17:56:02,2,0.0,158.0,158.0,Completed
2781,1200,9,2026-10-01 18:03:10,1,0.1,79.0,71.1,Completed
2782,655,15,2026-10-01 17:53:37,1,0.0,349.0,349.0,Completed
2783,387,11,2026-10-01 17:51:24,1,0.0,299.0,299.0,Completed
2784,354,7,2026-10-01 17:56:07,1,0.05,99.0,94.05,Completed
2785,300,11,2026-10-01 17:53:10,1,0.0,299.0,299.0,Completed
2786,979,9,2026-10-01 17:49:05,5,0.0,395.0,395.0,Completed
2787,506,11,2026-10-01 17:49:56,2,0.1,598.0,538.2,Completed
2788,462,14,2026-10-01 18:00:31,1,0.0,10.0,10.0,Refunded
2789,88,14,2026-10-01 17:52:17,1,0.0,10.0,10.0,Completed
2790,1376,12,2026-10-01 17:47:40,3,0.0,177.0,177.0,Cancelled
2791,461,12,2026-10-01 17:57:27,3,0.0,177.0,177.0,Cancelled
2792,833,11,2026-10-01 18:03:22,2,0.05,598.0,568.1,Completed
2793,1227,9,2026-10-01 18:04:22,1,0.05,79.0,75.05,Refunded
2794,1229,1,2026-10-01 18:01:07,1,0.0,49.0,49.0,Completed
2795,1314,1,2026-10-01 18:01:26,1,0.0,49.0,49.0,Refunded
2796,1332,13,2026-10-01 18:05:34,5,0.0,225.0,225.0,Cancelled
2797,1240,6,2026-10-01 18:03:34,3,0.1,597.0,537.3,Refunded
2798,1048,8,2026-10-01 18:05:23,1,0.1,15.0,13.5,Cancelled
2799,1424,9,2026-10-01 17:59:43,3,0.05,237.0,225.15,Cancelled
2800,282,8,2026-10-01 18:01:28,1,0.05,15.0,14.25,Completed
2801,1092,9,2026-10-01 17:56:13,1,0.0,79.0,79.0,Completed
2802,556,14,2026-10-01 18:05:31,1,0.0,10.0,10.0,Completed
2803,664,15,2026-10-01 18:01:33,1,0.0,349.0,349.0,Completed
2804,393,14,2026-10-01 17:53:20,1,0.05,10.0,9.5,Completed
2805,541,10,2026-10-01 18:04:49,1,0.05,25.0,23.75,Cancelled
2806,286,13,2026-10-01 18:04:42,2,0.0,90.0,90.0,Completed
2807,1460,9,2026-10-01 17:51:57,1,0.0,79.0,79.0,Refunded
2808,1192,9,2026-10-01 17:48:53,1,0.05,79.0,75.05,Completed
2809,1308,4,2026-10-01 17:54:42,1,0.05,19.0,18.05,Completed
2810,375,15,2026-10-01 17:50:09,1,0.0,349.0,349.0,Completed
2811,803,8,2026-10-01 18:00:11,2,0.1,30.0,27.0,Refunded
2812,1101,6,2026-10-01 17:57:50,1,0.05,199.0,189.05,Completed
2813,255,7,2026-10-01 17:51:35,2,0.2,198.0,158.4,Completed
2814,137,4,2026-10-01 18:01:43,2,0.0,38.0,38.0,Refunded
2815,932,15,2026-10-01 18:00:42,5,0.0,1745.0,1745.0,Completed
2816,1047,10,2026-10-01 18:00:28,1,0.0,25.0,25.0,Refunded
2817,1287,8,2026-10-01 17:57:52,1,0.0,15.0,15.0,Refunded
2818,642,2,2026-10-01 18:00:24,1,0.0,149.0,149.0,Completed
2819,85,14,2026-10-01 17:48:27,1,0.0,10.0,10.0,Cancelled
2820,550,3,2026-10-01 17:58:23,2,0.1,998.0,898.2,Refunded
2821,420,1,2026-10-01 18:04:16,2,0.0,98.0,98.0,Completed
2822,229,6,2026-10-01 17:54:25,3,0.05,597.0,567.15,Completed
2823,881,4,2026-10-01 17:48:11,1,0.05,19.0,18.05,Cancelled
2824,547,15,2026-10-01 17:55:00,1,0.1,349.0,314.1,Completed
2825,48,9,2026-10-01 18:02:30,1,0.05,79.0,75.05,Completed
2826,785,4,2026-10-01 17:52:40,1,0.0,19.0,19.0,Completed
2827,187,10,2026-10-01 18:03:00,2,0.2,50.0,40.0,Completed
2828,996,2,2026-10-01 17:52:25,1,0.1,149.0,134.1,Completed
2829,496,8,2026-10-01 17:57:57,1,0.1,15.0,13.5,Completed
2830,573,2,2026-10-01 18:01:10,1,0.05,149.0,141.55,Refunded
2831,1188,14,2026-10-01 17:55:59,1,0.0,10.0,10.0,Completed
2832,476,2,2026-10-01 17:52:30,2,0.0,298.0,298.0,Refunded
2833,907,3,2026-10-01 17:48:12,2,0.0,998.0,998.0,Cancelled
2834,779,1,2026-10-01 17:55:24,1,0.0,49.0,49.0,Refunded
2835,895,13,2026-10-01 18:02:38,2,0.0,90.0,90.0,Completed
2836,1023,9,2026-10-01 17:56:16,1,0.1,79.0,71.1,Cancelled
2837,421,6,2026-10-01 18:04:15,1,0.0,199.0,199.0,Refunded
2838,345,13,2026-10-01 18:01:16,1,0.0,45.0,45.0,Completed
2839,830,5,2026-10-01 18:03:34,1,0.0,39.0,39.0,Completed
2840,778,10,2026-10-01 18:03:31,2,0.2,50.0,40.0,Cancelled
2841,500,11,2026-10-01 18:00:19,1,0.0,299.0,299.0,Completed
2842,797,10,2026-10-01 17:54:38,1,0.0,25.0,25.0,Refunded
2843,894,12,2026-10-01 18:03:27,1,0.0,59.0,59.0,Refunded
2844,523,6,2026-10-01 17:52:06,1,0.0,199.0,199.0,Completed
2845,981,3,2026-10-01 18:01:50,1,0.1,499.0,449.1,Cancelled
2846,1227,9,2026-10-01 17:49:24,2,0.1,158.0,142.2,Refunded
2847,747,1,2026-10-01 17:56:01,2,0.0,98.0,98.0,Completed
2848,190,10,2026-10-01 17:52:37,1,0.0,25.0,25.0,Completed
2849,1076,15,2026-10-01 17:51:06,1,0.0,349.0,349.0,Completed
2850,893,5,2026-10-01 17:57:44,2,0.0,78.0,78.0,Refunded
2851,639,3,2026-10-01 18:00:25,1,0.0,499.0,499.0,Completed
2852,1272,1,2026-10-01 17:49:27,1,0.05,49.0,46.55,Completed
2853,591,9,2026-10-01 17:59:36,1,0.0,79.0,79.0,Completed
2854,484,1,2026-10-01 18:03:31,2,0.0,98.0,98.0,Completed
2855,138,13,2026-10-01 18:00:50,1,0.1,45.0,40.5,Completed
2856,1094,2,2026-10-01 18:02:26,2,0.0,298.0,298.0,Completed
2857,1482,3,2026-10-01 17:50:18,1,0.1,499.0,449.1,Completed
2858,18,6,2026-10-01 17:57:41,2,0.05,398.0,378.1,Cancelled
2859,43,9,2026-10-01 17:59:45,1,0.0,79.0,79.0,Completed
2860,343,1,2026-10-01 18:05:08,1,0.1,49.0,44.1,Completed
2861,1248,14,2026-10-01 18:03:56,1,0.05,10.0,9.5,Refunded
2862,504,8,2026-10-01 17:49:01,1,0.0,15.0,15.0,Completed
2863,332,11,2026-10-01 18:04:00,1,0.0,299.0,299.0,Refunded
2864,279,1,2026-10-01 17:49:57,1,0.0,49.0,49.0,Refunded
2865,1388,13,2026-10-01 17:59:40,1,0.0,45.0,45.0,Refunded
2866,1076,8,2026-10-01 17:58:57,3,0.1,45.0,40.5,Completed
2867,1241,10,2026-10-01 17:54:15,2,0.05,50.0,47.5,Completed
2868,1073,15,2026-10-01 17:58:14,1,0.0,349.0,349.0,Refunded
2869,259,13,2026-10-01 18:04:56,1,0.0,45.0,45.0,Completed
2870,612,2,2026-10-01 17:53:18,1,0.0,149.0,149.0,Refunded
2871,614,6,2026-10-01 17:48:01,1,0.0,199.0,199.0,Completed
2872,442,7,2026-10-01 17:51:06,2,0.05,198.0,188.1,Refunded
2873,1210,13,2026-10-01 17:52:37,2,0.0,90.0,90.0,Completed
2874,812,4,2026-10-01 17:56:51,1,0.1,19.0,17.1,Refunded
2875,518,8,2026-10-01 17:49:41,1,0.05,15.0,14.25,Completed
2876,420,8,2026-10-01 17:48:29,1,0.2,15.0,12.0,Completed
2877,299,15,2026-10-01 18:05:02,1,0.0,349.0,349.0,Completed
2878,109,6,2026-10-01 17:55:06,1,0.0,199.0,199.0,Refunded
2879,160,10,2026-10-01 18:05:26,1,0.1,25.0,22.5,Cancelled
2880,978,1,2026-10-01 18:00:19,3,0.1,147.0,132.3,Refunded
2881,139,6,2026-10-01 17:48:28,1,0.0,199.0,199.0,Cancelled
2882,340,1,2026-10-01 18:02:57,5,0.0,245.0,245.0,Cancelled
2883,553,1,2026-10-01 18:01:25,1,0.0,49.0,49.0,Cancelled
2884,761,1,2026-10-01 17:59:03,1,0.0,49.0,49.0,Cancelled
2885,943,6,2026-10-01 18:03:21,1,0.0,199.0,199.0,Completed
2886,1059,10,2026-10-01 17:59:29,1,0.0,25.0,25.0,Refunded
2887,888,13,2026-10-01 17:58:47,1,0.05,45.0,42.75,Cancelled
2888,1493,12,2026-10-01 17:57:22,1,0.0,59.0,59.0,Completed
2889,774,6,2026-10-01 18:00:12,1,0.0,199.0,199.0,Completed
2890,295,3,2026-10-01 17:49:23,2,0.0,998.0,998.0,Cancelled
2891,787,5,2026-10-01 18:05:17,1,0.0,39.0,39.0,Completed
2892,25,3,2026-10-01 17:51:51,1,0.0,499.0,499.0,Refunded
2893,311,7,2026-10-01 18:02:36,1,0.0,99.0,99.0,Completed
2894,2,2,2026-10-01 18:04:17,1,0.0,149.0,149.0,Refunded
2895,136,4,2026-10-01 18:02:26,1,0.2,19.0,15.2,Refunded
2896,234,2,2026-10-01 18:05:11,1,0.1,149.0,134.1,Completed
2897,1264,12,2026-10-01 17:48:53,3,0.1,177.0,159.3,Completed
2898,1182,9,2026-10-01 18:04:55,1,0.1,79.0,71.1,Completed
2899,1294,11,2026-10-01 17:49:56,1,0.0,299.0,299.0,Cancelled
2900,1066,11,2026-10-01 17:52:53,1,0.0,299.0,299.0,Completed
2901,464,14,2026-10-01 18:00:32,1,0.0,10.0,10.0,Completed
2902,1043,5,2026-10-01 17:58:55,1,0.05,39.0,37.05,Refunded
2903,106,10,2026-10-01 18:02:39,1,0.1,25.0,22.5,Completed
2904,304,9,2026-10-01 17:56:46,1,0.05,79.0,75.05,Completed
2905,951,15,2026-10-01 17:52:33,1,0.0,349.0,349.0,Cancelled
2906,1036,6,2026-10-01 17:52:30,1,0.0,199.0,199.0,Cancelled
2907,679,5,2026-10-01 17:54:21,1,0.0,39.0,39.0,Refunded
2908,1358,2,2026-10-01 17:50:49,2,0.1,298.0,268.2,Completed
2909,893,7,2026-10-01 18:00:45,2,0.0,198.0,198.0,Refunded
2910,63,6,2026-10-01 17:57:03,3,0.0,597.0,597.0,Completed
2911,997,15,2026-10-01 18:01:06,5,0.1,1745.0,1570.5,Refunded
2912,1206,4,2026-10-01 17:55:10,1,0.1,19.0,17.1,Completed
2913,499,10,2026-10-01 17:49:04,2,0.0,50.0,50.0,Cancelled
2914,670,10,2026-10-01 17:49:09,1,0.0,25.0,25.0,Completed
2915,169,13,2026-10-01 17:57:59,2,0.0,90.0,90.0,Refunded
2916,1009,15,2026-10-01 17:48:03,1,0.2,349.0,279.2,Completed
2917,106,1,2026-10-01 17:52:11,1,0.0,49.0,49.0,Completed
2918,752,11,2026-10-01 17:54:17,1,0.1,299.0,269.1,Completed
2919,1365,10,2026-10-01 18:01:55,1,0.0,25.0,25.0,Completed
2920,677,2,2026-10-01 17:54:15,1,0.0,149.0,149.0,Completed
2921,1259,1,2026-10-01 18:01:54,2,0.0,98.0,98.0,Completed
2922,801,14,2026-10-01 17:52:49,5,0.0,50.0,50.0,Cancelled
2923,597,10,2026-10-01 18:02:13,2,0.0,50.0,50.0,Cancelled
2924,583,3,2026-10-01 17:56:21,1,0.05,499.0,474.05,Completed
2925,323,11,2026-10-01 17:54:50,2,0.0,598.0,598.0,Refunded
2926,1243,4,2026-10-01 17:47:40,1,0.0,19.0,19.0,Completed
2927,1362,3,2026-10-01 17:49:54,1,0.1,499.0,449.1,Completed
2928,1043,5,2026-10-01 17:53:13,1,0.05,39.0,37.05,Refunded
2929,857,13,2026-10-01 17:48:55,3,0.05,135.0,128.25,Completed
2930,1365,6,2026-10-01 17:56:42,1,0.0,199.0,199.0,Completed
2931,76,2,2026-10-01 18:04:07,1,0.1,149.0,134.1,Completed
2932,221,8,2026-10-01 17:49:54,1,0.05,15.0,14.25,Completed
2933,682,12,2026-10-01 17:55:07,1,0.0,59.0,59.0,Refunded
2934,892,7,2026-10-01 18:03:38,1,0.05,99.0,94.05,Cancelled
2935,1494,10,2026-10-01 17:53:18,1,0.05,25.0,23.75,Refunded
2936,1344,1,2026-10-01 18:04:29,1,0.0,49.0,49.0,Completed
2937,136,1,2026-10-01 17:51:32,1,0.1,49.0,44.1,Completed
2938,798,3,2026-10-01 17:50:22,2,0.0,998.0,998.0,Refunded
2939,1453,14,2026-10-01 18:03:20,1,0.0,10.0,10.0,Completed
2940,1449,7,2026-10-01 17:59:20,1,0.2,99.0,79.2,Cancelled
2941,1434,3,2026-10-01 18:00:21,1,0.05,499.0,474.05,Completed
2942,852,2,2026-10-01 18:03:39,1,0.2,149.0,119.2,Completed
2943,87,15,2026-10-01 17:56:27,1,0.0,349.0,349.0,Refunded
2944,570,15,2026-10-01 17:58:56,1,0.0,349.0,349.0,Completed
2945,19,11,2026-10-01 17:58:47,1,0.0,299.0,299.0,Cancelled
2946,764,6,2026-10-01 18:05:37,1,0.0,199.0,199.0,Cancelled
2947,414,4,2026-10-01 17:52:57,1,0.05,19.0,18.05,Cancelled
2948,561,9,2026-10-01 18:05:24,1,0.0,79.0,79.0,Cancelled
2949,1255,15,2026-10-01 17:57:10,1,0.0,349.0,349.0,Completed
2950,932,12,2026-10-01 17:56:01,1,0.0,59.0,59.0,Refunded
2951,92,5,2026-10-01 17:55:22,1,0.0,39.0,39.0,Completed
2952,972,14,2026-10-01 17:48:24,2,0.1,20.0,18.0,Cancelled
2953,1172,4,2026-10-01 18:02:27,3,0.1,57.0,51.3,Completed
2954,921,5,2026-10-01 18:04:08,1,0.05,39.0,37.05,Completed
2955,470,11,2026-10-01 17:56:56,3,0.0,897.0,897.0,Completed
2956,9,9,2026-10-01 17:58:51,1,0.0,79.0,79.0,Refunded
2957,490,7,2026-10-01 18:05:01,1,0.0,99.0,99.0,Completed
2958,561,9,2026-10-01 17:57:54,2,0.0,158.0,158.0,Refunded
2959,34,9,2026-10-01 18:04:40,2,0.05,158.0,150.1,Completed
2960,1230,11,2026-10-01 18:01:27,1,0.2,299.0,239.2,Completed
2961,1094,11,2026-10-01 17:49:24,1,0.05,299.0,284.05,Completed
2962,797,9,2026-10-01 17:57:54,2,0.0,158.0,158.0,Completed
2963,30,11,2026-10-01 17:56:26,1,0.0,299.0,299.0,Completed
2964,983,1,2026-10-01 17:51:17,1,0.1,49.0,44.1,Completed
2965,347,11,2026-10-01 17:52:42,1,0.0,299.0,299.0,Completed
2966,874,4,2026-10-01 17:55:16,2,0.0,38.0,38.0,Completed
2967,634,9,2026-10-01 17:55:07,1,0.05,79.0,75.05,Completed
2968,319,14,2026-10-01 17:56:08,1,0.1,10.0,9.0,Completed
2969,136,13,2026-10-01 18:03:29,2,0.05,90.0,85.5,Completed
2970,367,2,2026-10-01 17:52:52,2,0.0,298.0,298.0,Cancelled
2971,1095,8,2026-10-01 17:51:00,1,0.0,15.0,15.0,Cancelled
2972,570,13,2026-10-01 18:04:54,1,0.05,45.0,42.75,Completed
2973,362,7,2026-10-01 18:00:02,2,0.0,198.0,198.0,Completed
2974,1486,1,2026-10-01 18:01:44,3,0.05,147.0,139.65,Completed
2975,130,3,2026-10-01 18:01:17,1,0.0,499.0,499.0,Cancelled
2976,398,8,2026-10-01 18:01:57,5,0.05,75.0,71.25,Completed
2977,62,6,2026-10-01 17:58:57,2,0.05,398.0,378.1,Refunded
2978,213,13,2026-10-01 17:57:51,1,0.1,45.0,40.5,Completed
2979,344,4,2026-10-01 17:50:25,1,0.0,19.0,19.0,Cancelled
2980,1429,2,2026-10-01 17:55:55,3,0.05,447.0,424.65,Refunded
2981,1142,13,2026-10-01 17:53:11,1,0.0,45.0,45.0,Completed
2982,408,15,2026-10-01 18:04:04,1,0.0,349.0,349.0,Completed
2983,1170,6,2026-10-01 17:49:54,1,0.05,199.0,189.05,Completed
2984,1329,6,2026-10-01 17:58:21,1,0.1,199.0,179.1,Completed
2985,950,2,2026-10-01 17:49:35,1,0.0,149.0,149.0,Cancelled
2986,1150,13,2026-10-01 18:02:31,1,0.0,45.0,45.0,Refunded
2987,1134,9,2026-10-01 18:01:30,2,0.0,158.0,158.0,Cancelled
2988,67,13,2026-10-01 18:02:24,2,0.0,90.0,90.0,Completed
2989,1100,14,2026-10-01 17:52:54,1,0.0,10.0,10.0,Completed
2990,113,5,2026-10-01 18:01:47,1,0.2,39.0,31.2,Completed
2991,778,3,2026-10-01 18:03:48,1,0.1,499.0,449.1,Completed
2992,1088,6,2026-10-01 17:48:41,1,0.0,199.0,199.0,Completed
2993,834,1,2026-10-01 17:59:02,1,0.0,49.0,49.0,Completed
2994,1458,2,2026-10-01 18:00:17,2,0.1,298.0,268.2,Cancelled
2995,1228,14,2026-10-01 17:51:41,1,0.0,10.0,10.0,Completed
2996,684,6,2026-10-01 17:58:09,2,0.0,398.0,398.0,Completed
2997,1193,13,2026-10-01 17:55:41,1,0.0,45.0,45.0,Completed
2998,1127,13,2026-10-01 18:04:15,1,0.1,45.0,40.5,Cancelled
2999,1183,14,2026-10-01 18:04:26,1,0.0,10.0,10.0,Cancelled
3000,1348,5,2026-10-01 18:01:10,1,0.0,39.0,39.0,Completed
3001,639,15,2026-10-01 17:54:57,2,0.0,698.0,698.0,Completed
3002,552,12,2026-10-01 18:01:29,1,0.0,59.0,59.0,Cancelled
3003,9,2,2026-10-01 18:02:19,2,0.0,298.0,298.0,Completed
3004,832,9,2026-10-01 17:55:40,1,0.0,79.0,79.0,Cancelled
3005,508,2,2026-10-01 17:57:25,1,0.0,149.0,149.0,Cancelled
3006,1436,14,2026-10-01 17:55:57,1,0.1,10.0,9.0,Refunded
3007,448,12,2026-10-01 17:53:16,2,0.0,118.0,118.0,Cancelled
3008,489,7,2026-10-01 17:59:07,1,0.0,99.0,99.0,Completed
3009,1182,13,2026-10-01 17:53:05,2,0.1,90.0,81.0,Refunded
3010,1122,4,2026-10-01 17:58:48,1,0.0,19.0,19.0,Refunded
3011,395,14,2026-10-01 18:00:30,1,0.0,10.0,10.0,Refunded
3012,1210,7,2026-10-01 17:50:28,3,0.0,297.0,297.0,Completed
3013,1263,14,2026-10-01 17:51:05,2,0.05,20.0,19.0,Completed
3014,1328,10,2026-10-01 17:50:27,1,0.2,25.0,20.0,Refunded
3015,1210,4,2026-10-01 17:50:27,2,0.05,38.0,36.1,Cancelled
3016,378,14,2026-10-01 17:47:56,1,0.0,10.0,10.0,Completed
3017,272,12,2026-10-01 17:52:46,1,0.2,59.0,47.2,Completed
3018,1498,2,2026-10-01 18:02:16,1,0.0,149.0,149.0,Completed
3019,567,2,2026-10-01 18:04:27,1,0.05,149.0,141.55,Completed
3020,1426,1,2026-10-01 17:50:48,1,0.0,49.0,49.0,Refunded
3021,296,3,2026-10-01 17:52:50,2,0.05,998.0,948.1,Completed
3022,666,7,2026-10-01 17:49:24,1,0.0,99.0,99.0,Completed
3023,909,11,2026-10-01 17:47:43,1,0.05,299.0,284.05,Completed
3024,798,6,2026-10-01 18:03:44,1,0.05,199.0,189.05,Completed
3025,1004,8,2026-10-01 17:53:42,3,0.0,45.0,45.0,Completed
3026,7,7,2026-10-01 17:48:45,1,0.0,99.0,99.0,Completed
3027,940,9,2026-10-01 17:52:12,1,0.0,79.0,79.0,Completed
3028,289,5,2026-10-01 17:57:35,1,0.0,39.0,39.0,Completed
3029,970,13,2026-10-01 18:00:10,2,0.0,90.0,90.0,Refunded
3030,713,5,2026-10-01 17:59:50,1,0.0,39.0,39.0,Completed
3031,977,7,2026-10-01 17:50:38,1,0.0,99.0,99.0,Refunded
3032,274,1,2026-10-01 17:49:01,2,0.05,98.0,93.1,Refunded
3033,449,9,2026-10-01 17:53:17,1,0.1,79.0,71.1,Completed
3034,549,12,2026-10-01 17:58:13,1,0.0,59.0,59.0,Completed
3035,557,14,2026-10-01 17:58:55,1,0.05,10.0,9.5,Refunded
3036,42,2,2026-10-01 17:51:03,1,0.1,149.0,134.1,Completed
3037,580,5,2026-10-01 17:48:58,2,0.05,78.0,74.1,Cancelled
3038,1257,10,2026-10-01 17:50:27,2,0.0,50.0,50.0,Completed
3039,1286,8,2026-10-01 17:48:59,3,0.0,45.0,45.0,Completed
3040,671,13,2026-10-01 17:47:39,1,0.0,45.0,45.0,Cancelled
3041,699,1,2026-10-01 17:54:12,1,0.0,49.0,49.0,Completed
3042,1477,13,2026-10-01 17:53:27,1,0.05,45.0,42.75,Completed
3043,1201,4,2026-10-01 18:00:59,1,0.05,19.0,18.05,Cancelled
3044,1158,10,2026-10-01 18:04:23,1,0.0,25.0,25.0,Cancelled
3045,402,15,2026-10-01 17:51:19,1,0.0,349.0,349.0,Completed
3046,731,8,2026-10-01 17:56:46,2,0.0,30.0,30.0,Refunded
3047,467,7,2026-10-01 17:57:35,3,0.0,297.0,297.0,Completed
3048,212,10,2026-10-01 18:05:36,2,0.0,50.0,50.0,Completed
3049,420,8,2026-10-01 17:50:05,1,0.2,15.0,12.0,Completed
3050,211,11,2026-10-01 17:57:21,5,0.0,1495.0,1495.0,Completed
3051,453,12,2026-10-01 17:52:22,1,0.0,59.0,59.0,Completed
3052,526,1,2026-10-01 17:49:52,3,0.0,147.0,147.0,Completed
3053,1317,10,2026-10-01 18:03:25,2,0.1,50.0,45.0,Completed
3054,698,15,2026-10-01 17:56:31,1,0.0,349.0,349.0,Completed
3055,1226,9,2026-10-01 17:53:01,2,0.1,158.0,142.2,Completed
3056,91,8,2026-10-01 18:05:13,1,0.0,15.0,15.0,Completed
3057,1003,14,2026-10-01 17:50:55,5,0.05,50.0,47.5,Completed
3058,205,2,2026-10-01 18:04:35,1,0.0,149.0,149.0,Cancelled
3059,569,1,2026-10-01 17:55:17,1,0.0,49.0,49.0,Completed
3060,927,9,2026-10-01 17:57:20,1,0.0,79.0,79.0,Completed
3061,1285,10,2026-10-01 17:48:44,1,0.0,25.0,25.0,Completed
3062,322,4,2026-10-01 18:01:04,2,0.05,38.0,36.1,Completed
3063,429,4,2026-10-01 17:59:12,1,0.0,19.0,19.0,Refunded
3064,463,10,2026-10-01 17:53:12,1,0.0,25.0,25.0,Completed
3065,751,11,2026-10-01 18:03:47,2,0.05,598.0,568.1,Refunded
3066,316,12,2026-10-01 18:03:05,1,0.1,59.0,53.1,Refunded
3067,775,1,2026-10-01 17:59:53,1,0.0,49.0,49.0,Completed
3068,1402,14,2026-10-01 18:05:01,2,0.0,20.0,20.0,Completed
3069,434,2,2026-10-01 17:58:06,1,0.0,149.0,149.0,Completed
3070,1433,14,2026-10-01 17:57:40,1,0.05,10.0,9.5,Cancelled
3071,1387,9,2026-10-01 18:01:20,3,0.1,237.0,213.3,Cancelled
3072,676,15,2026-10-01 18:01:55,1,0.1,349.0,314.1,Cancelled
3073,1092,11,2026-10-01 17:55:40,1,0.2,299.0,239.2,Refunded
3074,353,10,2026-10-01 17:58:12,2,0.0,50.0,50.0,Completed
3075,533,10,2026-10-01 17:58:47,1,0.05,25.0,23.75,Completed
3076,402,7,2026-10-01 17:54:50,1,0.05,99.0,94.05,Refunded
3077,187,14,2026-10-01 17:55:51,1,0.05,10.0,9.5,Completed
3078,111,4,2026-10-01 18:03:23,2,0.0,38.0,38.0,Completed
3079,1148,8,2026-10-01 17:52:43,1,0.05,15.0,14.25,Completed
3080,109,9,2026-10-01 17:52:56,1,0.1,79.0,71.1,Completed
3081,493,15,2026-10-01 17:48:54,1,0.1,349.0,314.1,Cancelled
3082,152,4,2026-10-01 17:50:21,1,0.0,19.0,19.0,Cancelled
3083,1101,2,2026-10-01 17:49:39,1,0.0,149.0,149.0,Completed
3084,366,1,2026-10-01 17:51:40,1,0.1,49.0,44.1,Completed
3085,287,13,2026-10-01 17:52:41,2,0.05,90.0,85.5,Completed
3086,1061,3,2026-10-01 17:51:19,1,0.0,499.0,499.0,Cancelled
3087,165,12,2026-10-01 18:02:58,2,0.0,118.0,118.0,Completed
3088,692,1,2026-10-01 17:51:57,1,0.0,49.0,49.0,Completed
3089,1362,12,2026-10-01 17:52:44,1,0.1,59.0,53.1,Completed
3090,172,6,2026-10-01 17:50:09,1,0.05,199.0,189.05,Cancelled
3091,167,2,2026-10-01 17:57:17,1,0.0,149.0,149.0,Completed
3092,900,13,2026-10-01 17:59:00,2,0.05,90.0,85.5,Completed
3093,1292,12,2026-10-01 17:58:34,3,0.0,177.0,177.0,Completed
3094,724,6,2026-10-01 17:55:48,1,0.0,199.0,199.0,Cancelled
3095,1323,5,2026-10-01 18:04:05,2,0.0,78.0,78.0,Completed
3096,1118,14,2026-10-01 18:02:30,1,0.05,10.0,9.5,Cancelled
3097,977,5,2026-10-01 18:01:38,1,0.1,39.0,35.1,Completed
3098,309,3,2026-10-01 17:51:50,2,0.0,998.0,998.0,Cancelled
3099,87,6,2026-10-01 17:57:58,1,0.0,199.0,199.0,Refunded
3100,958,1,2026-10-01 17:54:48,1,0.0,49.0,49.0,Completed
3101,504,7,2026-10-01 18:03:48,1,0.0,99.0,99.0,Completed
3102,1483,9,2026-10-01 17:48:48,1,0.0,79.0,79.0,Refunded
3103,1154,2,2026-10-01 18:00:04,1,0.0,149.0,149.0,Completed
3104,1048,4,2026-10-01 17:52:59,5,0.0,95.0,95.0,Completed
3105,750,5,2026-10-01 18:00:59,2,0.05,78.0,74.1,Refunded
3106,1495,1,2026-10-01 17:54:11,1,0.0,49.0,49.0,Refunded
3107,109,7,2026-10-01 17:59:25,1,0.0,99.0,99.0,Cancelled
3108,1144,8,2026-10-01 17:49:54,1,0.05,15.0,14.25,Completed
3109,1279,13,2026-10-01 17:49:19,1,0.1,45.0,40.5,Cancelled
3110,379,3,2026-10-01 17:48:43,1,0.0,499.0,499.0,Completed
3111,251,14,2026-10-01 17:56:15,1,0.1,10.0,9.0,Completed
3112,1139,15,2026-10-01 18:00:56,1,0.0,349.0,349.0,Completed
3113,1319,3,2026-10-01 17:54:01,1,0.0,499.0,499.0,Completed
3114,1057,4,2026-10-01 18:04:38,1,0.05,19.0,18.05,Cancelled
3115,1327,2,2026-10-01 18:03:28,1,0.0,149.0,149.0,Completed
3116,290,12,2026-10-01 18:01:13,1,0.05,59.0,56.05,Completed
3117,1069,10,2026-10-01 17:58:41,1,0.05,25.0,23.75,Completed
3118,835,5,2026-10-01 18:02:59,1,0.0,39.0,39.0,Refunded
3119,1469,3,2026-10-01 17:52:11,1,0.05,499.0,474.05,Cancelled
3120,883,4,2026-10-01 17:58:48,1,0.2,19.0,15.2,Completed
3121,169,8,2026-10-01 18:02:03,2,0.1,30.0,27.0,Completed
3122,1294,7,2026-10-01 17:58:23,1,0.1,99.0,89.1,Completed
3123,596,14,2026-10-01 17:53:55,2,0.0,20.0,20.0,Completed
3124,1477,11,2026-10-01 17:47:54,1,0.0,299.0,299.0,Completed
3125,602,4,2026-10-01 17:53:15,3,0.1,57.0,51.3,Completed
3126,1370,2,2026-10-01 17:56:12,1,0.0,149.0,149.0,Completed
3127,596,9,2026-10-01 18:01:50,1,0.1,79.0,71.1,Cancelled
3128,47,13,2026-10-01 17:50:49,1,0.0,45.0,45.0,Completed
3129,1139,12,2026-10-01 18:04:16,1,0.0,59.0,59.0,Completed
3130,680,12,2026-10-01 17:59:04,3,0.0,177.0,177.0,Completed
3131,1380,12,2026-10-01 17:52:42,1,0.0,59.0,59.0,Completed
3132,597,4,2026-10-01 17:49:05,1,0.0,19.0,19.0,Completed
3133,398,14,2026-10-01 17:52:26,1,0.0,10.0,10.0,Completed
3134,809,12,2026-10-01 17:55:50,1,0.0,59.0,59.0,Completed
3135,185,2,2026-10-01 18:05:09,2,0.0,298.0,298.0,Refunded
3136,1478,15,2026-10-01 18:04:33,2,0.0,698.0,698.0,Cancelled
3137,407,4,2026-10-01 17:57:08,1,0.05,19.0,18.05,Completed
3138,1009,4,2026-10-01 17:54:33,1,0.05,19.0,18.05,Completed
3139,81,15,2026-10-01 17:53:48,1,0.0,349.0,349.0,Completed
3140,172,15,2026-10-01 18:01:54,2,0.05,698.0,663.1,Refunded
3141,671,7,2026-10-01 17:48:57,1,0.2,99.0,79.2,Refunded
3142,1132,12,2026-10-01 17:47:57,2,0.1,118.0,106.2,Completed
3143,379,4,2026-10-01 17:59:57,2,0.2,38.0,30.4,Completed
3144,1201,2,2026-10-01 17:59:21,1,0.0,149.0,149.0,Cancelled
3145,262,14,2026-10-01 18:00:22,1,0.1,10.0,9.0,Completed
3146,1410,7,2026-10-01 17:59:09,1,0.05,99.0,94.05,Refunded
3147,541,12,2026-10-01 17:47:44,1,0.2,59.0,47.2,Completed
3148,1485,15,2026-10-01 17:51:13,1,0.0,349.0,349.0,Cancelled
3149,1393,4,2026-10-01 18:04:07,1,0.05,19.0,18.05,Completed
3150,275,15,2026-10-01 18:04:45,1,0.0,349.0,349.0,Completed
3151,253,14,2026-10-01 17:54:32,1,0.05,10.0,9.5,Completed
3152,223,9,2026-10-01 17:54:51,1,0.0,79.0,79.0,Cancelled
3153,978,6,2026-10-01 17:52:41,2,0.0,398.0,398.0,Refunded
3154,399,3,2026-10-01 17:58:59,2,0.0,998.0,998.0,Completed
3155,1243,10,2026-10-01 18:04:53,1,0.0,25.0,25.0,Refunded
3156,564,6,2026-10-01 17:56:59,1,0.0,199.0,199.0,Completed
3157,75,12,2026-10-01 18:00:59,2,0.05,118.0,112.1,Completed
3158,1065,9,2026-10-01 17:54:21,1,0.05,79.0,75.05,Completed
3159,1292,1,2026-10-01 18:02:29,2,0.0,98.0,98.0,Refunded
3160,810,7,2026-10-01 17:48:59,1,0.05,99.0,94.05,Completed
3161,1064,12,2026-10-01 18:03:10,1,0.05,59.0,56.05,Refunded
3162,37,1,2026-10-01 17:57:33,3,0.1,147.0,132.3,Completed
3163,1066,15,2026-10-01 18:03:13,1,0.0,349.0,349.0,Cancelled
3164,182,14,2026-10-01 17:49:10,2,0.0,20.0,20.0,Completed
3165,1403,8,2026-10-01 17:57:21,1,0.1,15.0,13.5,Completed
3166,205,3,2026-10-01 17:59:00,2,0.0,998.0,998.0,Completed
3167,729,1,2026-10-01 17:48:15,2,0.0,98.0,98.0,Completed
3168,894,10,2026-10-01 18:01:33,1,0.05,25.0,23.75,Refunded
3169,870,13,2026-10-01 17:49:47,1,0.1,45.0,40.5,Cancelled
3170,432,9,2026-10-01 18:03:50,2,0.0,158.0,158.0,Completed
3171,238,4,2026-10-01 18:01:53,1,0.0,19.0,19.0,Cancelled
3172,917,13,2026-10-01 18:03:28,1,0.0,45.0,45.0,Refunded
3173,1367,15,2026-10-01 17:55:31,1,0.1,349.0,314.1,Completed
3174,835,1,2026-10-01 17:58:24,1,0.05,49.0,46.55,Cancelled
3175,1483,2,2026-10-01 17:55:15,1,0.05,149.0,141.55,Refunded
3176,1416,12,2026-10-01 18:02:59,1,0.1,59.0,53.1,Cancelled
3177,755,10,2026-10-01 17:56:41,1,0.0,25.0,25.0,Completed
3178,586,10,2026-10-01 17:57:53,1,0.0,25.0,25.0,Refunded
3179,523,10,2026-10-01 17:48:58,2,0.0,50.0,50.0,Cancelled
3180,1447,10,2026-10-01 17:55:28,1,0.05,25.0,23.75,Cancelled
3181,1173,13,2026-10-01 17:56:19,1,0.05,45.0,42.75,Completed
3182,1132,11,2026-10-01 18:01:07,1,0.05,299.0,284.05,Refunded
3183,184,15,2026-10-01 17:56:42,1,0.0,349.0,349.0,Completed
3184,1187,7,2026-10-01 17:47:47,1,0.0,99.0,99.0,Completed
3185,677,10,2026-10-01 17:55:28,1,0.0,25.0,25.0,Cancelled
3186,635,10,2026-10-01 17:49:02,1,0.2,25.0,20.0,Completed
3187,359,15,2026-10-01 17:55:13,1,0.0,349.0,349.0,Completed
3188,603,13,2026-10-01 18:02:59,1,0.2,45.0,36.0,Refunded
3189,1155,9,2026-10-01 17:55:48,3,0.0,237.0,237.0,Cancelled
3190,1433,1,2026-10-01 18:01:12,5,0.0,245.0,245.0,Refunded
3191,1312,2,2026-10-01 17:47:43,1,0.0,149.0,149.0,Completed
3192,1315,8,2026-10-01 18:02:19,1,0.0,15.0,15.0,Cancelled
3193,1484,4,2026-10-01 17:49:16,1,0.0,19.0,19.0,Cancelled
3194,741,11,2026-10-01 17:50:14,1,0.2,299.0,239.2,Completed
3195,1347,15,2026-10-01 17:56:59,1,0.0,349.0,349.0,Completed
3196,7,15,2026-10-01 18:01:52,1,0.0,349.0,349.0,Completed
3197,292,15,2026-10-01 17:48:12,1,0.05,349.0,331.55,Completed
3198,62,9,2026-10-01 18:04:46,2,0.05,158.0,150.1,Refunded
3199,1210,13,2026-10-01 17:58:06,1,0.05,45.0,42.75,Refunded
3200,1354,5,2026-10-01 17:49:23,1,0.0,39.0,39.0,Cancelled
3201,775,6,2026-10-01 18:04:36,1,0.0,199.0,199.0,Completed
3202,31,9,2026-10-01 17:54:56,1,0.0,79.0,79.0,Completed
3203,390,13,2026-10-01 17:57:27,1,0.0,45.0,45.0,Completed
3204,516,14,2026-10-01 17:51:36,1,0.0,10.0,10.0,Cancelled
3205,306,4,2026-10-01 17:55:39,1,0.05,19.0,18.05,Cancelled
3206,557,11,2026-10-01 18:00:55,2,0.1,598.0,538.2,Completed
3207,980,13,2026-10-01 17:58:51,1,0.0,45.0,45.0,Cancelled
3208,890,10,2026-10-01 17:53:41,1,0.1,25.0,22.5,Completed
3209,113,2,2026-10-01 17:54:29,2,0.05,298.0,283.1,Cancelled
3210,414,2,2026-10-01 17:48:08,1,0.0,149.0,149.0,Cancelled
3211,686,14,2026-10-01 18:02:18,3,0.1,30.0,27.0,Completed
3212,136,7,2026-10-01 17:50:22,1,0.05,99.0,94.05,Completed
3213,165,5,2026-10-01 17:58:52,1,0.0,39.0,39.0,Completed
3214,112,8,2026-10-01 17:56:01,1,0.0,15.0,15.0,Cancelled
3215,402,14,2026-10-01 18:04:01,1,0.0,10.0,10.0,Refunded
3216,1285,3,2026-10-01 17:48:21,1,0.0,499.0,499.0,Completed
3217,554,1,2026-10-01 17:51:02,2,0.0,98.0,98.0,Cancelled
3218,577,7,2026-10-01 17:52:04,1,0.05,99.0,94.05,Refunded
3219,287,12,2026-10-01 17:56:27,1,0.1,59.0,53.1,Completed
3220,1222,3,2026-10-01 17:53:25,1,0.0,499.0,499.0,Completed
3221,1008,12,2026-10-01 17:57:37,1,0.0,59.0,59.0,Refunded
3222,98,3,2026-10-01 17:56:25,1,0.1,499.0,449.1,Completed
3223,540,1,2026-10-01 18:01:50,1,0.0,49.0,49.0,Cancelled
3224,539,2,2026-10-01 17:53:10,3,0.0,447.0,447.0,Refunded
3225,476,2,2026-10-01 18:02:12,3,0.2,447.0,357.6,Completed
3226,733,12,2026-10-01 17:54:36,3,0.0,177.0,177.0,Refunded
3227,223,8,2026-10-01 17:53:14,1,0.0,15.0,15.0,Completed
3228,420,14,2026-10-01 17:59:59,5,0.1,50.0,45.0,Completed
3229,161,10,2026-10-01 17:50:58,1,0.0,25.0,25.0,Completed
3230,865,4,2026-10-01 17:57:30,2,0.2,38.0,30.4,Completed
3231,272,8,2026-10-01 17:58:12,1,0.0,15.0,15.0,Completed
3232,771,2,2026-10-01 17:49:59,1,0.0,149.0,149.0,Cancelled
3233,608,5,2026-10-01 17:50:15,1,0.0,39.0,39.0,Completed
3234,1186,6,2026-10-01 17:52:57,1,0.1,199.0,179.1,Completed
3235,1046,1,2026-10-01 17:51:47,3,0.0,147.0,147.0,Completed
3236,584,1,2026-10-01 17:47:45,1,0.0,49.0,49.0,Completed
3237,209,7,2026-10-01 17:55:49,1,0.0,99.0,99.0,Completed
3238,949,12,2026-10-01 17:49:54,2,0.05,118.0,112.1,Completed
3239,383,2,2026-10-01 17:56:52,1,0.0,149.0,149.0,Completed
3240,1007,15,2026-10-01 17:53:45,2,0.0,698.0,698.0,Completed
3241,210,11,2026-10-01 17:51:31,1,0.0,299.0,299.0,Refunded
3242,352,10,2026-10-01 18:03:03,1,0.05,25.0,23.75,Refunded
3243,1498,11,2026-10-01 17:59:10,1,0.0,299.0,299.0,Refunded
3244,475,14,2026-10-01 17:51:47,2,0.0,20.0,20.0,Completed
3245,1056,3,2026-10-01 18:04:43,1,0.2,499.0,399.2,Refunded
3246,60,6,2026-10-01 18:03:31,1,0.05,199.0,189.05,Completed
3247,1010,13,2026-10-01 18:05:05,2,0.0,90.0,90.0,Refunded
3248,825,11,2026-10-01 17:51:49,3,0.0,897.0,897.0,Refunded
3249,1434,1,2026-10-01 18:04:04,1,0.1,49.0,44.1,Completed
3250,830,9,2026-10-01 17:57:08,2,0.0,158.0,158.0,Completed
3251,748,13,2026-10-01 17:50:29,1,0.0,45.0,45.0,Completed
3252,1350,14,2026-10-01 17:59:48,1,0.0,10.0,10.0,Completed
3253,672,11,2026-10-01 17:50:47,1,0.2,299.0,239.2,Completed
3254,31,13,2026-10-01 17:59:42,1,0.2,45.0,36.0,Completed
3255,1407,5,2026-10-01 17:53:40,1,0.0,39.0,39.0,Completed
3256,1071,11,2026-10-01 18:00:53,2,0.0,598.0,598.0,Cancelled
3257,285,6,2026-10-01 17:54:06,1,0.2,199.0,159.2,Cancelled
3258,81,9,2026-10-01 17:56:11,1,0.05,79.0,75.05,Completed
3259,482,7,2026-10-01 17:48:16,1,0.0,99.0,99.0,Cancelled
3260,34,3,2026-10-01 17:50:35,1,0.1,499.0,449.1,Completed
3261,70,10,2026-10-01 17:49:48,1,0.0,25.0,25.0,Cancelled
3262,888,12,2026-10-01 17:53:11,1,0.05,59.0,56.05,Cancelled
3263,598,11,2026-10-01 17:52:37,1,0.1,299.0,269.1,Completed
3264,1249,9,2026-10-01 17:59:19,1,0.0,79.0,79.0,Completed
3265,581,6,2026-10-01 17:53:07,1,0.0,199.0,199.0,Refunded
3266,74,12,2026-10-01 18:05:28,1,0.0,59.0,59.0,Completed
3267,482,15,2026-10-01 17:54:16,1,0.0,349.0,349.0,Refunded
3268,402,9,2026-10-01 18:03:59,2,0.05,158.0,150.1,Completed
3269,1261,8,2026-10-01 17:59:38,1,0.05,15.0,14.25,Cancelled
3270,131,12,2026-10-01 17:48:40,1,0.2,59.0,47.2,Refunded
3271,1251,9,2026-10-01 17:59:15,1,0.0,79.0,79.0,Cancelled
3272,1177,15,2026-10-01 18:00:56,1,0.0,349.0,349.0,Completed
3273,266,6,2026-10-01 18:02:24,1,0.0,199.0,199.0,Completed
3274,1318,9,2026-10-01 17:51:11,1,0.0,79.0,79.0,Refunded
3275,1318,3,2026-10-01 18:05:08,1,0.05,499.0,474.05,Completed
3276,107,12,2026-10-01 18:01:23,1,0.0,59.0,59.0,Completed
3277,800,7,2026-10-01 17:54:53,2,0.0,198.0,198.0,Refunded
3278,1166,1,2026-10-01 17:53:22,1,0.0,49.0,49.0,Completed
3279,1110,3,2026-10-01 17:54:08,2,0.0,998.0,998.0,Completed
3280,550,5,2026-10-01 18:04:09,1,0.0,39.0,39.0,Refunded
3281,1216,7,2026-10-01 17:49:56,1,0.0,99.0,99.0,Cancelled
3282,603,3,2026-10-01 17:55:23,1,0.05,499.0,474.05,Completed
3283,1400,9,2026-10-01 18:04:31,2,0.1,158.0,142.2,Refunded
3284,456,14,2026-10-01 18:03:16,3,0.0,30.0,30.0,Cancelled
3285,212,6,2026-10-01 18:00:52,1,0.0,199.0,199.0,Completed
3286,383,9,2026-10-01 17:58:38,2,0.05,158.0,150.1,Refunded
3287,365,15,2026-10-01 18:00:14,3,0.0,1047.0,1047.0,Cancelled
3288,352,7,2026-10-01 17:54:26,3,0.0,297.0,297.0,Completed
3289,704,9,2026-10-01 17:49:04,1,0.05,79.0,75.05,Completed
3290,458,14,2026-10-01 17:48:53,5,0.0,50.0,50.0,Cancelled
3291,1456,7,2026-10-01 18:03:06,1,0.0,99.0,99.0,Refunded
3292,1063,5,2026-10-01 17:54:04,3,0.1,117.0,105.3,Cancelled
3293,665,1,2026-10-01 17:47:46,1,0.05,49.0,46.55,Completed
3294,536,4,2026-10-01 17:59:46,1,0.0,19.0,19.0,Cancelled
3295,246,15,2026-10-01 17:48:14,1,0.0,349.0,349.0,Cancelled
3296,153,15,2026-10-01 18:00:21,2,0.1,698.0,628.2,Cancelled
3297,992,3,2026-10-01 17:59:12,1,0.0,499.0,499.0,Completed
3298,1192,4,2026-10-01 18:01:50,1,0.0,19.0,19.0,Completed
3299,431,7,2026-10-01 17:47:54,1,0.0,99.0,99.0,Refunded
3300,221,6,2026-10-01 17:58:24,2,0.0,398.0,398.0,Completed
3301,1493,3,2026-10-01 18:03:28,1,0.1,499.0,449.1,Refunded
3302,975,12,2026-10-01 17:50:33,2,0.0,118.0,118.0,Completed
3303,873,8,2026-10-01 17:52:13,2,0.0,30.0,30.0,Cancelled
3304,545,14,2026-10-01 17:50:55,1,0.1,10.0,9.0,Completed
3305,581,13,2026-10-01 18:05:25,2,0.0,90.0,90.0,Completed
3306,364,8,2026-10-01 17:51:37,1,0.0,15.0,15.0,Completed
3307,1426,10,2026-10-01 17:52:17,1,0.0,25.0,25.0,Cancelled
3308,270,13,2026-10-01 18:03:48,1,0.0,45.0,45.0,Completed
3309,482,14,2026-10-01 18:04:31,1,0.0,10.0,10.0,Completed
3310,824,3,2026-10-01 17:59:16,2,0.1,998.0,898.2,Cancelled
3311,877,7,2026-10-01 17:51:44,1,0.0,99.0,99.0,Cancelled
3312,1038,7,2026-10-01 17:48:45,2,0.0,198.0,198.0,Refunded
3313,573,5,2026-10-01 17:58:28,2,0.0,78.0,78.0,Completed
3314,1045,6,2026-10-01 17:56:02,5,0.1,995.0,895.5,Completed
3315,1109,11,2026-10-01 17:58:18,1,0.0,299.0,299.0,Completed
3316,650,13,2026-10-01 18:02:10,2,0.05,90.0,85.5,Completed
3317,1029,3,2026-10-01 17:57:39,1,0.05,499.0,474.05,Completed
3318,170,13,2026-10-01 17:48:58,1,0.2,45.0,36.0,Completed
3319,279,15,2026-10-01 17:51:17,2,0.1,698.0,628.2,Completed
3320,320,13,2026-10-01 17:49:31,1,0.05,45.0,42.75,Cancelled
3321,1326,15,2026-10-01 17:57:53,1,0.2,349.0,279.2,Completed
3322,1317,15,2026-10-01 17:52:19,2,0.2,698.0,558.4,Completed
3323,668,14,2026-10-01 17:56:27,1,0.0,10.0,10.0,Completed
3324,697,8,2026-10-01 18:00:36,1,0.0,15.0,15.0,Refunded
3325,1138,12,2026-10-01 17:52:52,1,0.0,59.0,59.0,Completed
3326,583,14,2026-10-01 17:57:13,1,0.05,10.0,9.5,Refunded
3327,1202,10,2026-10-01 17:59:15,5,0.0,125.0,125.0,Refunded
3328,1414,15,2026-10-01 18:01:42,1,0.0,349.0,349.0,Refunded
3329,1474,5,2026-10-01 17:50:11,1,0.0,39.0,39.0,Completed
3330,266,6,2026-10-01 18:00:04,2,0.2,398.0,318.4,Completed
3331,756,5,2026-10-01 17:50:12,1,0.2,39.0,31.2,Cancelled
3332,448,13,2026-10-01 18:04:39,2,0.05,90.0,85.5,Completed
3333,274,4,2026-10-01 17:58:10,2,0.0,38.0,38.0,Cancelled
3334,294,15,2026-10-01 17:57:53,2,0.0,698.0,698.0,Completed
3335,1279,2,2026-10-01 18:01:32,1,0.05,149.0,141.55,Completed
3336,1065,4,2026-10-01 17:48:25,1,0.0,19.0,19.0,Completed
3337,1470,9,2026-10-01 17:48:32,1,0.0,79.0,79.0,Completed
3338,966,7,2026-10-01 17:57:22,1,0.0,99.0,99.0,Refunded
3339,363,13,2026-10-01 17:58:50,1,0.0,45.0,45.0,Refunded
3340,658,5,2026-10-01 17:53:57,2,0.0,78.0,78.0,Completed
3341,991,3,2026-10-01 17:50:49,1,0.1,499.0,449.1,Completed
3342,667,3,2026-10-01 17:52:20,1,0.0,499.0,499.0,Refunded
3343,784,15,2026-10-01 18:05:34,1,0.0,349.0,349.0,Completed
3344,804,1,2026-10-01 17:51:04,1,0.0,49.0,49.0,Refunded
3345,248,11,2026-10-01 18:00:01,1,0.0,299.0,299.0,Completed
3346,407,8,2026-10-01 17:51:31,2,0.05,30.0,28.5,Cancelled
3347,1343,10,2026-10-01 17:50:53,3,0.2,75.0,60.0,Completed
3348,668,3,2026-10-01 17:56:40,1,0.0,499.0,499.0,Cancelled
3349,1260,4,2026-10-01 17:59:02,2,0.1,38.0,34.2,Completed
3350,875,13,2026-10-01 17:58:30,1,0.1,45.0,40.5,Completed
3351,1312,5,2026-10-01 17:51:52,1,0.0,39.0,39.0,Completed
3352,342,6,2026-10-01 17:53:53,1,0.05,199.0,189.05,Completed
3353,1183,14,2026-10-01 17:54:53,2,0.0,20.0,20.0,Cancelled
3354,631,5,2026-10-01 17:50:20,1,0.0,39.0,39.0,Refunded
3355,1010,4,2026-10-01 17:55:33,1,0.0,19.0,19.0,Completed
3356,41,10,2026-10-01 17:49:19,1,0.1,25.0,22.5,Cancelled
3357,1021,10,2026-10-01 17:57:05,2,0.0,50.0,50.0,Refunded
3358,1237,14,2026-10-01 17:58:16,2,0.0,20.0,20.0,Completed
3359,383,10,2026-10-01 17:50:22,1,0.0,25.0,25.0,Completed
3360,679,4,2026-10-01 17:57:47,1,0.0,19.0,19.0,Cancelled
3361,1020,12,2026-10-01 17:57:48,1,0.0,59.0,59.0,Completed
3362,284,10,2026-10-01 17:51:04,3,0.1,75.0,67.5,Cancelled
3363,498,3,2026-10-01 18:01:25,1,0.1,499.0,449.1,Completed
3364,276,13,2026-10-01 17:49:02,1,0.05,45.0,42.75,Completed
3365,1123,4,2026-10-01 17:58:17,1,0.1,19.0,17.1,Completed
3366,1136,8,2026-10-01 18:01:59,1,0.1,15.0,13.5,Refunded
3367,1063,9,2026-10-01 17:50:49,1,0.0,79.0,79.0,Completed
3368,1401,4,2026-10-01 17:59:01,1,0.05,19.0,18.05,Completed
3369,1367,9,2026-10-01 17:56:50,1,0.0,79.0,79.0,Cancelled
3370,808,15,2026-10-01 17:49:25,1,0.1,349.0,314.1,Completed
3371,414,1,2026-10-01 17:52:19,1,0.0,49.0,49.0,Refunded
3372,1322,2,2026-10-01 17:49:59,2,0.1,298.0,268.2,Cancelled
3373,657,2,2026-10-01 17:50:52,1,0.0,149.0,149.0,Completed
3374,431,14,2026-10-01 17:47:47,2,0.1,20.0,18.0,Completed
3375,47,13,2026-10-01 17:51:17,1,0.0,45.0,45.0,Cancelled
3376,714,11,2026-10-01 18:03:55,1,0.0,299.0,299.0,Refunded
3377,568,11,2026-10-01 17:49:06,2,0.0,598.0,598.0,Completed
3378,1254,14,2026-10-01 18:03:39,1,0.0,10.0,10.0,Refunded
3379,963,2,2026-10-01 17:59:58,1,0.0,149.0,149.0,Completed
3380,1247,2,2026-10-01 18:01:30,1,0.0,149.0,149.0,Completed
3381,1499,3,2026-10-01 17:51:17,1,0.0,499.0,499.0,Refunded
3382,840,8,2026-10-01 17:56:40,2,0.0,30.0,30.0,Completed
3383,1241,13,2026-10-01 17:53:04,2,0.0,90.0,90.0,Completed
3384,784,7,2026-10-01 17:56:06,1,0.1,99.0,89.1,Completed
3385,248,10,2026-10-01 17:50:26,2,0.0,50.0,50.0,Completed
3386,1356,12,2026-10-01 17:59:03,3,0.05,177.0,168.15,Completed
3387,406,15,2026-10-01 17:53:23,1,0.05,349.0,331.55,Completed
3388,602,10,2026-10-01 17:53:58,1,0.0,25.0,25.0,Completed
3389,1099,1,2026-10-01 17:51:11,1,0.0,49.0,49.0,Completed
3390,1067,2,2026-10-01 17:48:13,1,0.05,149.0,141.55,Completed
3391,206,2,2026-10-01 18:03:42,1,0.05,149.0,141.55,Refunded
3392,1281,9,2026-10-01 17:55:06,1,0.0,79.0,79.0,Completed
3393,1181,11,2026-10-01 17:51:58,1,0.0,299.0,299.0,Cancelled
3394,588,7,2026-10-01 17:53:25,1,0.1,99.0,89.1,Cancelled
3395,397,12,2026-10-01 18:05:02,2,0.2,118.0,94.4,Completed
3396,1478,7,2026-10-01 17:55:47,2,0.0,198.0,198.0,Completed
3397,440,12,2026-10-01 18:01:34,1,0.0,59.0,59.0,Completed
3398,1423,10,2026-10-01 17:47:49,1,0.0,25.0,25.0,Completed
3399,469,8,2026-10-01 18:05:30,1,0.0,15.0,15.0,Refunded
3400,736,9,2026-10-01 17:56:58,1,0.0,79.0,79.0,Completed
3401,267,4,2026-10-01 17:54:03,2,0.0,38.0,38.0,Completed
3402,320,1,2026-10-01 18:04:27,1,0.0,49.0,49.0,Completed
3403,866,2,2026-10-01 17:55:46,1,0.0,149.0,149.0,Completed
3404,1142,8,2026-10-01 17:49:40,1,0.0,15.0,15.0,Cancelled
3405,126,8,2026-10-01 18:02:19,2,0.2,30.0,24.0,Refunded
3406,873,14,2026-10-01 17:54:51,1,0.0,10.0,10.0,Completed
3407,260,14,2026-10-01 18:00:54,1,0.05,10.0,9.5,Completed
3408,702,6,2026-10-01 17:54:13,1,0.1,199.0,179.1,Completed
3409,455,12,2026-10-01 18:05:39,2,0.0,118.0,118.0,Completed
3410,121,2,2026-10-01 17:57:38,1,0.0,149.0,149.0,Refunded
3411,1017,10,2026-10-01 17:59:24,3,0.05,75.0,71.25,Completed
3412,867,15,2026-10-01 17:52:17,2,0.05,698.0,663.1,Completed
3413,907,10,2026-10-01 18:01:27,1,0.2,25.0,20.0,Completed
3414,584,7,2026-10-01 18:01:41,2,0.1,198.0,178.2,Completed
3415,983,14,2026-10-01 17:57:28,1,0.1,10.0,9.0,Completed
3416,946,7,2026-10-01 17:56:50,1,0.0,99.0,99.0,Completed
3417,243,13,2026-10-01 17:56:09,2,0.0,90.0,90.0,Completed
3418,55,13,2026-10-01 17:51:54,3,0.05,135.0,128.25,Cancelled
3419,471,2,2026-10-01 18:01:59,1,0.0,149.0,149.0,Completed
3420,1002,3,2026-10-01 17:56:21,1,0.0,499.0,499.0,Completed
3421,1059,2,2026-10-01 18:04:38,2,0.05,298.0,283.1,Refunded
3422,220,3,2026-10-01 17:47:41,1,0.1,499.0,449.1,Completed
3423,702,12,2026-10-01 17:51:33,1,0.0,59.0,59.0,Cancelled
3424,87,7,2026-10-01 18:01:29,1,0.0,99.0,99.0,Refunded
3425,1460,4,2026-10-01 17:54:10,1,0.2,19.0,15.2,Completed
3426,740,9,2026-10-01 17:56:17,3,0.0,237.0,237.0,Completed
3427,821,3,2026-10-01 17:52:01,1,0.0,499.0,499.0,Completed
3428,1158,7,2026-10-01 17:53:56,1,0.0,99.0,99.0,Cancelled
3429,1386,6,2026-10-01 17:51:44,1,0.05,199.0,189.05,Cancelled
3430,520,8,2026-10-01 17:56:08,1,0.0,15.0,15.0,Completed
3431,684,4,2026-10-01 17:52:10,5,0.1,95.0,85.5,Completed
3432,1244,7,2026-10-01 17:49:01,1,0.1,99.0,89.1,Refunded
3433,521,14,2026-10-01 17:55:31,1,0.0,10.0,10.0,Completed
3434,162,6,2026-10-01 17:56:10,1,0.0,199.0,199.0,Completed
3435,1433,14,2026-10-01 17:49:14,1,0.0,10.0,10.0,Completed
3436,826,7,2026-10-01 17:50:06,1,0.0,99.0,99.0,Completed
3437,1284,10,2026-10-01 18:01:07,1,0.0,25.0,25.0,Completed
3438,104,8,2026-10-01 17:52:11,1,0.05,15.0,14.25,Completed
3439,517,1,2026-10-01 17:55:05,1,0.05,49.0,46.55,Cancelled
3440,484,9,2026-10-01 17:57:05,2,0.0,158.0,158.0,Cancelled
3441,1434,14,2026-10-01 17:51:29,2,0.05,20.0,19.0,Cancelled
3442,7,6,2026-10-01 17:47:44,1,0.2,199.0,159.2,Completed
3443,649,13,2026-10-01 17:54:49,1,0.0,45.0,45.0,Cancelled
3444,1028,1,2026-10-01 17:51:25,2,0.0,98.0,98.0,Cancelled
3445,1018,15,2026-10-01 17:48:07,3,0.05,1047.0,994.65,Cancelled
3446,1010,11,2026-10-01 18:01:45,1,0.0,299.0,299.0,Refunded
3447,1209,8,2026-10-01 17:51:18,1,0.1,15.0,13.5,Refunded
3448,1235,9,2026-10-01 17:59:18,2,0.0,158.0,158.0,Refunded
3449,204,3,2026-10-01 17:54:41,1,0.0,499.0,499.0,Completed
3450,994,8,2026-10-01 18:02:54,1,0.0,15.0,15.0,Completed
3451,661,7,2026-10-01 17:52:34,1,0.05,99.0,94.05,Cancelled
3452,1372,10,2026-10-01 17:52:40,1,0.0,25.0,25.0,Completed
3453,1251,8,2026-10-01 17:51:51,2,0.0,30.0,30.0,Completed
3454,339,15,2026-10-01 18:00:14,1,0.2,349.0,279.2,Completed
3455,54,4,2026-10-01 17:58:44,1,0.0,19.0,19.0,Cancelled
3456,352,2,2026-10-01 18:01:40,1,0.0,149.0,149.0,Completed
3457,1354,11,2026-10-01 18:00:34,1,0.05,299.0,284.05,Completed
3458,195,14,2026-10-01 18:05:21,3,0.1,30.0,27.0,Completed
3459,482,6,2026-10-01 17:57:02,1,0.05,199.0,189.05,Cancelled
3460,1051,10,2026-10-01 18:02:47,1,0.2,25.0,20.0,Cancelled
3461,919,15,2026-10-01 17:54:31,1,0.0,349.0,349.0,Refunded
3462,46,12,2026-10-01 17:52:37,2,0.0,118.0,118.0,Cancelled
3463,594,15,2026-10-01 17:54:42,1,0.0,349.0,349.0,Completed
3464,1120,15,2026-10-01 18:00:56,1,0.0,349.0,349.0,Cancelled
3465,284,3,2026-10-01 17:59:42,2,0.0,998.0,998.0,Completed
3466,1069,9,2026-10-01 17:54:04,2,0.0,158.0,158.0,Refunded
3467,1039,6,2026-10-01 17:55:56,1,0.0,199.0,199.0,Completed
3468,127,13,2026-10-01 18:04:22,1,0.0,45.0,45.0,Refunded
3469,972,6,2026-10-01 18:04:20,1,0.0,199.0,199.0,Completed
3470,387,7,2026-10-01 17:56:59,1,0.0,99.0,99.0,Refunded
3471,188,13,2026-10-01 18:02:34,1,0.0,45.0,45.0,Completed
3472,1047,15,2026-10-01 17:49:19,1,0.1,349.0,314.1,Completed
3473,339,10,2026-10-01 17:56:15,1,0.0,25.0,25.0,Cancelled
3474,309,8,2026-10-01 17:47:45,2,0.0,30.0,30.0,Refunded
3475,1362,11,2026-10-01 18:02:26,1,0.0,299.0,299.0,Completed
3476,470,12,2026-10-01 18:03:28,1,0.1,59.0,53.1,Completed
3477,1190,7,2026-10-01 17:53:03,1,0.0,99.0,99.0,Refunded
3478,1131,11,2026-10-01 17:49:44,1,0.0,299.0,299.0,Cancelled
3479,1144,4,2026-10-01 17:49:41,1,0.0,19.0,19.0,Completed
3480,943,10,2026-10-01 18:03:18,2,0.1,50.0,45.0,Refunded
3481,373,5,2026-10-01 18:05:32,1,0.1,39.0,35.1,Refunded
3482,1438,11,2026-10-01 17:57:31,1,0.05,299.0,284.05,Refunded
3483,1120,4,2026-10-01 17:54:36,2,0.1,38.0,34.2,Refunded
3484,53,5,2026-10-01 18:01:45,1,0.0,39.0,39.0,Completed
3485,910,1,2026-10-01 17:51:25,1,0.0,49.0,49.0,Refunded
3486,292,3,2026-10-01 17:57:27,5,0.0,2495.0,2495.0,Completed
3487,1291,7,2026-10-01 17:52:27,1,0.0,99.0,99.0,Completed
3488,1030,10,2026-10-01 17:57:19,3,0.05,75.0,71.25,Completed
3489,1095,7,2026-10-01 17:57:11,1,0.0,99.0,99.0,Cancelled
3490,85,15,2026-10-01 17:53:41,1,0.2,349.0,279.2,Refunded
3491,983,3,2026-10-01 18:02:11,5,0.05,2495.0,2370.25,Refunded
3492,1233,10,2026-10-01 17:48:07,1,0.0,25.0,25.0,Completed
3493,183,5,2026-10-01 18:03:48,1,0.2,39.0,31.2,Completed
3494,1202,15,2026-10-01 17:49:52,2,0.05,698.0,663.1,Completed
3495,1355,13,2026-10-01 18:03:09,5,0.05,225.0,213.75,Completed
3496,419,12,2026-10-01 17:59:31,1,0.0,59.0,59.0,Refunded
3497,1474,7,2026-10-01 17:57:59,2,0.0,198.0,198.0,Completed
3498,90,15,2026-10-01 17:55:18,1,0.0,349.0,349.0,Completed
3499,821,6,2026-10-01 18:02:59,2,0.05,398.0,378.1,Completed
3500,738,15,2026-10-01 17:54:30,3,0.05,1047.0,994.65,Refunded
3501,297,5,2026-10-01 17:57:03,1,0.0,39.0,39.0,Completed
3502,1332,1,2026-10-01 18:03:55,2,0.05,98.0,93.1,Completed
3503,58,13,2026-10-01 18:00:58,1,0.0,45.0,45.0,Completed
3504,963,13,2026-10-01 17:56:51,2,0.1,90.0,81.0,Completed
3505,1057,3,2026-10-01 17:53:07,2,0.0,998.0,998.0,Cancelled
3506,1120,11,2026-10-01 18:04:02,1,0.0,299.0,299.0,Completed
3507,821,8,2026-10-01 17:55:10,2,0.0,30.0,30.0,Completed
3508,164,8,2026-10-01 18:02:36,1,0.0,15.0,15.0,Completed
3509,464,14,2026-10-01 17:52:12,1,0.0,10.0,10.0,Refunded
3510,1284,7,2026-10-01 17:48:14,3,0.0,297.0,297.0,Cancelled
3511,1359,9,2026-10-01 17:55:39,1,0.1,79.0,71.1,Cancelled
3512,811,12,2026-10-01 18:04:14,1,0.0,59.0,59.0,Cancelled
3513,781,10,2026-10-01 18:00:46,1,0.1,25.0,22.5,Completed
3514,671,6,2026-10-01 17:55:07,1,0.2,199.0,159.2,Completed
3515,227,2,2026-10-01 18:05:02,1,0.05,149.0,141.55,Completed
3516,120,14,2026-10-01 17:52:35,1,0.0,10.0,10.0,Completed
3517,505,12,2026-10-01 17:51:23,3,0.1,177.0,159.3,Completed
3518,720,2,2026-10-01 17:56:47,1,0.0,149.0,149.0,Completed
3519,466,14,2026-10-01 18:00:18,1,0.05,10.0,9.5,Cancelled
3520,809,4,2026-10-01 18:05:28,1,0.0,19.0,19.0,Completed
3521,205,9,2026-10-01 17:56:20,1,0.0,79.0,79.0,Cancelled
3522,115,7,2026-10-01 17:51:01,1,0.0,99.0,99.0,Cancelled
3523,1344,11,2026-10-01 17:56:55,1,0.1,299.0,269.1,Completed
3524,1087,10,2026-10-01 18:05:16,1,0.0,25.0,25.0,Refunded
3525,769,11,2026-10-01 17:58:14,2,0.05,598.0,568.1,Cancelled
3526,1257,7,2026-10-01 18:01:25,1,0.0,99.0,99.0,Completed
3527,893,5,2026-10-01 17:48:20,1,0.1,39.0,35.1,Completed
3528,645,7,2026-10-01 17:49:47,2,0.0,198.0,198.0,Refunded
3529,697,9,2026-10-01 17:51:18,2,0.0,158.0,158.0,Completed
3530,654,4,2026-10-01 17:55:53,1,0.0,19.0,19.0,Cancelled
3531,60,7,2026-10-01 17:57:18,1,0.1,99.0,89.1,Completed
3532,529,13,2026-10-01 17:56:15,1,0.0,45.0,45.0,Completed
3533,1298,3,2026-10-01 17:55:59,2,0.0,998.0,998.0,Completed
3534,111,2,2026-10-01 17:53:53,1,0.0,149.0,149.0,Cancelled
3535,711,4,2026-10-01 18:04:36,3,0.0,57.0,57.0,Refunded
3536,329,14,2026-10-01 17:47:45,1,0.0,10.0,10.0,Completed
3537,371,13,2026-10-01 17:52:44,2,0.0,90.0,90.0,Refunded
3538,1422,11,2026-10-01 17:48:19,1,0.0,299.0,299.0,Completed
3539,1256,2,2026-10-01 17:58:49,1,0.0,149.0,149.0,Completed
3540,576,12,2026-10-01 18:01:58,5,0.0,295.0,295.0,Cancelled
3541,515,9,2026-10-01 17:59:17,2,0.05,158.0,150.1,Completed
3542,13,13,2026-10-01 17:47:41,3,0.0,135.0,135.0,Completed
3543,972,10,2026-10-01 18:04:04,1,0.0,25.0,25.0,Refunded
3544,1145,3,2026-10-01 17:54:15,1,0.0,499.0,499.0,Cancelled
3545,1220,15,2026-10-01 17:54:02,3,0.0,1047.0,1047.0,Completed
3546,560,8,2026-10-01 17:51:21,1,0.05,15.0,14.25,Completed
3547,337,11,2026-10-01 17:58:06,2,0.0,598.0,598.0,Completed
3548,338,1,2026-10-01 18:02:09,1,0.0,49.0,49.0,Refunded
3549,701,4,2026-10-01 17:56:13,1,0.05,19.0,18.05,Refunded
3550,1091,1,2026-10-01 17:56:55,1,0.0,49.0,49.0,Completed
3551,755,5,2026-10-01 17:54:27,3,0.0,117.0,117.0,Completed
3552,253,11,2026-10-01 18:01:22,1,0.05,299.0,284.05,Cancelled
3553,665,15,2026-10-01 17:59:49,1,0.05,349.0,331.55,Completed
3554,97,1,2026-10-01 17:50:55,1,0.0,49.0,49.0,Completed
3555,1337,6,2026-10-01 18:00:37,1,0.0,199.0,199.0,Completed
3556,404,14,2026-10-01 18:03:45,2,0.0,20.0,20.0,Completed
3557,316,15,2026-10-01 17:54:20,2,0.0,698.0,698.0,Cancelled
3558,1260,13,2026-10-01 17:56:00,2,0.2,90.0,72.0,Cancelled
3559,174,8,2026-10-01 17:58:44,1,0.05,15.0,14.25,Completed
3560,498,11,2026-10-01 17:49:12,1,0.05,299.0,284.05,Completed
3561,1003,3,2026-10-01 17:59:07,1,0.1,499.0,449.1,Cancelled
3562,1104,7,2026-10-01 17:59:49,1,0.1,99.0,89.1,Refunded
3563,725,12,2026-10-01 18:03:44,1,0.0,59.0,59.0,Completed
3564,1243,13,2026-10-01 17:55:52,1,0.0,45.0,45.0,Completed
3565,523,6,2026-10-01 17:59:01,2,0.0,398.0,398.0,Refunded
3566,1247,13,2026-10-01 18:04:28,3,0.0,135.0,135.0,Cancelled
3567,1031,14,2026-10-01 17:55:25,1,0.05,10.0,9.5,Completed
3568,678,14,2026-10-01 18:02:21,1,0.0,10.0,10.0,Completed
3569,1434,13,2026-10-01 17:48:12,1,0.0,45.0,45.0,Completed
3570,1465,14,2026-10-01 17:50:15,1,0.0,10.0,10.0,Completed
3571,1054,15,2026-10-01 17:51:10,1,0.0,349.0,349.0,Completed
3572,572,5,2026-10-01 17:52:19,1,0.05,39.0,37.05,Completed
3573,536,5,2026-10-01 17:55:32,1,0.1,39.0,35.1,Completed
3574,1096,15,2026-10-01 18:01:40,1,0.0,349.0,349.0,Cancelled
3575,1269,4,2026-10-01 17:49:08,1,0.05,19.0,18.05,Completed
3576,32,11,2026-10-01 17:54:38,1,0.05,299.0,284.05,Completed
3577,494,11,2026-10-01 18:03:35,1,0.0,299.0,299.0,Refunded
3578,1029,9,2026-10-01 18:01:43,1,0.1,79.0,71.1,Refunded
3579,1275,10,2026-10-01 17:50:07,1,0.2,25.0,20.0,Cancelled
3580,1054,13,2026-10-01 17:51:09,1,0.1,45.0,40.5,Cancelled
3581,125,5,2026-10-01 18:02:42,5,0.0,195.0,195.0,Cancelled
3582,1440,3,2026-10-01 17:52:16,2,0.0,998.0,998.0,Refunded
3583,1395,3,2026-10-01 17:55:11,1,0.0,499.0,499.0,Completed
3584,1493,10,2026-10-01 17:54:58,1,0.2,25.0,20.0,Completed
3585,359,5,2026-10-01 17:55:06,1,0.0,39.0,39.0,Cancelled
3586,1329,4,2026-10-01 18:00:18,1,0.0,19.0,19.0,Completed
3587,488,10,2026-10-01 17:50:57,2,0.0,50.0,50.0,Completed
3588,1324,11,2026-10-01 17:48:53,1,0.0,299.0,299.0,Completed
3589,1161,4,2026-10-01 17:56:24,5,0.0,95.0,95.0,Cancelled
3590,102,12,2026-10-01 17:48:02,1,0.1,59.0,53.1,Completed
3591,299,2,2026-10-01 18:01:36,1,0.0,149.0,149.0,Completed
3592,472,3,2026-10-01 17:51:45,2,0.0,998.0,998.0,Cancelled
3593,791,8,2026-10-01 17:57:13,1,0.0,15.0,15.0,Completed
3594,1041,14,2026-10-01 18:03:00,1,0.05,10.0,9.5,Cancelled
3595,1386,8,2026-10-01 17:54:47,2,0.0,30.0,30.0,Cancelled
3596,172,14,2026-10-01 17:50:50,1,0.0,10.0,10.0,Completed
3597,592,1,2026-10-01 17:59:16,3,0.0,147.0,147.0,Cancelled
3598,593,15,2026-10-01 17:55:43,1,0.0,349.0,349.0,Completed
3599,1208,9,2026-10-01 17:51:42,2,0.05,158.0,150.1,Completed
3600,863,13,2026-10-01 17:50:50,2,0.1,90.0,81.0,Completed
3601,400,6,2026-10-01 17:56:11,1,0.1,199.0,179.1,Cancelled
3602,648,14,2026-10-01 17:55:52,1,0.0,10.0,10.0,Completed
3603,407,12,2026-10-01 17:49:09,2,0.0,118.0,118.0,Refunded
3604,374,1,2026-10-01 18:03:53,1,0.1,49.0,44.1,Completed
3605,1205,7,2026-10-01 17:57:06,1,0.0,99.0,99.0,Completed
3606,1412,1,2026-10-01 17:53:21,1,0.2,49.0,39.2,Refunded
3607,865,5,2026-10-01 17:47:52,1,0.0,39.0,39.0,Refunded
3608,760,5,2026-10-01 18:04:21,2,0.05,78.0,74.1,Completed
3609,578,1,2026-10-01 17:55:02,2,0.0,98.0,98.0,Completed
3610,817,10,2026-10-01 18:01:42,2,0.1,50.0,45.0,Completed
3611,1267,8,2026-10-01 17:58:56,1,0.05,15.0,14.25,Completed
3612,1151,13,2026-10-01 17:51:03,1,0.0,45.0,45.0,Completed
3613,603,9,2026-10-01 17:50:40,1,0.0,79.0,79.0,Cancelled
3614,1157,10,2026-10-01 18:04:50,1,0.0,25.0,25.0,Refunded
3615,32,9,2026-10-01 17:55:28,1,0.0,79.0,79.0,Cancelled
3616,1066,15,2026-10-01 17:57:07,1,0.0,349.0,349.0,Cancelled
3617,1397,11,2026-10-01 17:47:39,1,0.05,299.0,284.05,Completed
3618,746,1,2026-10-01 18:02:13,1,0.0,49.0,49.0,Completed
3619,744,8,2026-10-01 17:59:33,2,0.0,30.0,30.0,Refunded
3620,48,12,2026-10-01 17:59:49,1,0.0,59.0,59.0,Completed
3621,272,7,2026-10-01 18:03:05,2,0.05,198.0,188.1,Completed
3622,931,14,2026-10-01 17:53:15,3,0.0,30.0,30.0,Cancelled
3623,383,7,2026-10-01 17:48:34,1,0.2,99.0,79.2,Cancelled
3624,12,13,2026-10-01 17:50:58,3,0.1,135.0,121.5,Completed
3625,286,2,2026-10-01 17:48:22,2,0.0,298.0,298.0,Cancelled
3626,644,2,2026-10-01 17:57:02,1,0.0,149.0,149.0,Completed
3627,1375,12,2026-10-01 17:54:13,1,0.0,59.0,59.0,Cancelled
3628,379,13,2026-10-01 17:53:31,1,0.0,45.0,45.0,Cancelled
3629,297,5,2026-10-01 17:53:00,1,0.05,39.0,37.05,Refunded
3630,283,7,2026-10-01 17:55:38,1,0.0,99.0,99.0,Cancelled
3631,978,6,2026-10-01 17:49:11,1,0.0,199.0,199.0,Completed
3632,1449,15,2026-10-01 17:53:46,5,0.1,1745.0,1570.5,Completed
3633,546,15,2026-10-01 17:54:20,1,0.1,349.0,314.1,Completed
3634,1395,5,2026-10-01 17:54:47,1,0.1,39.0,35.1,Completed
3635,654,7,2026-10-01 17:54:23,2,0.0,198.0,198.0,Cancelled
3636,290,3,2026-10-01 17:52:10,2,0.0,998.0,998.0,Completed
3637,1455,10,2026-10-01 17:57:43,1,0.05,25.0,23.75,Completed
3638,1295,7,2026-10-01 18:03:22,1,0.05,99.0,94.05,Completed
3639,840,5,2026-10-01 17:49:44,3,0.0,117.0,117.0,Completed
3640,279,5,2026-10-01 18:02:59,2,0.0,78.0,78.0,Completed
3641,1031,3,2026-10-01 17:55:21,3,0.05,1497.0,1422.15,Completed
3642,11,1,2026-10-01 17:52:14,1,0.0,49.0,49.0,Cancelled
3643,375,3,2026-10-01 17:48:43,1,0.05,499.0,474.05,Completed
3644,185,3,2026-10-01 17:51:40,5,0.0,2495.0,2495.0,Cancelled
3645,765,1,2026-10-01 17:54:37,1,0.0,49.0,49.0,Completed
3646,1152,11,2026-10-01 18:00:09,1,0.1,299.0,269.1,Completed
3647,238,10,2026-10-01 17:57:52,1,0.0,25.0,25.0,Completed
3648,950,15,2026-10-01 18:02:23,2,0.2,698.0,558.4,Completed
3649,646,3,2026-10-01 17:52:54,1,0.05,499.0,474.05,Completed
3650,743,4,2026-10-01 17:49:48,3,0.1,57.0,51.3,Refunded
3651,110,14,2026-10-01 17:53:04,1,0.0,10.0,10.0,Completed
3652,947,2,2026-10-01 18:03:49,2,0.0,298.0,298.0,Completed
3653,10,8,2026-10-01 18:00:33,1,0.05,15.0,14.25,Completed
3654,1033,10,2026-10-01 17:47:54,2,0.0,50.0,50.0,Completed
3655,1432,5,2026-10-01 17:53:29,1,0.05,39.0,37.05,Cancelled
3656,1069,8,2026-10-01 18:00:26,1,0.0,15.0,15.0,Completed
3657,845,6,2026-10-01 17:48:50,1,0.0,199.0,199.0,Refunded
3658,237,7,2026-10-01 17:53:37,2,0.0,198.0,198.0,Cancelled
3659,1477,9,2026-10-01 18:01:59,3,0.2,237.0,189.6,Completed
3660,637,13,2026-10-01 17:51:21,1,0.0,45.0,45.0,Completed
3661,73,5,2026-10-01 17:50:32,1,0.0,39.0,39.0,Cancelled
3662,1360,10,2026-10-01 17:53:01,1,0.05,25.0,23.75,Completed
3663,960,15,2026-10-01 17:54:52,1,0.2,349.0,279.2,Completed
3664,897,5,2026-10-01 17:50:08,1,0.1,39.0,35.1,Completed
3665,691,14,2026-10-01 17:52:53,3,0.0,30.0,30.0,Completed
3666,831,14,2026-10-01 18:01:49,1,0.0,10.0,10.0,Completed
3667,880,8,2026-10-01 17:51:21,1,0.0,15.0,15.0,Completed
3668,614,15,2026-10-01 18:02:29,1,0.0,349.0,349.0,Completed
3669,363,6,2026-10-01 17:55:28,2,0.0,398.0,398.0,Completed
3670,832,15,2026-10-01 17:53:19,1,0.0,349.0,349.0,Completed
3671,109,8,2026-10-01 17:56:44,2,0.1,30.0,27.0,Completed
3672,806,6,2026-10-01 18:05:24,1,0.0,199.0,199.0,Completed
3673,746,7,2026-10-01 17:58:54,1,0.0,99.0,99.0,Completed
3674,1217,1,2026-10-01 18:03:06,1,0.0,49.0,49.0,Completed
3675,220,1,2026-10-01 17:53:01,1,0.05,49.0,46.55,Completed
3676,1365,10,2026-10-01 17:55:00,1,0.0,25.0,25.0,Completed
3677,206,8,2026-10-01 18:02:58,2,0.1,30.0,27.0,Completed
3678,1231,11,2026-10-01 18:02:09,1,0.0,299.0,299.0,Completed
3679,1443,8,2026-10-01 17:53:31,1,0.0,15.0,15.0,Completed
3680,345,11,2026-10-01 18:02:50,1,0.05,299.0,284.05,Completed
3681,479,6,2026-10-01 17:57:10,2,0.1,398.0,358.2,Completed
3682,1398,3,2026-10-01 17:58:25,5,0.1,2495.0,2245.5,Completed
3683,374,8,2026-10-01 17:56:31,3,0.05,45.0,42.75,Cancelled
3684,732,14,2026-10-01 17:54:57,3,0.0,30.0,30.0,Refunded
3685,1433,15,2026-10-01 17:48:20,1,0.0,349.0,349.0,Completed
3686,440,14,2026-10-01 17:54:20,2,0.0,20.0,20.0,Completed
3687,1341,11,2026-10-01 18:01:30,1,0.0,299.0,299.0,Cancelled
3688,696,1,2026-10-01 17:57:44,1,0.0,49.0,49.0,Refunded
3689,205,13,2026-10-01 18:00:28,1,0.0,45.0,45.0,Completed
3690,950,10,2026-10-01 18:03:31,1,0.1,25.0,22.5,Cancelled
3691,1381,6,2026-10-01 17:50:45,1,0.1,199.0,179.1,Completed
3692,99,1,2026-10-01 17:51:35,5,0.0,245.0,245.0,Cancelled
3693,443,5,2026-10-01 17:51:58,2,0.0,78.0,78.0,Cancelled
3694,243,1,2026-10-01 17:49:29,1,0.0,49.0,49.0,Completed
3695,440,7,2026-10-01 17:55:29,1,0.05,99.0,94.05,Completed
3696,132,2,2026-10-01 17:51:30,1,0.05,149.0,141.55,Completed
3697,454,11,2026-10-01 18:04:00,1,0.05,299.0,284.05,Completed
3698,1118,6,2026-10-01 18:01:07,1,0.05,199.0,189.05,Completed
3699,1405,10,2026-10-01 17:52:15,1,0.0,25.0,25.0,Refunded
3700,145,1,2026-10-01 17:49:27,1,0.2,49.0,39.2,Cancelled
3701,1183,1,2026-10-01 18:05:19,1,0.0,49.0,49.0,Refunded
3702,1122,1,2026-10-01 17:53:47,1,0.0,49.0,49.0,Refunded
3703,978,5,2026-10-01 17:55:33,1,0.05,39.0,37.05,Completed
3704,981,9,2026-10-01 17:51:57,1,0.05,79.0,75.05,Completed
3705,1357,4,2026-10-01 17:55:51,1,0.0,19.0,19.0,Cancelled
3706,1432,6,2026-10-01 17:49:22,2,0.0,398.0,398.0,Refunded
3707,1006,8,2026-10-01 18:05:00,1,0.1,15.0,13.5,Completed
3708,685,6,2026-10-01 17:50:10,1,0.0,199.0,199.0,Completed
3709,23,2,2026-10-01 17:55:53,1,0.2,149.0,119.2,Completed
3710,523,3,2026-10-01 17:50:30,2,0.0,998.0,998.0,Completed
3711,941,9,2026-10-01 17:59:13,1,0.0,79.0,79.0,Completed
3712,1355,10,2026-10-01 18:05:34,2,0.0,50.0,50.0,Completed
3713,631,6,2026-10-01 17:50:50,2,0.0,398.0,398.0,Completed
3714,1171,1,2026-10-01 17:56:30,1,0.1,49.0,44.1,Completed
3715,730,4,2026-10-01 17:56:33,1,0.05,19.0,18.05,Cancelled
3716,1139,15,2026-10-01 17:58:59,1,0.0,349.0,349.0,Completed
3717,311,15,2026-10-01 17:52:17,3,0.0,1047.0,1047.0,Refunded
3718,910,4,2026-10-01 17:53:44,2,0.05,38.0,36.1,Completed
3719,577,15,2026-10-01 17:49:09,1,0.2,349.0,279.2,Refunded
3720,685,13,2026-10-01 18:02:14,2,0.0,90.0,90.0,Cancelled
3721,924,6,2026-10-01 18:04:23,2,0.1,398.0,358.2,Completed
3722,351,10,2026-10-01 17:54:39,2,0.05,50.0,47.5,Completed
3723,344,7,2026-10-01 17:52:25,1,0.2,99.0,79.2,Completed
3724,859,11,2026-10-01 17:55:10,2,0.0,598.0,598.0,Completed
3725,1422,3,2026-10-01 17:50:42,1,0.0,499.0,499.0,Completed
3726,160,5,2026-10-01 18:05:19,1,0.0,39.0,39.0,Completed
3727,1424,10,2026-10-01 17:52:41,1,0.1,25.0,22.5,Completed
3728,187,13,2026-10-01 18:02:44,1,0.0,45.0,45.0,Cancelled
3729,13,3,2026-10-01 17:50:05,1,0.05,499.0,474.05,Completed
3730,203,11,2026-10-01 18:02:03,2,0.05,598.0,568.1,Completed
3731,139,6,2026-10-01 17:50:23,3,0.0,597.0,597.0,Completed
3732,1070,10,2026-10-01 17:58:38,3,0.05,75.0,71.25,Completed
3733,1159,2,2026-10-01 18:03:22,1,0.05,149.0,141.55,Cancelled
3734,895,4,2026-10-01 17:53:16,1,0.0,19.0,19.0,Cancelled
3735,168,12,2026-10-01 17:57:04,1,0.0,59.0,59.0,Refunded
3736,1414,8,2026-10-01 17:59:10,1,0.05,15.0,14.25,Refunded
3737,1139,9,2026-10-01 17:48:40,1,0.0,79.0,79.0,Completed
3738,485,8,2026-10-01 17:48:46,1,0.1,15.0,13.5,Cancelled
3739,443,2,2026-10-01 17:48:02,1,0.0,149.0,149.0,Completed
3740,1042,15,2026-10-01 17:48:34,1,0.1,349.0,314.1,Cancelled
3741,566,6,2026-10-01 17:48:28,3,0.0,597.0,597.0,Completed
3742,1347,2,2026-10-01 17:48:41,5,0.0,745.0,745.0,Refunded
3743,333,1,2026-10-01 17:50:30,1,0.0,49.0,49.0,Cancelled
3744,604,9,2026-10-01 17:58:39,1,0.1,79.0,71.1,Completed
3745,278,11,2026-10-01 17:53:16,3,0.0,897.0,897.0,Completed
3746,569,5,2026-10-01 17:50:25,1,0.0,39.0,39.0,Completed
3747,1498,3,2026-10-01 17:50:28,3,0.1,1497.0,1347.3,Completed
3748,136,7,2026-10-01 17:54:08,3,0.2,297.0,237.6,Cancelled
3749,1234,12,2026-10-01 18:04:03,1,0.0,59.0,59.0,Completed
3750,1285,12,2026-10-01 17:51:00,1,0.0,59.0,59.0,Completed
3751,104,5,2026-10-01 18:02:38,3,0.05,117.0,111.15,Completed
3752,269,3,2026-10-01 18:00:19,2,0.0,998.0,998.0,Completed
3753,1425,15,2026-10-01 17:49:36,1,0.0,349.0,349.0,Completed
3754,85,15,2026-10-01 17:48:31,2,0.0,698.0,698.0,Completed
3755,856,6,2026-10-01 17:52:45,2,0.0,398.0,398.0,Refunded
3756,404,1,2026-10-01 17:59:42,1,0.1,49.0,44.1,Completed
3757,1465,13,2026-10-01 17:58:19,1,0.1,45.0,40.5,Refunded
3758,936,8,2026-10-01 18:00:35,1,0.1,15.0,13.5,Completed
3759,1252,9,2026-10-01 17:51:34,1,0.05,79.0,75.05,Completed
3760,1335,3,2026-10-01 18:04:51,5,0.0,2495.0,2495.0,Completed
3761,962,5,2026-10-01 17:57:32,1,0.05,39.0,37.05,Completed
3762,1193,12,2026-10-01 17:57:37,3,0.0,177.0,177.0,Completed
3763,540,4,2026-10-01 17:56:33,2,0.05,38.0,36.1,Completed
3764,137,10,2026-10-01 17:53:05,1,0.0,25.0,25.0,Cancelled
3765,167,13,2026-10-01 17:50:33,2,0.1,90.0,81.0,Refunded
3766,998,1,2026-10-01 17:52:41,1,0.0,49.0,49.0,Cancelled
3767,755,14,2026-10-01 18:03:55,1,0.2,10.0,8.0,Refunded
3768,944,13,2026-10-01 17:57:27,2,0.0,90.0,90.0,Completed
3769,1435,7,2026-10-01 18:04:24,3,0.0,297.0,297.0,Cancelled
3770,807,6,2026-10-01 18:05:28,1,0.0,199.0,199.0,Completed
3771,522,5,2026-10-01 17:50:15,1,0.0,39.0,39.0,Refunded
3772,802,4,2026-10-01 17:52:47,1,0.05,19.0,18.05,Completed
3773,1469,4,2026-10-01 17:53:38,1,0.0,19.0,19.0,Completed
3774,1326,10,2026-10-01 17:57:30,1,0.0,25.0,25.0,Completed
3775,346,7,2026-10-01 18:04:45,1,0.1,99.0,89.1,Completed
3776,182,5,2026-10-01 17:49:05,3,0.0,117.0,117.0,Refunded
3777,1363,3,2026-10-01 17:58:22,3,0.05,1497.0,1422.15,Cancelled
3778,1425,6,2026-10-01 18:00:36,1,0.0,199.0,199.0,Cancelled
3779,1052,11,2026-10-01 18:03:39,2,0.0,598.0,598.0,Refunded
3780,1217,11,2026-10-01 17:49:01,1,0.05,299.0,284.05,Refunded
3781,303,11,2026-10-01 18:04:57,1,0.0,299.0,299.0,Completed
3782,1348,10,2026-10-01 18:02:29,1,0.0,25.0,25.0,Completed
3783,412,9,2026-10-01 18:03:36,1,0.0,79.0,79.0,Completed
3784,1475,5,2026-10-01 17:48:32,3,0.2,117.0,93.6,Completed
3785,749,11,2026-10-01 17:49:09,1,0.0,299.0,299.0,Completed
3786,503,5,2026-10-01 17:49:19,3,0.1,117.0,105.3,Completed
3787,1413,4,2026-10-01 17:47:44,1,0.05,19.0,18.05,Completed
3788,1370,9,2026-10-01 17:56:34,1,0.0,79.0,79.0,Completed
3789,758,14,2026-10-01 17:56:02,1,0.05,10.0,9.5,Cancelled
3790,1383,5,2026-10-01 18:00:32,1,0.05,39.0,37.05,Refunded
3791,1202,12,2026-10-01 17:59:26,2,0.05,118.0,112.1,Completed
3792,1479,13,2026-10-01 17:59:18,3,0.1,135.0,121.5,Completed
3793,409,6,2026-10-01 17:50:40,3,0.0,597.0,597.0,Cancelled
3794,968,14,2026-10-01 17:59:59,1,0.0,10.0,10.0,Cancelled
3795,1030,7,2026-10-01 18:05:15,3,0.0,297.0,297.0,Completed
3796,575,3,2026-10-01 17:57:02,1,0.0,499.0,499.0,Completed
3797,46,9,2026-10-01 17:52:46,1,0.0,79.0,79.0,Completed
3798,1267,15,2026-10-01 18:01:28,3,0.0,1047.0,1047.0,Completed
3799,380,13,2026-10-01 18:00:32,1,0.0,45.0,45.0,Completed
3800,1180,7,2026-10-01 17:51:50,1,0.1,99.0,89.1,Completed
3801,232,14,2026-10-01 17:55:41,3,0.0,30.0,30.0,Completed
3802,280,4,2026-10-01 18:01:44,1,0.05,19.0,18.05,Completed
3803,545,3,2026-10-01 17:52:44,1,0.1,499.0,449.1,Completed
3804,108,11,2026-10-01 17:56:50,3,0.05,897.0,852.15,Cancelled
3805,401,4,2026-10-01 18:05:06,2,0.0,38.0,38.0,Refunded
3806,239,5,2026-10-01 17:55:25,2,0.1,78.0,70.2,Completed
3807,1472,13,2026-10-01 17:58:37,1,0.0,45.0,45.0,Completed
3808,1348,13,2026-10-01 18:00:15,1,0.0,45.0,45.0,Completed
3809,62,9,2026-10-01 17:49:19,1,0.05,79.0,75.05,Refunded
3810,1088,14,2026-10-01 18:00:08,1,0.0,10.0,10.0,Completed
3811,163,6,2026-10-01 17:58:14,2,0.0,398.0,398.0,Cancelled
3812,576,6,2026-10-01 17:53:27,1,0.0,199.0,199.0,Completed
3813,361,7,2026-10-01 18:00:27,2,0.0,198.0,198.0,Refunded
3814,532,5,2026-10-01 17:49:04,2,0.05,78.0,74.1,Refunded
3815,100,2,2026-10-01 17:48:59,1,0.05,149.0,141.55,Completed
3816,1328,15,2026-10-01 18:03:41,2,0.0,698.0,698.0,Cancelled
3817,842,13,2026-10-01 17:49:27,1,0.05,45.0,42.75,Completed
3818,456,15,2026-10-01 18:01:31,1,0.0,349.0,349.0,Cancelled
3819,881,7,2026-10-01 17:54:44,1,0.0,99.0,99.0,Completed
3820,959,1,2026-10-01 17:55:51,1,0.1,49.0,44.1,Completed
3821,1289,12,2026-10-01 18:01:39,1,0.0,59.0,59.0,Refunded
3822,1100,2,2026-10-01 18:03:21,1,0.1,149.0,134.1,Completed
3823,1330,9,2026-10-01 17:59:46,1,0.0,79.0,79.0,Completed
3824,312,8,2026-10-01 17:48:13,2,0.0,30.0,30.0,Completed
3825,135,5,2026-10-01 18:05:35,1,0.0,39.0,39.0,Completed
3826,246,7,2026-10-01 17:53:57,1,0.0,99.0,99.0,Cancelled
3827,1418,13,2026-10-01 17:51:56,1,0.1,45.0,40.5,Refunded
3828,1084,13,2026-10-01 17:49:51,1,0.0,45.0,45.0,Completed
3829,72,4,2026-10-01 17:49:43,1,0.0,19.0,19.0,Completed
3830,719,12,2026-10-01 17:56:47,1,0.05,59.0,56.05,Completed
3831,1477,1,2026-10-01 17:49:15,1,0.0,49.0,49.0,Refunded
3832,505,6,2026-10-01 17:51:49,1,0.0,199.0,199.0,Cancelled
3833,722,14,2026-10-01 18:01:01,2,0.05,20.0,19.0,Completed
3834,481,3,2026-10-01 17:56:16,1,0.05,499.0,474.05,Refunded
3835,465,12,2026-10-01 17:51:53,1,0.1,59.0,53.1,Cancelled
3836,1246,3,2026-10-01 17:47:49,1,0.0,499.0,499.0,Refunded
3837,1416,12,2026-10-01 17:56:34,2,0.05,118.0,112.1,Completed
3838,726,4,2026-10-01 17:56:28,1,0.0,19.0,19.0,Completed
3839,1039,6,2026-10-01 17:53:42,3,0.0,597.0,597.0,Completed
3840,101,9,2026-10-01 18:03:49,3,0.0,237.0,237.0,Completed
3841,797,10,2026-10-01 18:04:39,1,0.2,25.0,20.0,Cancelled
3842,325,14,2026-10-01 17:56:08,2,0.0,20.0,20.0,Completed
3843,29,8,2026-10-01 18:05:15,1,0.0,15.0,15.0,Completed
3844,1321,14,2026-10-01 17:54:16,3,0.2,30.0,24.0,Completed
3845,1144,11,2026-10-01 18:00:33,1,0.2,299.0,239.2,Completed
3846,1010,11,2026-10-01 17:54:03,2,0.05,598.0,568.1,Completed
3847,1094,14,2026-10-01 17:49:50,1,0.0,10.0,10.0,Completed
3848,665,8,2026-10-01 18:01:17,2,0.0,30.0,30.0,Completed
3849,444,12,2026-10-01 17:56:47,5,0.0,295.0,295.0,Completed
3850,1459,9,2026-10-01 17:55:55,1,0.0,79.0,79.0,Cancelled
3851,599,5,2026-10-01 17:52:56,5,0.0,195.0,195.0,Cancelled
3852,316,12,2026-10-01 17:49:53,2,0.2,118.0,94.4,Completed
3853,366,12,2026-10-01 17:52:28,3,0.0,177.0,177.0,Refunded
3854,375,14,2026-10-01 18:01:18,2,0.2,20.0,16.0,Completed
3855,433,6,2026-10-01 17:57:43,1,0.1,199.0,179.1,Completed
3856,1302,13,2026-10-01 17:53:28,2,0.1,90.0,81.0,Completed
3857,137,14,2026-10-01 18:05:27,1,0.0,10.0,10.0,Completed
3858,813,11,2026-10-01 17:58:08,2,0.0,598.0,598.0,Completed
3859,13,8,2026-10-01 18:01:33,1,0.0,15.0,15.0,Cancelled
3860,625,13,2026-10-01 17:57:48,1,0.0,45.0,45.0,Completed
3861,28,15,2026-10-01 17:53:03,1,0.0,349.0,349.0,Refunded
3862,358,7,2026-10-01 17:48:21,1,0.0,99.0,99.0,Completed
3863,1360,7,2026-10-01 17:55:56,1,0.1,99.0,89.1,Refunded
3864,1346,6,2026-10-01 18:01:58,1,0.0,199.0,199.0,Completed
3865,976,1,2026-10-01 17:52:06,1,0.0,49.0,49.0,Completed
3866,357,15,2026-10-01 18:00:13,1,0.0,349.0,349.0,Completed
3867,877,12,2026-10-01 18:02:21,1,0.0,59.0,59.0,Completed
3868,676,7,2026-10-01 17:54:57,1,0.0,99.0,99.0,Completed
3869,1181,12,2026-10-01 17:51:12,1,0.2,59.0,47.2,Cancelled
3870,658,8,2026-10-01 17:58:13,1,0.0,15.0,15.0,Completed
3871,124,8,2026-10-01 17:56:14,2,0.1,30.0,27.0,Completed
3872,520,3,2026-10-01 17:50:27,1,0.0,499.0,499.0,Completed
3873,146,10,2026-10-01 18:03:25,2,0.0,50.0,50.0,Completed
3874,1493,11,2026-10-01 17:49:02,1,0.0,299.0,299.0,Completed
3875,1171,4,2026-10-01 18:00:58,2,0.0,38.0,38.0,Cancelled
3876,827,8,2026-10-01 17:57:36,1,0.05,15.0,14.25,Refunded
3877,75,10,2026-10-01 18:00:57,3,0.0,75.0,75.0,Completed
3878,338,7,2026-10-01 17:52:59,1,0.0,99.0,99.0,Completed
3879,1233,13,2026-10-01 17:59:45,1,0.0,45.0,45.0,Refunded
3880,1383,13,2026-10-01 18:00:24,1,0.2,45.0,36.0,Cancelled
3881,1087,9,2026-10-01 17:57:34,1,0.05,79.0,75.05,Refunded
3882,722,4,2026-10-01 17:49:05,2,0.1,38.0,34.2,Cancelled
3883,1431,12,2026-10-01 17:54:01,1,0.0,59.0,59.0,Completed
3884,1291,13,2026-10-01 18:01:24,1,0.0,45.0,45.0,Completed
3885,1050,11,2026-10-01 17:55:28,2,0.0,598.0,598.0,Completed
3886,373,4,2026-10-01 18:00:14,1,0.0,19.0,19.0,Completed
3887,1201,2,2026-10-01 17:59:15,1,0.0,149.0,149.0,Completed
3888,996,13,2026-10-01 17:54:01,1,0.2,45.0,36.0,Cancelled
3889,1311,8,2026-10-01 17:57:40,2,0.0,30.0,30.0,Completed
3890,1457,1,2026-10-01 17:54:11,1,0.0,49.0,49.0,Cancelled
3891,951,7,2026-10-01 17:48:26,1,0.0,99.0,99.0,Refunded
3892,1017,7,2026-10-01 17:50:32,1,0.0,99.0,99.0,Refunded
3893,634,15,2026-10-01 18:03:41,3,0.0,1047.0,1047.0,Completed
3894,790,15,2026-10-01 18:00:31,1,0.05,349.0,331.55,Completed
3895,527,14,2026-10-01 17:58:09,1,0.0,10.0,10.0,Completed
3896,723,6,2026-10-01 18:01:41,1,0.0,199.0,199.0,Completed
3897,1206,12,2026-10-01 17:57:12,1,0.0,59.0,59.0,Refunded
3898,1263,3,2026-10-01 17:57:34,3,0.0,1497.0,1497.0,Completed
3899,1301,10,2026-10-01 18:05:09,1,0.0,25.0,25.0,Refunded
3900,457,6,2026-10-01 18:04:53,1,0.05,199.0,189.05,Cancelled
3901,955,12,2026-10-01 17:48:25,1,0.0,59.0,59.0,Completed
3902,331,9,2026-10-01 17:55:21,1,0.0,79.0,79.0,Completed
3903,874,5,2026-10-01 17:51:22,1,0.0,39.0,39.0,Completed
3904,1258,5,2026-10-01 18:00:13,3,0.05,117.0,111.15,Cancelled
3905,1168,13,2026-10-01 17:55:53,1,0.0,45.0,45.0,Completed
3906,848,11,2026-10-01 18:04:44,1,0.0,299.0,299.0,Completed
3907,537,14,2026-10-01 18:05:21,3,0.1,30.0,27.0,Completed
3908,630,12,2026-10-01 17:53:44,1,0.0,59.0,59.0,Completed
3909,1254,2,2026-10-01 17:57:03,1,0.1,149.0,134.1,Cancelled
3910,501,13,2026-10-01 17:58:58,1,0.1,45.0,40.5,Completed
3911,565,10,2026-10-01 17:52:13,1,0.0,25.0,25.0,Completed
3912,840,5,2026-10-01 18:03:32,1,0.05,39.0,37.05,Cancelled
3913,351,3,2026-10-01 17:49:45,1,0.0,499.0,499.0,Cancelled
3914,861,3,2026-10-01 17:59:15,1,0.0,499.0,499.0,Completed
3915,1179,11,2026-10-01 17:48:55,2,0.05,598.0,568.1,Cancelled
3916,1194,14,2026-10-01 17:57:32,3,0.0,30.0,30.0,Completed
3917,213,1,2026-10-01 17:49:36,5,0.05,245.0,232.75,Refunded
3918,265,1,2026-10-01 17:57:35,1,0.0,49.0,49.0,Refunded
3919,89,8,2026-10-01 17:55:48,1,0.1,15.0,13.5,Cancelled
3920,713,4,2026-10-01 17:54:38,1,0.05,19.0,18.05,Refunded
3921,759,6,2026-10-01 17:55:01,1,0.0,199.0,199.0,Completed
3922,77,4,2026-10-01 17:54:46,1,0.0,19.0,19.0,Cancelled
3923,887,14,2026-10-01 17:59:46,1,0.1,10.0,9.0,Completed
3924,1482,10,2026-10-01 17:54:16,1,0.0,25.0,25.0,Completed
3925,290,15,2026-10-01 18:05:36,2,0.0,698.0,698.0,Completed
3926,236,4,2026-10-01 17:56:26,2,0.0,38.0,38.0,Refunded
3927,730,9,2026-10-01 17:58:24,2,0.0,158.0,158.0,Completed
3928,1193,6,2026-10-01 17:51:49,1,0.1,199.0,179.1,Completed
3929,1138,7,2026-10-01 18:01:07,3,0.0,297.0,297.0,Cancelled
3930,1249,4,2026-10-01 17:55:13,3,0.0,57.0,57.0,Completed
3931,1132,5,2026-10-01 17:52:28,1,0.05,39.0,37.05,Refunded
3932,795,4,2026-10-01 17:51:08,1,0.0,19.0,19.0,Cancelled
3933,1128,6,2026-10-01 17:50:43,1,0.0,199.0,199.0,Completed
3934,391,14,2026-10-01 17:50:52,1,0.1,10.0,9.0,Completed
3935,69,14,2026-10-01 18:03:10,1,0.0,10.0,10.0,Completed
3936,376,5,2026-10-01 18:05:36,1,0.05,39.0,37.05,Completed
3937,617,4,2026-10-01 18:03:34,1,0.05,19.0,18.05,Refunded
3938,1034,12,2026-10-01 17:51:52,1,0.1,59.0,53.1,Refunded
3939,1107,14,2026-10-01 17:49:17,1,0.0,10.0,10.0,Completed
3940,1456,12,2026-10-01 17:54:25,2,0.0,118.0,118.0,Completed
3941,782,13,2026-10-01 17:55:52,1,0.0,45.0,45.0,Completed
3942,1325,11,2026-10-01 17:50:46,3,0.0,897.0,897.0,Completed
3943,132,8,2026-10-01 17:54:24,1,0.2,15.0,12.0,Completed
3944,426,14,2026-10-01 18:04:27,1,0.0,10.0,10.0,Cancelled
3945,751,1,2026-10-01 17:55:02,1,0.1,49.0,44.1,Cancelled
3946,575,7,2026-10-01 17:52:14,1,0.0,99.0,99.0,Completed
3947,1495,14,2026-10-01 18:01:28,2,0.05,20.0,19.0,Completed
3948,412,3,2026-10-01 17:58:40,1,0.0,499.0,499.0,Completed
3949,20,3,2026-10-01 17:55:21,1,0.0,499.0,499.0,Cancelled
3950,221,4,2026-10-01 17:48:59,1,0.0,19.0,19.0,Completed
3951,450,4,2026-10-01 18:01:31,1,0.0,19.0,19.0,Completed
3952,1418,2,2026-10-01 17:48:50,1,0.0,149.0,149.0,Refunded
3953,748,15,2026-10-01 17:50:16,2,0.0,698.0,698.0,Refunded
3954,291,13,2026-10-01 17:50:30,1,0.05,45.0,42.75,Completed
3955,511,15,2026-10-01 18:04:53,2,0.0,698.0,698.0,Completed
3956,432,1,2026-10-01 18:04:36,1,0.1,49.0,44.1,Completed
3957,1192,9,2026-10-01 17:58:49,2,0.1,158.0,142.2,Completed
3958,482,1,2026-10-01 18:00:56,1,0.05,49.0,46.55,Completed
3959,96,3,2026-10-01 17:50:54,1,0.0,499.0,499.0,Cancelled
3960,34,2,2026-10-01 18:03:24,1,0.0,149.0,149.0,Completed
3961,1356,13,2026-10-01 18:04:44,1,0.0,45.0,45.0,Completed
3962,120,8,2026-10-01 18:01:32,2,0.05,30.0,28.5,Completed
3963,1353,15,2026-10-01 18:05:33,1,0.05,349.0,331.55,Completed
3964,976,11,2026-10-01 17:47:56,1,0.0,299.0,299.0,Completed
3965,848,2,2026-10-01 17:48:00,1,0.1,149.0,134.1,Completed
3966,541,1,2026-10-01 17:53:57,1,0.05,49.0,46.55,Completed
3967,1100,14,2026-10-01 17:54:46,3,0.0,30.0,30.0,Refunded
3968,1289,3,2026-10-01 17:48:33,1,0.1,499.0,449.1,Completed
3969,369,3,2026-10-01 17:48:39,1,0.0,499.0,499.0,Cancelled
3970,1410,6,2026-10-01 17:51:17,1,0.05,199.0,189.05,Completed
3971,1460,5,2026-10-01 17:59:04,3,0.05,117.0,111.15,Completed
3972,507,8,2026-10-01 18:01:48,1,0.0,15.0,15.0,Cancelled
3973,157,13,2026-10-01 17:51:28,1,0.0,45.0,45.0,Completed
3974,97,2,2026-10-01 17:52:00,1,0.2,149.0,119.2,Completed
3975,483,12,2026-10-01 18:05:31,1,0.05,59.0,56.05,Refunded
3976,1258,1,2026-10-01 17:48:05,1,0.1,49.0,44.1,Completed
3977,931,14,2026-10-01 17:55:59,1,0.1,10.0,9.0,Completed
3978,1421,1,2026-10-01 18:00:31,2,0.1,98.0,88.2,Cancelled
3979,310,6,2026-10-01 17:59:02,1,0.2,199.0,159.2,Cancelled
3980,516,12,2026-10-01 18:03:46,1,0.0,59.0,59.0,Completed
3981,1012,2,2026-10-01 18:04:37,1,0.0,149.0,149.0,Refunded
3982,795,12,2026-10-01 17:56:39,1,0.0,59.0,59.0,Refunded
3983,373,3,2026-10-01 17:57:19,1,0.1,499.0,449.1,Completed
3984,296,2,2026-10-01 17:51:44,1,0.0,149.0,149.0,Completed
3985,1404,13,2026-10-01 18:01:49,1,0.1,45.0,40.5,Refunded
3986,394,15,2026-10-01 17:47:45,1,0.05,349.0,331.55,Cancelled
3987,401,4,2026-10-01 17:54:56,3,0.0,57.0,57.0,Refunded
3988,38,5,2026-10-01 18:01:01,1,0.0,39.0,39.0,Cancelled
3989,1228,10,2026-10-01 18:00:12,3,0.0,75.0,75.0,Refunded
3990,43,13,2026-10-01 17:59:27,1,0.1,45.0,40.5,Cancelled
3991,1400,7,2026-10-01 17:52:13,2,0.05,198.0,188.1,Completed
3992,1254,13,2026-10-01 17:49:37,2,0.0,90.0,90.0,Refunded
3993,1018,5,2026-10-01 17:50:15,1,0.1,39.0,35.1,Refunded
3994,875,11,2026-10-01 17:58:16,1,0.0,299.0,299.0,Cancelled
3995,649,7,2026-10-01 17:50:04,1,0.0,99.0,99.0,Refunded
3996,972,6,2026-10-01 17:51:51,2,0.0,398.0,398.0,Completed
3997,1162,3,2026-10-01 18:05:36,1,0.0,499.0,499.0,Refunded
3998,716,9,2026-10-01 17:57:26,1,0.1,79.0,71.1,Completed
3999,57,11,2026-10-01 17:51:21,1,0.05,299.0,284.05,Completed
4000,310,10,2026-10-01 17:57:37,1,0.0,25.0,25.0,Refunded
4001,448,1,2026-10-01 17:55:21,1,0.0,49.0,49.0,Cancelled
4002,824,4,2026-10-01 17:55:32,1,0.0,19.0,19.0,Completed
4003,1323,7,2026-10-01 18:01:12,1,0.05,99.0,94.05,Completed
4004,1361,13,2026-10-01 18:03:56,3,0.0,135.0,135.0,Refunded
4005,156,6,2026-10-01 17:59:21,1,0.05,199.0,189.05,Completed
4006,1324,11,2026-10-01 17:48:33,1,0.0,299.0,299.0,Completed
4007,1483,2,2026-10-01 17:52:24,1,0.0,149.0,149.0,Completed
4008,90,5,2026-10-01 18:01:33,1,0.1,39.0,35.1,Completed
4009,1443,14,2026-10-01 17:54:17,1,0.1,10.0,9.0,Completed
4010,363,14,2026-10-01 17:53:28,1,0.1,10.0,9.0,Completed
4011,157,6,2026-10-01 17:53:01,2,0.0,398.0,398.0,Completed
4012,1457,6,2026-10-01 17:55:00,1,0.1,199.0,179.1,Cancelled
4013,855,9,2026-10-01 18:04:54,1,0.0,79.0,79.0,Completed
4014,213,13,2026-10-01 17:52:41,1,0.0,45.0,45.0,Completed
4015,1140,9,2026-10-01 17:50:09,1,0.0,79.0,79.0,Completed
4016,274,14,2026-10-01 17:55:50,2,0.0,20.0,20.0,Refunded
4017,364,10,2026-10-01 18:03:03,3,0.1,75.0,67.5,Refunded
4018,906,11,2026-10-01 17:57:02,1,0.0,299.0,299.0,Completed
4019,1067,6,2026-10-01 17:59:05,2,0.2,398.0,318.4,Refunded
4020,578,14,2026-10-01 17:59:10,1,0.0,10.0,10.0,Completed
4021,1221,7,2026-10-01 18:01:55,2,0.0,198.0,198.0,Completed
4022,229,10,2026-10-01 17:50:16,1,0.1,25.0,22.5,Completed
4023,367,2,2026-10-01 17:50:47,1,0.0,149.0,149.0,Completed
4024,94,5,2026-10-01 17:56:21,1,0.0,39.0,39.0,Completed
4025,231,5,2026-10-01 17:48:53,2,0.1,78.0,70.2,Cancelled
4026,1434,14,2026-10-01 17:57:41,1,0.0,10.0,10.0,Cancelled
4027,915,3,2026-10-01 17:52:05,2,0.0,998.0,998.0,Cancelled
4028,1217,10,2026-10-01 18:05:23,1,0.05,25.0,23.75,Completed
4029,1335,3,2026-10-01 18:01:33,1,0.0,499.0,499.0,Cancelled
4030,41,1,2026-10-01 17:49:06,1,0.0,49.0,49.0,Refunded
4031,43,12,2026-10-01 18:00:10,1,0.0,59.0,59.0,Completed
4032,128,1,2026-10-01 17:48:22,1,0.0,49.0,49.0,Completed
4033,1105,6,2026-10-01 17:59:10,1,0.0,199.0,199.0,Completed
4034,8,6,2026-10-01 17:55:45,1,0.0,199.0,199.0,Completed
4035,554,4,2026-10-01 18:04:27,2,0.1,38.0,34.2,Cancelled
4036,1454,1,2026-10-01 18:01:08,3,0.0,147.0,147.0,Completed
4037,856,14,2026-10-01 18:02:16,2,0.0,20.0,20.0,Cancelled
4038,1253,1,2026-10-01 18:02:30,1,0.0,49.0,49.0,Refunded
4039,336,14,2026-10-01 17:49:13,1,0.0,10.0,10.0,Completed
4040,466,3,2026-10-01 18:05:22,2,0.2,998.0,798.4,Completed
4041,1028,10,2026-10-01 17:50:55,2,0.05,50.0,47.5,Completed
4042,440,14,2026-10-01 17:51:37,1,0.1,10.0,9.0,Completed
4043,1036,6,2026-10-01 17:52:02,1,0.1,199.0,179.1,Cancelled
4044,825,3,2026-10-01 18:02:12,1,0.0,499.0,499.0,Refunded
4045,1131,5,2026-10-01 17:48:15,3,0.0,117.0,117.0,Completed
4046,389,3,2026-10-01 17:49:05,1,0.05,499.0,474.05,Completed
4047,463,12,2026-10-01 17:54:14,1,0.0,59.0,59.0,Cancelled
4048,1041,12,2026-10-01 17:49:32,3,0.0,177.0,177.0,Completed
4049,945,12,2026-10-01 18:05:24,1,0.1,59.0,53.1,Cancelled
4050,977,6,2026-10-01 17:54:35,2,0.05,398.0,378.1,Completed
4051,832,15,2026-10-01 17:59:58,1,0.0,349.0,349.0,Completed
4052,866,13,2026-10-01 18:00:58,1,0.0,45.0,45.0,Cancelled
4053,343,1,2026-10-01 18:01:13,1,0.1,49.0,44.1,Cancelled
4054,206,14,2026-10-01 17:50:40,1,0.0,10.0,10.0,Completed
4055,1273,3,2026-10-01 17:48:34,1,0.0,499.0,499.0,Refunded
4056,240,8,2026-10-01 18:00:50,3,0.05,45.0,42.75,Completed
4057,1216,7,2026-10-01 17:52:54,1,0.0,99.0,99.0,Completed
4058,1109,12,2026-10-01 18:03:12,1,0.05,59.0,56.05,Completed
4059,1384,1,2026-10-01 17:50:07,5,0.1,245.0,220.5,Completed
4060,1437,7,2026-10-01 17:58:35,1,0.05,99.0,94.05,Refunded
4061,1094,7,2026-10-01 17:54:54,2,0.05,198.0,188.1,Completed
4062,1178,14,2026-10-01 17:51:03,1,0.0,10.0,10.0,Completed
4063,631,10,2026-10-01 17:53:38,1,0.0,25.0,25.0,Completed
4064,704,6,2026-10-01 17:55:06,1,0.0,199.0,199.0,Refunded
4065,1287,11,2026-10-01 17:56:19,1,0.0,299.0,299.0,Completed
4066,280,10,2026-10-01 17:59:16,2,0.0,50.0,50.0,Completed
4067,1285,8,2026-10-01 17:59:47,1,0.05,15.0,14.25,Refunded
4068,1209,5,2026-10-01 17:49:25,1,0.0,39.0,39.0,Cancelled
4069,812,8,2026-10-01 18:02:19,1,0.0,15.0,15.0,Cancelled
4070,937,5,2026-10-01 18:05:01,1,0.0,39.0,39.0,Cancelled
4071,721,11,2026-10-01 17:53:54,1,0.0,299.0,299.0,Refunded
4072,565,2,2026-10-01 18:02:32,3,0.0,447.0,447.0,Cancelled
4073,1033,14,2026-10-01 17:51:21,1,0.0,10.0,10.0,Completed
4074,592,14,2026-10-01 18:04:13,1,0.1,10.0,9.0,Completed
4075,423,7,2026-10-01 18:04:12,2,0.0,198.0,198.0,Cancelled
4076,219,7,2026-10-01 18:02:08,1,0.0,99.0,99.0,Completed
4077,544,5,2026-10-01 17:52:31,1,0.05,39.0,37.05,Completed
4078,1358,11,2026-10-01 17:54:50,1,0.0,299.0,299.0,Completed
4079,670,3,2026-10-01 18:05:33,1,0.1,499.0,449.1,Completed
4080,336,7,2026-10-01 17:56:39,1,0.0,99.0,99.0,Refunded
4081,820,5,2026-10-01 17:57:33,1,0.1,39.0,35.1,Completed
4082,1115,3,2026-10-01 17:49:01,1,0.1,499.0,449.1,Completed
4083,1066,2,2026-10-01 17:51:36,2,0.0,298.0,298.0,Cancelled
4084,1174,9,2026-10-01 17:55:54,1,0.05,79.0,75.05,Completed
4085,676,8,2026-10-01 17:58:01,1,0.1,15.0,13.5,Cancelled
4086,486,10,2026-10-01 17:47:49,1,0.0,25.0,25.0,Completed
4087,1134,6,2026-10-01 18:05:39,1,0.1,199.0,179.1,Completed
4088,306,15,2026-10-01 18:02:55,3,0.05,1047.0,994.65,Completed
4089,97,1,2026-10-01 17:54:16,1,0.05,49.0,46.55,Refunded
4090,1391,7,2026-10-01 17:59:20,1,0.1,99.0,89.1,Cancelled
4091,729,11,2026-10-01 17:57:50,1,0.1,299.0,269.1,Completed
4092,794,5,2026-10-01 17:55:45,1,0.0,39.0,39.0,Cancelled
4093,393,14,2026-10-01 18:03:55,1,0.0,10.0,10.0,Completed
4094,885,8,2026-10-01 17:52:18,1,0.0,15.0,15.0,Refunded
4095,1477,15,2026-10-01 18:01:33,1,0.0,349.0,349.0,Refunded
4096,332,7,2026-10-01 17:49:13,2,0.1,198.0,178.2,Completed
4097,232,11,2026-10-01 17:54:53,2,0.0,598.0,598.0,Completed
4098,98,4,2026-10-01 17:55:37,1,0.0,19.0,19.0,Completed
4099,270,10,2026-10-01 18:00:25,1,0.0,25.0,25.0,Refunded
4100,562,11,2026-10-01 17:51:53,1,0.0,299.0,299.0,Refunded
4101,767,3,2026-10-01 17:49:28,1,0.0,499.0,499.0,Completed
4102,259,2,2026-10-01 17:51:08,1,0.0,149.0,149.0,Cancelled
4103,894,14,2026-10-01 18:00:17,1,0.0,10.0,10.0,Refunded
4104,366,3,2026-10-01 18:03:03,3,0.0,1497.0,1497.0,Cancelled
4105,17,6,2026-10-01 17:48:15,1,0.1,199.0,179.1,Completed
4106,901,13,2026-10-01 17:49:16,1,0.0,45.0,45.0,Refunded
4107,797,5,2026-10-01 18:04:58,1,0.05,39.0,37.05,Completed
4108,763,10,2026-10-01 18:00:13,1,0.0,25.0,25.0,Completed
4109,198,14,2026-10-01 17:49:51,2,0.0,20.0,20.0,Completed
4110,641,1,2026-10-01 17:57:31,1,0.0,49.0,49.0,Completed
4111,589,6,2026-10-01 17:57:24,2,0.0,398.0,398.0,Completed
4112,1437,14,2026-10-01 17:53:51,2,0.0,20.0,20.0,Completed
4113,511,7,2026-10-01 17:48:11,1,0.0,99.0,99.0,Completed
4114,140,15,2026-10-01 18:03:06,2,0.0,698.0,698.0,Completed
4115,1298,8,2026-10-01 17:56:21,1,0.0,15.0,15.0,Completed
4116,1098,11,2026-10-01 17:53:18,1,0.0,299.0,299.0,Completed
4117,1139,6,2026-10-01 18:01:24,2,0.0,398.0,398.0,Completed
4118,351,3,2026-10-01 18:02:00,1,0.0,499.0,499.0,Completed
4119,287,12,2026-10-01 18:00:28,2,0.0,118.0,118.0,Completed
4120,1029,6,2026-10-01 17:57:46,1,0.05,199.0,189.05,Refunded
4121,137,1,2026-10-01 18:03:13,1,0.0,49.0,49.0,Completed
4122,744,5,2026-10-01 17:50:42,1,0.0,39.0,39.0,Refunded
4123,630,5,2026-10-01 18:05:28,1,0.05,39.0,37.05,Completed
4124,731,13,2026-10-01 17:57:44,1,0.0,45.0,45.0,Cancelled
4125,1499,12,2026-10-01 17:52:36,2,0.0,118.0,118.0,Refunded
4126,244,6,2026-10-01 18:00:08,1,0.05,199.0,189.05,Cancelled
4127,941,4,2026-10-01 18:00:45,1,0.1,19.0,17.1,Cancelled
4128,417,1,2026-10-01 17:56:07,1,0.0,49.0,49.0,Cancelled
4129,63,4,2026-10-01 17:52:39,1,0.0,19.0,19.0,Refunded
4130,171,14,2026-10-01 17:58:55,2,0.05,20.0,19.0,Completed
4131,1320,9,2026-10-01 17:51:09,3,0.2,237.0,189.6,Refunded
4132,77,9,2026-10-01 17:57:41,1,0.0,79.0,79.0,Completed
4133,1141,2,2026-10-01 17:48:22,1,0.0,149.0,149.0,Cancelled
4134,974,4,2026-10-01 18:04:43,1,0.1,19.0,17.1,Refunded
4135,377,6,2026-10-01 17:58:13,1,0.0,199.0,199.0,Completed
4136,912,12,2026-10-01 17:54:17,1,0.0,59.0,59.0,Completed
4137,671,12,2026-10-01 17:53:37,1,0.1,59.0,53.1,Cancelled
4138,103,2,2026-10-01 17:54:08,1,0.1,149.0,134.1,Completed
4139,871,11,2026-10-01 17:51:20,1,0.0,299.0,299.0,Refunded
4140,1017,2,2026-10-01 17:53:57,2,0.0,298.0,298.0,Refunded
4141,333,10,2026-10-01 17:55:15,2,0.0,50.0,50.0,Completed
4142,636,4,2026-10-01 17:57:41,1,0.0,19.0,19.0,Cancelled
4143,1239,10,2026-10-01 17:52:28,1,0.0,25.0,25.0,Refunded
4144,537,15,2026-10-01 18:02:19,1,0.05,349.0,331.55,Cancelled
4145,1200,13,2026-10-01 18:01:26,1,0.0,45.0,45.0,Completed
4146,1091,10,2026-10-01 17:49:31,1,0.0,25.0,25.0,Cancelled
4147,35,9,2026-10-01 18:01:34,3,0.1,237.0,213.3,Completed
4148,336,2,2026-10-01 17:48:26,2,0.0,298.0,298.0,Refunded
4149,1359,9,2026-10-01 18:03:47,1,0.0,79.0,79.0,Completed
4150,799,5,2026-10-01 17:52:56,2,0.0,78.0,78.0,Cancelled
4151,610,10,2026-10-01 18:01:14,2,0.1,50.0,45.0,Cancelled
4152,1484,8,2026-10-01 17:51:40,1,0.0,15.0,15.0,Cancelled
4153,760,14,2026-10-01 18:03:15,2,0.0,20.0,20.0,Cancelled
4154,714,13,2026-10-01 18:01:54,1,0.1,45.0,40.5,Completed
4155,1214,1,2026-10-01 17:48:41,1,0.0,49.0,49.0,Cancelled
4156,948,12,2026-10-01 18:02:44,1,0.05,59.0,56.05,Completed
4157,282,5,2026-10-01 17:53:35,1,0.0,39.0,39.0,Cancelled
4158,926,15,2026-10-01 17:55:01,1,0.0,349.0,349.0,Completed
4159,1190,9,2026-10-01 17:58:12,1,0.2,79.0,63.2,Completed
4160,203,13,2026-10-01 17:55:26,1,0.1,45.0,40.5,Refunded
4161,1017,13,2026-10-01 18:05:23,2,0.0,90.0,90.0,Refunded
4162,1072,2,2026-10-01 17:55:10,1,0.05,149.0,141.55,Completed
4163,430,9,2026-10-01 17:58:46,1,0.05,79.0,75.05,Cancelled
4164,234,13,2026-10-01 17:59:59,1,0.0,45.0,45.0,Refunded
4165,1104,2,2026-10-01 17:55:58,1,0.1,149.0,134.1,Cancelled
4166,24,15,2026-10-01 18:05:24,2,0.05,698.0,663.1,Cancelled
4167,1345,15,2026-10-01 17:52:22,2,0.1,698.0,628.2,Cancelled
4168,1291,14,2026-10-01 17:48:14,1,0.0,10.0,10.0,Refunded
4169,1182,1,2026-10-01 17:57:22,1,0.0,49.0,49.0,Refunded
4170,867,10,2026-10-01 17:47:45,1,0.1,25.0,22.5,Completed
4171,184,11,2026-10-01 17:59:24,2,0.0,598.0,598.0,Cancelled
4172,1103,13,2026-10-01 18:01:33,1,0.05,45.0,42.75,Completed
4173,1370,6,2026-10-01 17:51:40,1,0.05,199.0,189.05,Completed
4174,249,2,2026-10-01 17:52:30,1,0.05,149.0,141.55,Completed
4175,22,4,2026-10-01 18:02:28,3,0.0,57.0,57.0,Cancelled
4176,972,5,2026-10-01 17:59:18,1,0.1,39.0,35.1,Completed
4177,249,4,2026-10-01 17:48:40,2,0.0,38.0,38.0,Completed
4178,1414,9,2026-10-01 17:52:40,1,0.0,79.0,79.0,Completed
4179,1029,12,2026-10-01 18:01:30,1,0.0,59.0,59.0,Completed
4180,278,5,2026-10-01 17:59:53,1,0.0,39.0,39.0,Refunded
4181,143,15,2026-10-01 17:52:39,1,0.05,349.0,331.55,Cancelled
4182,1017,4,2026-10-01 18:02:28,1,0.0,19.0,19.0,Refunded
4183,162,4,2026-10-01 17:56:43,1,0.0,19.0,19.0,Cancelled
4184,822,10,2026-10-01 17:50:50,1,0.0,25.0,25.0,Cancelled
4185,124,12,2026-10-01 18:00:42,1,0.0,59.0,59.0,Completed
4186,882,2,2026-10-01 18:00:33,1,0.2,149.0,119.2,Refunded
4187,1364,4,2026-10-01 17:59:24,1,0.0,19.0,19.0,Refunded
4188,770,4,2026-10-01 18:01:32,1,0.0,19.0,19.0,Completed
4189,711,13,2026-10-01 17:50:08,2,0.0,90.0,90.0,Completed
4190,505,7,2026-10-01 17:55:02,3,0.05,297.0,282.15,Completed
4191,1041,15,2026-10-01 17:48:09,1,0.0,349.0,349.0,Refunded
4192,58,14,2026-10-01 18:04:05,1,0.0,10.0,10.0,Refunded
4193,840,1,2026-10-01 18:02:11,1,0.0,49.0,49.0,Completed
4194,1068,2,2026-10-01 17:51:00,1,0.0,149.0,149.0,Completed
4195,1444,11,2026-10-01 17:52:37,1,0.0,299.0,299.0,Completed
4196,1277,12,2026-10-01 17:54:08,1,0.1,59.0,53.1,Completed
4197,686,9,2026-10-01 17:58:21,2,0.05,158.0,150.1,Completed
4198,839,14,2026-10-01 17:59:08,1,0.2,10.0,8.0,Completed
4199,77,4,2026-10-01 17:51:45,1,0.0,19.0,19.0,Completed
4200,1005,4,2026-10-01 17:56:14,1,0.0,19.0,19.0,Refunded
4201,428,7,2026-10-01 17:54:12,1,0.1,99.0,89.1,Completed
4202,540,11,2026-10-01 17:56:45,1,0.0,299.0,299.0,Completed
4203,1084,13,2026-10-01 18:01:15,1,0.0,45.0,45.0,Completed
4204,45,10,2026-10-01 17:52:44,1,0.05,25.0,23.75,Refunded
4205,1015,7,2026-10-01 17:55:51,1,0.05,99.0,94.05,Cancelled
4206,1284,12,2026-10-01 17:58:15,3,0.0,177.0,177.0,Completed
4207,1036,9,2026-10-01 18:05:01,2,0.0,158.0,158.0,Cancelled
4208,1043,8,2026-10-01 17:56:55,2,0.1,30.0,27.0,Completed
4209,230,14,2026-10-01 17:49:02,2,0.1,20.0,18.0,Completed
4210,1102,12,2026-10-01 17:48:39,2,0.0,118.0,118.0,Refunded
4211,253,8,2026-10-01 17:53:15,1,0.0,15.0,15.0,Refunded
4212,1133,9,2026-10-01 18:03:58,5,0.05,395.0,375.25,Refunded
4213,555,13,2026-10-01 17:55:17,2,0.1,90.0,81.0,Completed
4214,625,4,2026-10-01 17:47:41,1,0.05,19.0,18.05,Completed
4215,1039,8,2026-10-01 17:47:52,1,0.0,15.0,15.0,Completed
4216,1049,4,2026-10-01 18:05:11,2,0.0,38.0,38.0,Completed
4217,973,8,2026-10-01 18:02:28,1,0.0,15.0,15.0,Completed
4218,1470,1,2026-10-01 18:00:59,1,0.05,49.0,46.55,Completed
4219,715,4,2026-10-01 18:00:56,1,0.05,19.0,18.05,Refunded
4220,48,3,2026-10-01 17:49:47,1,0.0,499.0,499.0,Completed
4221,542,13,2026-10-01 17:49:31,1,0.0,45.0,45.0,Completed
4222,139,11,2026-10-01 17:51:38,2,0.1,598.0,538.2,Completed
4223,175,10,2026-10-01 18:00:51,1,0.05,25.0,23.75,Refunded
4224,946,3,2026-10-01 18:04:50,1,0.05,499.0,474.05,Completed
4225,41,1,2026-10-01 17:54:32,2,0.0,98.0,98.0,Cancelled
4226,1443,5,2026-10-01 17:50:12,1,0.0,39.0,39.0,Completed
4227,761,13,2026-10-01 17:50:25,1,0.0,45.0,45.0,Completed
4228,122,10,2026-10-01 17:54:14,1,0.05,25.0,23.75,Completed
4229,1300,15,2026-10-01 17:59:04,1,0.05,349.0,331.55,Cancelled
4230,954,1,2026-10-01 17:48:31,1,0.05,49.0,46.55,Refunded
4231,310,12,2026-10-01 17:49:17,1,0.0,59.0,59.0,Cancelled
4232,834,4,2026-10-01 17:49:54,1,0.0,19.0,19.0,Refunded
4233,612,13,2026-10-01 18:00:27,1,0.0,45.0,45.0,Completed
4234,1422,11,2026-10-01 18:05:39,1,0.0,299.0,299.0,Completed
4235,221,9,2026-10-01 17:49:33,2,0.0,158.0,158.0,Completed
4236,626,7,2026-10-01 17:57:10,1,0.0,99.0,99.0,Refunded
4237,441,1,2026-10-01 17:50:23,1,0.0,49.0,49.0,Refunded
4238,919,12,2026-10-01 17:57:39,1,0.0,59.0,59.0,Completed
4239,72,1,2026-10-01 17:50:08,1,0.05,49.0,46.55,Completed
4240,801,15,2026-10-01 17:58:37,2,0.05,698.0,663.1,Completed
4241,1170,6,2026-10-01 17:49:30,1,0.2,199.0,159.2,Cancelled
4242,64,1,2026-10-01 18:03:07,1,0.0,49.0,49.0,Completed
4243,62,1,2026-10-01 18:01:34,1,0.0,49.0,49.0,Completed
4244,1154,1,2026-10-01 17:53:41,1,0.0,49.0,49.0,Cancelled
4245,946,2,2026-10-01 18:05:27,1,0.05,149.0,141.55,Refunded
4246,352,3,2026-10-01 17:54:20,1,0.0,499.0,499.0,Refunded
4247,1160,1,2026-10-01 18:02:46,2,0.0,98.0,98.0,Completed
4248,1342,7,2026-10-01 18:01:41,1,0.0,99.0,99.0,Completed
4249,520,6,2026-10-01 17:52:33,2,0.05,398.0,378.1,Completed
4250,835,13,2026-10-01 17:49:22,1,0.0,45.0,45.0,Cancelled
4251,343,9,2026-10-01 18:00:13,2,0.2,158.0,126.4,Refunded
4252,13,8,2026-10-01 17:55:10,1,0.0,15.0,15.0,Completed
4253,297,14,2026-10-01 17:57:12,1,0.0,10.0,10.0,Completed
4254,377,6,2026-10-01 17:56:52,1,0.05,199.0,189.05,Completed
4255,296,6,2026-10-01 17:48:13,1,0.1,199.0,179.1,Completed
4256,169,3,2026-10-01 18:04:33,3,0.1,1497.0,1347.3,Completed
4257,1195,5,2026-10-01 18:02:41,1,0.1,39.0,35.1,Refunded
4258,370,7,2026-10-01 18:02:45,1,0.0,99.0,99.0,Completed
4259,862,11,2026-10-01 17:57:15,1,0.0,299.0,299.0,Completed
4260,268,8,2026-10-01 18:00:59,1,0.05,15.0,14.25,Cancelled
4261,615,12,2026-10-01 17:53:11,1,0.2,59.0,47.2,Completed
4262,554,6,2026-10-01 17:49:38,2,0.0,398.0,398.0,Cancelled
4263,719,2,2026-10-01 18:02:58,1,0.0,149.0,149.0,Completed
4264,1178,11,2026-10-01 17:52:25,1,0.2,299.0,239.2,Cancelled
4265,1191,15,2026-10-01 18:01:24,2,0.0,698.0,698.0,Refunded
4266,1107,15,2026-10-01 18:01:42,1,0.05,349.0,331.55,Completed
4267,1243,13,2026-10-01 17:52:05,1,0.0,45.0,45.0,Refunded
4268,1139,7,2026-10-01 17:52:19,2,0.1,198.0,178.2,Cancelled
4269,1382,7,2026-10-01 17:59:24,1,0.0,99.0,99.0,Completed
4270,20,9,2026-10-01 17:48:18,1,0.0,79.0,79.0,Completed
4271,49,9,2026-10-01 17:50:47,2,0.0,158.0,158.0,Cancelled
4272,182,10,2026-10-01 18:04:26,1,0.0,25.0,25.0,Completed
4273,1270,14,2026-10-01 18:03:50,1,0.0,10.0,10.0,Completed
4274,90,1,2026-10-01 18:00:46,1,0.05,49.0,46.55,Cancelled
4275,413,7,2026-10-01 17:49:16,1,0.05,99.0,94.05,Completed
4276,405,13,2026-10-01 17:53:08,1,0.0,45.0,45.0,Cancelled
4277,551,9,2026-10-01 17:49:55,1,0.0,79.0,79.0,Completed
4278,1033,3,2026-10-01 17:56:38,1,0.0,499.0,499.0,Cancelled
4279,841,6,2026-10-01 17:48:25,1,0.0,199.0,199.0,Completed
4280,345,2,2026-10-01 18:01:12,5,0.0,745.0,745.0,Refunded
4281,1406,12,2026-10-01 18:05:32,1,0.0,59.0,59.0,Completed
4282,4,15,2026-10-01 17:56:37,1,0.0,349.0,349.0,Completed
4283,43,1,2026-10-01 17:49:56,1,0.0,49.0,49.0,Completed
4284,1463,7,2026-10-01 17:54:18,1,0.0,99.0,99.0,Cancelled
4285,10,1,2026-10-01 17:54:25,1,0.0,49.0,49.0,Cancelled
4286,185,2,2026-10-01 17:54:34,1,0.0,149.0,149.0,Completed
4287,48,10,2026-10-01 18:03:08,3,0.1,75.0,67.5,Refunded
4288,1163,13,2026-10-01 17:55:34,2,0.0,90.0,90.0,Completed
4289,285,11,2026-10-01 17:50:41,1,0.1,299.0,269.1,Cancelled
4290,1379,9,2026-10-01 17:52:10,3,0.0,237.0,237.0,Refunded
4291,1468,10,2026-10-01 17:58:22,1,0.0,25.0,25.0,Completed
4292,615,9,2026-10-01 17:59:51,5,0.2,395.0,316.0,Cancelled
4293,871,8,2026-10-01 17:53:29,5,0.0,75.0,75.0,Completed
4294,104,1,2026-10-01 17:54:33,3,0.1,147.0,132.3,Cancelled
4295,1055,5,2026-10-01 17:59:25,1,0.0,39.0,39.0,Completed
4296,199,12,2026-10-01 18:01:20,2,0.2,118.0,94.4,Completed
4297,197,9,2026-10-01 17:51:21,2,0.0,158.0,158.0,Cancelled
4298,1138,11,2026-10-01 18:03:35,1,0.0,299.0,299.0,Cancelled
4299,290,13,2026-10-01 17:50:21,1,0.1,45.0,40.5,Completed
4300,38,4,2026-10-01 18:03:29,1,0.1,19.0,17.1,Completed
4301,141,6,2026-10-01 17:48:00,1,0.05,199.0,189.05,Completed
4302,846,7,2026-10-01 17:54:38,1,0.0,99.0,99.0,Cancelled
4303,1244,10,2026-10-01 17:53:15,1,0.0,25.0,25.0,Completed
4304,829,7,2026-10-01 17:51:07,1,0.05,99.0,94.05,Completed
4305,120,9,2026-10-01 17:50:19,1,0.1,79.0,71.1,Completed
4306,286,12,2026-10-01 17:53:13,2,0.1,118.0,106.2,Cancelled
4307,312,15,2026-10-01 17:47:39,1,0.0,349.0,349.0,Refunded
4308,1222,15,2026-10-01 18:00:36,2,0.2,698.0,558.4,Completed
4309,801,3,2026-10-01 17:51:29,1,0.0,499.0,499.0,Completed
4310,1018,5,2026-10-01 17:55:07,1,0.1,39.0,35.1,Refunded
4311,466,13,2026-10-01 18:02:03,3,0.05,135.0,128.25,Completed
4312,843,5,2026-10-01 17:55:46,1,0.1,39.0,35.1,Completed
4313,931,1,2026-10-01 18:05:10,1,0.0,49.0,49.0,Cancelled
4314,194,13,2026-10-01 17:58:29,1,0.0,45.0,45.0,Completed
4315,220,9,2026-10-01 17:52:10,1,0.0,79.0,79.0,Completed
4316,1287,3,2026-10-01 18:03:36,2,0.2,998.0,798.4,Completed
4317,1157,1,2026-10-01 18:04:34,1,0.1,49.0,44.1,Refunded
4318,235,15,2026-10-01 17:59:25,1,0.0,349.0,349.0,Completed
4319,449,1,2026-10-01 18:00:29,1,0.0,49.0,49.0,Completed
4320,175,3,2026-10-01 17:51:47,1,0.0,499.0,499.0,Refunded
4321,178,1,2026-10-01 17:54:08,1,0.1,49.0,44.1,Completed
4322,411,15,2026-10-01 17:55:05,1,0.05,349.0,331.55,Refunded
4323,141,6,2026-10-01 18:02:55,1,0.0,199.0,199.0,Completed
4324,1091,12,2026-10-01 17:50:11,1,0.0,59.0,59.0,Refunded
4325,892,13,2026-10-01 17:57:46,1,0.2,45.0,36.0,Completed
4326,640,7,2026-10-01 17:58:07,2,0.2,198.0,158.4,Completed
4327,1342,3,2026-10-01 17:56:40,2,0.2,998.0,798.4,Refunded
4328,449,14,2026-10-01 17:49:19,1,0.0,10.0,10.0,Completed
4329,220,10,2026-10-01 17:53:24,1,0.0,25.0,25.0,Completed
4330,1023,12,2026-10-01 17:58:40,2,0.05,118.0,112.1,Completed
4331,1499,5,2026-10-01 17:49:16,1,0.0,39.0,39.0,Completed
4332,717,9,2026-10-01 17:52:27,3,0.0,237.0,237.0,Refunded
4333,1096,3,2026-10-01 18:01:09,1,0.0,499.0,499.0,Completed
4334,1392,3,2026-10-01 17:57:41,2,0.05,998.0,948.1,Completed
4335,808,8,2026-10-01 18:05:04,5,0.0,75.0,75.0,Refunded
4336,1441,13,2026-10-01 17:49:07,1,0.0,45.0,45.0,Refunded
4337,313,14,2026-10-01 17:50:52,1,0.2,10.0,8.0,Cancelled
4338,906,15,2026-10-01 18:02:22,5,0.1,1745.0,1570.5,Refunded
4339,1046,14,2026-10-01 17:57:03,2,0.05,20.0,19.0,Completed
4340,970,8,2026-10-01 17:57:22,2,0.05,30.0,28.5,Cancelled
4341,124,11,2026-10-01 17:49:27,1,0.0,299.0,299.0,Refunded
4342,223,13,2026-10-01 17:55:43,1,0.0,45.0,45.0,Refunded
4343,618,3,2026-10-01 18:03:04,1,0.0,499.0,499.0,Completed
4344,430,5,2026-10-01 17:54:38,1,0.05,39.0,37.05,Refunded
4345,1122,3,2026-10-01 17:56:11,3,0.0,1497.0,1497.0,Completed
4346,1305,7,2026-10-01 17:51:07,2,0.05,198.0,188.1,Completed
4347,336,6,2026-10-01 18:01:14,1,0.05,199.0,189.05,Completed
4348,819,11,2026-10-01 18:03:42,1,0.1,299.0,269.1,Completed
4349,254,2,2026-10-01 17:51:20,1,0.05,149.0,141.55,Completed
4350,1120,9,2026-10-01 17:52:29,1,0.0,79.0,79.0,Completed
4351,6,14,2026-10-01 18:03:27,1,0.0,10.0,10.0,Completed
4352,691,11,2026-10-01 18:04:42,1,0.0,299.0,299.0,Cancelled
4353,367,12,2026-10-01 18:05:10,1,0.0,59.0,59.0,Cancelled
4354,860,9,2026-10-01 17:53:27,1,0.0,79.0,79.0,Completed
4355,38,6,2026-10-01 17:54:01,2,0.1,398.0,358.2,Completed
4356,373,2,2026-10-01 17:50:12,1,0.1,149.0,134.1,Completed
4357,402,11,2026-10-01 17:48:07,2,0.0,598.0,598.0,Completed
4358,507,14,2026-10-01 17:53:09,1,0.05,10.0,9.5,Completed
4359,637,10,2026-10-01 17:50:47,2,0.0,50.0,50.0,Completed
4360,491,8,2026-10-01 18:04:25,1,0.05,15.0,14.25,Cancelled
4361,789,1,2026-10-01 17:53:52,5,0.0,245.0,245.0,Completed
4362,1432,4,2026-10-01 17:51:08,1,0.0,19.0,19.0,Cancelled
4363,1276,10,2026-10-01 17:54:15,3,0.0,75.0,75.0,Completed
4364,566,1,2026-10-01 17:56:33,3,0.0,147.0,147.0,Refunded
4365,240,4,2026-10-01 18:05:22,1,0.05,19.0,18.05,Completed
4366,1208,14,2026-10-01 18:01:58,1,0.05,10.0,9.5,Refunded
4367,94,13,2026-10-01 17:53:30,2,0.1,90.0,81.0,Refunded
4368,319,13,2026-10-01 17:59:15,5,0.0,225.0,225.0,Cancelled
4369,105,12,2026-10-01 18:04:25,1,0.0,59.0,59.0,Completed
4370,1303,8,2026-10-01 18:02:35,2,0.0,30.0,30.0,Completed
4371,20,11,2026-10-01 17:55:37,1,0.0,299.0,299.0,Refunded
4372,698,4,2026-10-01 18:02:11,1,0.0,19.0,19.0,Completed
4373,47,8,2026-10-01 17:55:33,3,0.0,45.0,45.0,Refunded
4374,1071,12,2026-10-01 17:55:56,1,0.0,59.0,59.0,Refunded
4375,1227,13,2026-10-01 17:51:34,1,0.0,45.0,45.0,Completed
4376,851,2,2026-10-01 18:05:14,1,0.0,149.0,149.0,Cancelled
4377,228,13,2026-10-01 17:53:41,1,0.2,45.0,36.0,Completed
4378,266,15,2026-10-01 17:58:31,1,0.0,349.0,349.0,Cancelled
4379,1298,7,2026-10-01 18:01:35,1,0.0,99.0,99.0,Completed
4380,1097,4,2026-10-01 17:48:38,1,0.1,19.0,17.1,Completed
4381,917,15,2026-10-01 17:59:12,1,0.1,349.0,314.1,Completed
4382,373,13,2026-10-01 17:55:27,1,0.0,45.0,45.0,Cancelled
4383,751,13,2026-10-01 18:02:59,1,0.1,45.0,40.5,Cancelled
4384,65,1,2026-10-01 17:48:25,1,0.0,49.0,49.0,Completed
4385,398,13,2026-10-01 18:04:28,2,0.0,90.0,90.0,Refunded
4386,382,3,2026-10-01 18:02:16,3,0.0,1497.0,1497.0,Cancelled
4387,78,13,2026-10-01 18:01:23,5,0.05,225.0,213.75,Refunded
4388,1130,6,2026-10-01 17:51:42,2,0.0,398.0,398.0,Refunded
4389,41,7,2026-10-01 18:03:07,2,0.05,198.0,188.1,Completed
4390,136,7,2026-10-01 18:03:58,1,0.0,99.0,99.0,Cancelled
4391,747,12,2026-10-01 17:49:44,2,0.1,118.0,106.2,Completed
4392,184,6,2026-10-01 18:01:23,1,0.0,199.0,199.0,Refunded
4393,611,14,2026-10-01 18:04:35,1,0.0,10.0,10.0,Refunded
4394,20,4,2026-10-01 17:55:42,1,0.0,19.0,19.0,Cancelled
4395,529,15,2026-10-01 18:01:28,2,0.0,698.0,698.0,Completed
4396,1440,12,2026-10-01 18:05:20,1,0.05,59.0,56.05,Completed
4397,1184,3,2026-10-01 17:52:39,1,0.1,499.0,449.1,Cancelled
4398,136,4,2026-10-01 17:48:10,1,0.0,19.0,19.0,Completed
4399,871,10,2026-10-01 18:00:06,2,0.0,50.0,50.0,Completed
4400,648,14,2026-10-01 17:47:43,1,0.0,10.0,10.0,Completed
4401,146,7,2026-10-01 18:00:29,1,0.0,99.0,99.0,Cancelled
4402,795,12,2026-10-01 17:52:33,1,0.05,59.0,56.05,Completed
4403,474,11,2026-10-01 17:50:31,2,0.05,598.0,568.1,Completed
4404,477,5,2026-10-01 17:53:29,1,0.0,39.0,39.0,Completed
4405,35,14,2026-10-01 17:53:48,1,0.05,10.0,9.5,Refunded
4406,862,5,2026-10-01 17:55:17,2,0.0,78.0,78.0,Cancelled
4407,1199,13,2026-10-01 17:59:34,1,0.2,45.0,36.0,Completed
4408,968,4,2026-10-01 17:58:50,1,0.0,19.0,19.0,Completed
4409,281,9,2026-10-01 17:53:05,2,0.1,158.0,142.2,Refunded
4410,675,13,2026-10-01 17:50:35,1,0.0,45.0,45.0,Completed
4411,1153,8,2026-10-01 18:01:04,1,0.0,15.0,15.0,Completed
4412,317,7,2026-10-01 18:00:08,2,0.05,198.0,188.1,Cancelled
4413,946,3,2026-10-01 17:48:09,1,0.0,499.0,499.0,Completed
4414,606,13,2026-10-01 17:59:05,1,0.05,45.0,42.75,Completed
4415,574,7,2026-10-01 18:02:55,2,0.0,198.0,198.0,Completed
4416,734,2,2026-10-01 17:51:13,1,0.0,149.0,149.0,Completed
4417,126,14,2026-10-01 17:56:41,1,0.0,10.0,10.0,Refunded
4418,540,13,2026-10-01 18:01:28,1,0.0,45.0,45.0,Completed
4419,986,11,2026-10-01 17:52:46,2,0.0,598.0,598.0,Refunded
4420,652,5,2026-10-01 17:50:08,3,0.0,117.0,117.0,Completed
4421,906,5,2026-10-01 18:05:29,2,0.1,78.0,70.2,Cancelled
4422,665,12,2026-10-01 17:53:35,1,0.0,59.0,59.0,Completed
4423,332,10,2026-10-01 17:50:07,1,0.0,25.0,25.0,Refunded
4424,1404,9,2026-10-01 17:52:23,1,0.0,79.0,79.0,Refunded
4425,381,9,2026-10-01 17:58:49,1,0.0,79.0,79.0,Completed
4426,919,7,2026-10-01 18:01:13,1,0.0,99.0,99.0,Refunded
4427,1337,15,2026-10-01 18:03:14,1,0.0,349.0,349.0,Refunded
4428,139,14,2026-10-01 17:48:59,2,0.0,20.0,20.0,Completed
4429,427,12,2026-10-01 17:56:48,1,0.1,59.0,53.1,Refunded
4430,856,12,2026-10-01 17:55:40,1,0.05,59.0,56.05,Completed
4431,1084,7,2026-10-01 18:02:19,2,0.1,198.0,178.2,Cancelled
4432,107,7,2026-10-01 17:57:30,2,0.05,198.0,188.1,Completed
4433,1059,15,2026-10-01 17:48:12,3,0.2,1047.0,837.6,Cancelled
4434,1392,4,2026-10-01 17:53:03,1,0.05,19.0,18.05,Completed
4435,482,5,2026-10-01 17:51:58,1,0.05,39.0,37.05,Cancelled
4436,1237,13,2026-10-01 17:48:56,1,0.0,45.0,45.0,Refunded
4437,172,15,2026-10-01 17:58:56,1,0.1,349.0,314.1,Refunded
4438,528,13,2026-10-01 17:48:48,1,0.0,45.0,45.0,Completed
4439,843,8,2026-10-01 17:55:29,1,0.0,15.0,15.0,Cancelled
4440,949,8,2026-10-01 18:02:26,2,0.0,30.0,30.0,Completed
4441,894,14,2026-10-01 17:56:12,1,0.05,10.0,9.5,Completed
4442,495,14,2026-10-01 18:04:58,2,0.0,20.0,20.0,Completed
4443,977,4,2026-10-01 17:57:36,2,0.05,38.0,36.1,Completed
4444,933,12,2026-10-01 17:52:05,1,0.0,59.0,59.0,Completed
4445,360,11,2026-10-01 17:57:49,1,0.0,299.0,299.0,Completed
4446,952,14,2026-10-01 17:59:10,1,0.1,10.0,9.0,Refunded
4447,1243,2,2026-10-01 18:05:07,3,0.0,447.0,447.0,Completed
4448,118,13,2026-10-01 17:49:54,1,0.05,45.0,42.75,Cancelled
4449,762,2,2026-10-01 17:50:31,1,0.1,149.0,134.1,Refunded
4450,1182,9,2026-10-01 17:57:19,1,0.0,79.0,79.0,Completed
4451,871,10,2026-10-01 17:59:29,1,0.0,25.0,25.0,Completed
4452,384,1,2026-10-01 18:03:04,2,0.05,98.0,93.1,Cancelled
4453,1126,1,2026-10-01 18:04:58,1,0.2,49.0,39.2,Completed
4454,378,11,2026-10-01 18:03:16,1,0.0,299.0,299.0,Completed
4455,125,7,2026-10-01 17:48:52,1,0.1,99.0,89.1,Refunded
4456,952,15,2026-10-01 18:02:42,2,0.0,698.0,698.0,Completed
4457,165,7,2026-10-01 17:50:46,3,0.0,297.0,297.0,Completed
4458,702,11,2026-10-01 17:59:50,1,0.0,299.0,299.0,Cancelled
4459,407,4,2026-10-01 17:53:45,1,0.1,19.0,17.1,Completed
4460,520,15,2026-10-01 17:55:40,1,0.0,349.0,349.0,Completed
4461,903,3,2026-10-01 18:01:21,1,0.05,499.0,474.05,Refunded
4462,495,15,2026-10-01 18:02:55,1,0.0,349.0,349.0,Cancelled
4463,67,12,2026-10-01 18:00:58,1,0.1,59.0,53.1,Completed
4464,125,3,2026-10-01 18:03:57,2,0.05,998.0,948.1,Cancelled
4465,1127,6,2026-10-01 17:54:20,1,0.05,199.0,189.05,Cancelled
4466,461,3,2026-10-01 17:54:01,1,0.0,499.0,499.0,Refunded
4467,370,9,2026-10-01 17:48:32,2,0.0,158.0,158.0,Cancelled
4468,242,14,2026-10-01 18:03:04,1,0.0,10.0,10.0,Completed
4469,612,13,2026-10-01 17:57:01,1,0.0,45.0,45.0,Completed
4470,882,12,2026-10-01 18:00:38,1,0.0,59.0,59.0,Completed
4471,352,8,2026-10-01 17:50:18,2,0.0,30.0,30.0,Completed
4472,729,4,2026-10-01 17:49:49,1,0.0,19.0,19.0,Cancelled
4473,766,1,2026-10-01 18:03:23,1,0.0,49.0,49.0,Cancelled
4474,891,5,2026-10-01 18:04:32,2,0.0,78.0,78.0,Refunded
4475,745,13,2026-10-01 18:04:27,1,0.1,45.0,40.5,Completed
4476,92,9,2026-10-01 18:00:46,1,0.05,79.0,75.05,Completed
4477,1158,14,2026-10-01 17:52:46,2,0.0,20.0,20.0,Completed
4478,382,13,2026-10-01 18:02:32,1,0.0,45.0,45.0,Completed
4479,488,10,2026-10-01 18:04:54,1,0.0,25.0,25.0,Cancelled
4480,71,10,2026-10-01 18:04:37,1,0.1,25.0,22.5,Completed
4481,395,4,2026-10-01 17:52:54,1,0.0,19.0,19.0,Completed
4482,502,6,2026-10-01 17:52:04,1,0.0,199.0,199.0,Completed
4483,1336,13,2026-10-01 17:58:34,1,0.1,45.0,40.5,Completed
4484,233,10,2026-10-01 18:05:16,2,0.0,50.0,50.0,Completed
4485,581,6,2026-10-01 17:54:20,2,0.05,398.0,378.1,Completed
4486,463,14,2026-10-01 18:04:30,1,0.0,10.0,10.0,Cancelled
4487,1148,5,2026-10-01 17:48:57,1,0.0,39.0,39.0,Completed
4488,503,4,2026-10-01 17:58:30,2,0.0,38.0,38.0,Completed
4489,808,15,2026-10-01 18:05:32,1,0.0,349.0,349.0,Completed
4490,1101,1,2026-10-01 17:47:40,1,0.05,49.0,46.55,Cancelled
4491,1322,4,2026-10-01 18:01:15,1,0.1,19.0,17.1,Completed
4492,554,2,2026-10-01 17:54:00,1,0.0,149.0,149.0,Refunded
4493,683,13,2026-10-01 17:55:45,1,0.0,45.0,45.0,Cancelled
4494,1232,10,2026-10-01 18:00:14,1,0.0,25.0,25.0,Completed
4495,498,8,2026-10-01 17:49:25,1,0.0,15.0,15.0,Refunded
4496,633,10,2026-10-01 17:56:50,1,0.0,25.0,25.0,Completed
4497,787,3,2026-10-01 17:48:40,1,0.1,499.0,449.1,Completed
4498,1160,4,2026-10-01 17:59:57,3,0.0,57.0,57.0,Completed
4499,1201,3,2026-10-01 18:00:58,1,0.0,499.0,499.0,Completed
4500,205,8,2026-10-01 18:00:39,1,0.05,15.0,14.25,Completed
4501,868,14,2026-10-01 17:58:58,3,0.0,30.0,30.0,Completed
4502,1368,14,2026-10-01 18:03:14,1,0.1,10.0,9.0,Completed
4503,785,2,2026-10-01 17:48:57,2,0.0,298.0,298.0,Completed
4504,1272,7,2026-10-01 17:48:41,1,0.1,99.0,89.1,Completed
4505,55,1,2026-10-01 17:51:54,1,0.0,49.0,49.0,Cancelled
4506,551,6,2026-10-01 17:53:22,2,0.0,398.0,398.0,Completed
4507,341,12,2026-10-01 17:57:11,1,0.0,59.0,59.0,Completed
4508,680,6,2026-10-01 17:53:39,1,0.0,199.0,199.0,Completed
4509,1475,13,2026-10-01 17:59:20,1,0.0,45.0,45.0,Completed
4510,614,4,2026-10-01 18:00:26,1,0.0,19.0,19.0,Refunded
4511,994,15,2026-10-01 17:56:48,1,0.05,349.0,331.55,Completed
4512,955,10,2026-10-01 17:56:13,3,0.0,75.0,75.0,Completed
4513,269,3,2026-10-01 17:53:52,3,0.0,1497.0,1497.0,Completed
4514,1451,14,2026-10-01 18:05:31,1,0.05,10.0,9.5,Completed
4515,1435,15,2026-10-01 18:01:04,1,0.0,349.0,349.0,Completed
4516,16,5,2026-10-01 18:03:22,2,0.0,78.0,78.0,Completed
4517,884,8,2026-10-01 18:01:06,1,0.1,15.0,13.5,Completed
4518,428,15,2026-10-01 17:54:20,1,0.0,349.0,349.0,Cancelled
4519,1144,7,2026-10-01 17:52:26,1,0.0,99.0,99.0,Cancelled
4520,118,3,2026-10-01 17:59:41,1,0.05,499.0,474.05,Completed
4521,888,5,2026-10-01 17:57:41,1,0.0,39.0,39.0,Cancelled
4522,736,12,2026-10-01 17:53:59,1,0.0,59.0,59.0,Cancelled
4523,352,13,2026-10-01 17:56:04,1,0.0,45.0,45.0,Refunded
4524,277,7,2026-10-01 17:52:11,2,0.0,198.0,198.0,Cancelled
4525,546,7,2026-10-01 17:56:50,1,0.05,99.0,94.05,Completed
4526,743,5,2026-10-01 18:01:00,3,0.1,117.0,105.3,Completed
4527,765,2,2026-10-01 17:55:14,2,0.0,298.0,298.0,Cancelled
4528,326,3,2026-10-01 17:54:17,1,0.0,499.0,499.0,Completed
4529,1093,3,2026-10-01 17:51:10,1,0.05,499.0,474.05,Refunded
4530,345,13,2026-10-01 17:59:15,2,0.0,90.0,90.0,Completed
4531,1132,7,2026-10-01 18:01:28,1,0.05,99.0,94.05,Completed
4532,1324,1,2026-10-01 17:53:15,1,0.1,49.0,44.1,Completed
4533,504,15,2026-10-01 17:56:32,1,0.0,349.0,349.0,Cancelled
4534,359,10,2026-10-01 17:50:22,1,0.0,25.0,25.0,Refunded
4535,808,3,2026-10-01 17:58:50,2,0.0,998.0,998.0,Completed
4536,840,7,2026-10-01 17:54:01,1,0.1,99.0,89.1,Completed
4537,108,10,2026-10-01 17:59:10,1,0.0,25.0,25.0,Completed
4538,978,14,2026-10-01 18:04:08,1,0.0,10.0,10.0,Completed
4539,1259,2,2026-10-01 17:53:43,1,0.05,149.0,141.55,Cancelled
4540,450,4,2026-10-01 17:59:22,1,0.0,19.0,19.0,Cancelled
4541,364,3,2026-10-01 18:00:55,1,0.1,499.0,449.1,Completed
4542,178,10,2026-10-01 17:53:22,1,0.1,25.0,22.5,Completed
4543,860,1,2026-10-01 17:53:30,3,0.0,147.0,147.0,Refunded
4544,1350,1,2026-10-01 18:01:25,1,0.0,49.0,49.0,Completed
4545,1404,12,2026-10-01 17:55:12,1,0.1,59.0,53.1,Refunded
4546,893,14,2026-10-01 17:55:14,1,0.0,10.0,10.0,Cancelled
4547,1461,6,2026-10-01 17:59:22,1,0.0,199.0,199.0,Completed
4548,949,3,2026-10-01 18:00:16,1,0.0,499.0,499.0,Refunded
4549,872,11,2026-10-01 17:51:08,1,0.0,299.0,299.0,Completed
4550,422,14,2026-10-01 17:55:16,2,0.05,20.0,19.0,Completed
4551,26,11,2026-10-01 18:04:52,3,0.05,897.0,852.15,Completed
4552,1460,2,2026-10-01 17:51:16,3,0.0,447.0,447.0,Completed
4553,1466,2,2026-10-01 18:01:00,1,0.0,149.0,149.0,Completed
4554,239,15,2026-10-01 18:00:15,2,0.0,698.0,698.0,Refunded
4555,963,11,2026-10-01 18:00:08,2,0.0,598.0,598.0,Refunded
4556,861,15,2026-10-01 17:48:31,3,0.0,1047.0,1047.0,Completed
4557,515,10,2026-10-01 18:04:21,1,0.05,25.0,23.75,Completed
4558,569,15,2026-10-01 18:05:21,1,0.0,349.0,349.0,Completed
4559,697,2,2026-10-01 17:56:37,1,0.0,149.0,149.0,Completed
4560,1013,10,2026-10-01 18:00:50,1,0.0,25.0,25.0,Completed
4561,1429,3,2026-10-01 17:58:43,1,0.0,499.0,499.0,Cancelled
4562,449,8,2026-10-01 17:48:11,1,0.05,15.0,14.25,Completed
4563,1017,3,2026-10-01 17:58:35,1,0.0,499.0,499.0,Completed
4564,403,9,2026-10-01 18:04:17,2,0.0,158.0,158.0,Refunded
4565,1168,13,2026-10-01 17:57:27,5,0.0,225.0,225.0,Completed
4566,1098,6,2026-10-01 17:56:34,2,0.0,398.0,398.0,Completed
4567,857,9,2026-10-01 17:55:18,1,0.0,79.0,79.0,Refunded
4568,355,4,2026-10-01 17:47:54,1,0.05,19.0,18.05,Completed
4569,130,11,2026-10-01 17:54:16,1,0.2,299.0,239.2,Cancelled
4570,695,4,2026-10-01 17:58:06,1,0.0,19.0,19.0,Completed
4571,987,12,2026-10-01 17:51:44,3,0.0,177.0,177.0,Refunded
4572,1488,5,2026-10-01 18:05:08,1,0.05,39.0,37.05,Cancelled
4573,33,14,2026-10-01 17:50:11,2,0.0,20.0,20.0,Completed
4574,977,9,2026-10-01 17:51:30,1,0.05,79.0,75.05,Completed
4575,625,8,2026-10-01 18:04:04,2,0.05,30.0,28.5,Completed
4576,602,4,2026-10-01 18:04:10,1,0.2,19.0,15.2,Cancelled
4577,537,5,2026-10-01 17:53:16,1,0.0,39.0,39.0,Refunded
4578,169,9,2026-10-01 17:49:15,2,0.1,158.0,142.2,Completed
4579,852,5,2026-10-01 17:54:26,2,0.1,78.0,70.2,Completed
4580,1392,15,2026-10-01 18:05:27,1,0.0,349.0,349.0,Cancelled
4581,138,6,2026-10-01 17:59:02,1,0.1,199.0,179.1,Completed
4582,1064,6,2026-10-01 17:55:42,2,0.05,398.0,378.1,Cancelled
4583,69,1,2026-10-01 17:56:50,1,0.0,49.0,49.0,Completed
4584,1182,14,2026-10-01 17:48:56,1,0.05,10.0,9.5,Completed
4585,686,1,2026-10-01 17:50:35,1,0.05,49.0,46.55,Cancelled
4586,789,1,2026-10-01 18:00:04,1,0.0,49.0,49.0,Refunded
4587,878,1,2026-10-01 17:54:49,1,0.0,49.0,49.0,Completed
4588,910,5,2026-10-01 18:01:06,3,0.0,117.0,117.0,Completed
4589,433,1,2026-10-01 17:58:08,1,0.05,49.0,46.55,Completed
4590,46,14,2026-10-01 17:50:39,1,0.05,10.0,9.5,Completed
4591,1123,15,2026-10-01 17:58:45,1,0.05,349.0,331.55,Refunded
4592,841,15,2026-10-01 17:57:40,2,0.1,698.0,628.2,Completed
4593,167,10,2026-10-01 18:03:08,1,0.0,25.0,25.0,Cancelled
4594,1326,9,2026-10-01 17:51:19,1,0.0,79.0,79.0,Completed
4595,1385,10,2026-10-01 17:58:48,2,0.0,50.0,50.0,Refunded
4596,421,10,2026-10-01 17:58:50,1,0.0,25.0,25.0,Completed
4597,1427,9,2026-10-01 17:54:33,1,0.1,79.0,71.1,Cancelled
4598,987,7,2026-10-01 17:51:18,1,0.1,99.0,89.1,Completed
4599,45,14,2026-10-01 17:55:02,1,0.0,10.0,10.0,Completed
4600,285,14,2026-10-01 17:53:34,1,0.0,10.0,10.0,Completed
4601,1327,14,2026-10-01 18:00:08,1,0.05,10.0,9.5,Completed
4602,1117,14,2026-10-01 17:54:58,1,0.05,10.0,9.5,Completed
4603,834,7,2026-10-01 18:01:58,1,0.1,99.0,89.1,Completed
4604,824,13,2026-10-01 18:03:53,1,0.1,45.0,40.5,Completed
4605,972,4,2026-10-01 18:05:33,3,0.0,57.0,57.0,Completed
4606,1043,14,2026-10-01 17:50:58,1,0.05,10.0,9.5,Cancelled
4607,1099,15,2026-10-01 17:55:46,1,0.0,349.0,349.0,Completed
4608,858,12,2026-10-01 18:02:11,1,0.1,59.0,53.1,Completed
4609,478,8,2026-10-01 18:02:55,1,0.05,15.0,14.25,Completed
4610,1094,7,2026-10-01 17:58:28,2,0.0,198.0,198.0,Completed
4611,352,7,2026-10-01 17:49:12,1,0.0,99.0,99.0,Completed
4612,1471,12,2026-10-01 17:48:11,1,0.05,59.0,56.05,Completed
4613,179,11,2026-10-01 17:56:43,2,0.2,598.0,478.4,Completed
4614,1408,11,2026-10-01 17:52:45,1,0.0,299.0,299.0,Completed
4615,735,13,2026-10-01 17:51:22,1,0.2,45.0,36.0,Refunded
4616,55,7,2026-10-01 17:57:19,1,0.0,99.0,99.0,Completed
4617,1104,8,2026-10-01 17:50:37,1,0.0,15.0,15.0,Cancelled
4618,1087,3,2026-10-01 17:48:51,3,0.0,1497.0,1497.0,Cancelled
4619,1050,12,2026-10-01 17:59:43,2,0.05,118.0,112.1,Completed
4620,112,12,2026-10-01 17:53:42,1,0.1,59.0,53.1,Completed
4621,955,12,2026-10-01 18:03:14,1,0.0,59.0,59.0,Cancelled
4622,12,7,2026-10-01 18:00:43,1,0.2,99.0,79.2,Completed
4623,1359,4,2026-10-01 17:51:48,1,0.0,19.0,19.0,Cancelled
4624,1188,14,2026-10-01 18:05:31,2,0.1,20.0,18.0,Completed
4625,211,7,2026-10-01 18:03:47,1,0.0,99.0,99.0,Cancelled
4626,1481,11,2026-10-01 17:49:42,1,0.1,299.0,269.1,Cancelled
4627,191,6,2026-10-01 17:52:08,1,0.1,199.0,179.1,Completed
4628,235,8,2026-10-01 18:03:57,1,0.0,15.0,15.0,Completed
4629,845,11,2026-10-01 17:47:52,1,0.0,299.0,299.0,Completed
4630,417,1,2026-10-01 17:56:55,1,0.0,49.0,49.0,Cancelled
4631,1312,15,2026-10-01 17:59:58,2,0.1,698.0,628.2,Refunded
4632,327,7,2026-10-01 17:52:04,1,0.0,99.0,99.0,Refunded
4633,1127,3,2026-10-01 17:55:40,1,0.05,499.0,474.05,Completed
4634,1079,6,2026-10-01 18:05:12,2,0.0,398.0,398.0,Completed
4635,938,3,2026-10-01 18:05:37,1,0.05,499.0,474.05,Completed
4636,1158,3,2026-10-01 17:59:32,1,0.0,499.0,499.0,Completed
4637,182,2,2026-10-01 18:01:22,1,0.0,149.0,149.0,Cancelled
4638,1404,2,2026-10-01 17:53:12,2,0.1,298.0,268.2,Refunded
4639,226,3,2026-10-01 17:52:19,2,0.0,998.0,998.0,Completed
4640,32,9,2026-10-01 17:58:56,1,0.0,79.0,79.0,Completed
4641,492,10,2026-10-01 18:02:15,1,0.0,25.0,25.0,Completed
4642,863,4,2026-10-01 18:01:51,1,0.1,19.0,17.1,Completed
4643,552,4,2026-10-01 17:49:38,1,0.0,19.0,19.0,Completed
4644,1315,5,2026-10-01 17:58:43,1,0.0,39.0,39.0,Refunded
4645,13,2,2026-10-01 18:04:56,1,0.05,149.0,141.55,Completed
4646,1356,15,2026-10-01 18:01:49,1,0.0,349.0,349.0,Completed
4647,441,7,2026-10-01 18:03:00,1,0.0,99.0,99.0,Completed
4648,457,8,2026-10-01 18:02:44,1,0.0,15.0,15.0,Cancelled
4649,546,10,2026-10-01 17:57:11,1,0.1,25.0,22.5,Completed
4650,512,10,2026-10-01 17:57:50,1,0.05,25.0,23.75,Completed
4651,271,15,2026-10-01 17:53:22,2,0.0,698.0,698.0,Completed
4652,273,14,2026-10-01 17:52:22,2,0.05,20.0,19.0,Completed
4653,721,6,2026-10-01 18:04:28,1,0.05,199.0,189.05,Completed
4654,1027,13,2026-10-01 17:59:10,1,0.0,45.0,45.0,Refunded
4655,753,13,2026-10-01 18:05:03,3,0.05,135.0,128.25,Completed
4656,820,14,2026-10-01 17:59:09,2,0.1,20.0,18.0,Cancelled
4657,1120,3,2026-10-01 17:57:11,1,0.1,499.0,449.1,Cancelled
4658,926,8,2026-10-01 17:59:14,1,0.0,15.0,15.0,Refunded
4659,842,3,2026-10-01 18:02:03,5,0.2,2495.0,1996.0,Completed
4660,877,1,2026-10-01 18:00:03,1,0.1,49.0,44.1,Cancelled
4661,1280,9,2026-10-01 17:58:28,1,0.0,79.0,79.0,Completed
4662,764,10,2026-10-01 17:57:28,1,0.1,25.0,22.5,Completed
4663,277,12,2026-10-01 17:53:43,1,0.0,59.0,59.0,Cancelled
4664,1075,7,2026-10-01 18:04:47,1,0.2,99.0,79.2,Cancelled
4665,1270,3,2026-10-01 17:52:02,1,0.0,499.0,499.0,Completed
4666,930,15,2026-10-01 17:58:02,1,0.0,349.0,349.0,Completed
4667,707,7,2026-10-01 17:51:42,1,0.0,99.0,99.0,Cancelled
4668,1347,14,2026-10-01 17:50:28,1,0.1,10.0,9.0,Cancelled
4669,1123,4,2026-10-01 18:02:15,1,0.05,19.0,18.05,Refunded
4670,819,9,2026-10-01 17:58:59,1,0.05,79.0,75.05,Refunded
4671,1252,3,2026-10-01 17:48:31,1,0.05,499.0,474.05,Completed
4672,617,2,2026-10-01 17:52:17,1,0.0,149.0,149.0,Completed
4673,1072,14,2026-10-01 17:47:51,2,0.1,20.0,18.0,Completed
4674,196,6,2026-10-01 17:48:59,1,0.0,199.0,199.0,Completed
4675,1228,2,2026-10-01 17:49:06,1,0.0,149.0,149.0,Completed
4676,61,1,2026-10-01 17:52:58,2,0.0,98.0,98.0,Completed
4677,1337,11,2026-10-01 17:58:07,1,0.1,299.0,269.1,Completed
4678,1264,12,2026-10-01 18:00:21,2,0.0,118.0,118.0,Completed
4679,1336,11,2026-10-01 17:55:29,1,0.0,299.0,299.0,Completed
4680,1498,15,2026-10-01 17:55:34,1,0.0,349.0,349.0,Completed
4681,35,4,2026-10-01 17:50:07,1,0.0,19.0,19.0,Completed
4682,312,15,2026-10-01 17:55:43,1,0.0,349.0,349.0,Completed
4683,68,10,2026-10-01 17:52:07,1,0.0,25.0,25.0,Completed
4684,1375,7,2026-10-01 17:51:36,1,0.05,99.0,94.05,Completed
4685,608,15,2026-10-01 17:58:46,1,0.05,349.0,331.55,Completed
4686,114,9,2026-10-01 17:58:28,1,0.0,79.0,79.0,Completed
4687,64,10,2026-10-01 17:50:00,3,0.2,75.0,60.0,Refunded
4688,1247,13,2026-10-01 17:54:45,1,0.1,45.0,40.5,Cancelled
4689,1271,7,2026-10-01 17:47:50,1,0.1,99.0,89.1,Cancelled
4690,70,11,2026-10-01 17:58:42,5,0.0,1495.0,1495.0,Cancelled
4691,270,15,2026-10-01 17:59:15,1,0.0,349.0,349.0,Completed
4692,504,11,2026-10-01 18:04:03,3,0.0,897.0,897.0,Refunded
4693,838,2,2026-10-01 17:48:48,3,0.0,447.0,447.0,Completed
4694,984,3,2026-10-01 18:05:27,2,0.05,998.0,948.1,Completed
4695,14,5,2026-10-01 17:54:36,1,0.1,39.0,35.1,Refunded
4696,528,2,2026-10-01 18:02:10,2,0.0,298.0,298.0,Completed
4697,1345,4,2026-10-01 17:53:52,1,0.05,19.0,18.05,Refunded
4698,199,1,2026-10-01 17:51:04,1,0.0,49.0,49.0,Completed
4699,1316,3,2026-10-01 17:57:20,1,0.2,499.0,399.2,Completed
4700,128,4,2026-10-01 17:58:00,1,0.05,19.0,18.05,Completed
4701,93,3,2026-10-01 17:57:21,1,0.1,499.0,449.1,Cancelled
4702,1224,12,2026-10-01 18:05:23,1,0.0,59.0,59.0,Refunded
4703,397,4,2026-10-01 18:05:33,1,0.0,19.0,19.0,Completed
4704,602,14,2026-10-01 18:00:43,5,0.0,50.0,50.0,Refunded
4705,587,9,2026-10-01 18:00:49,1,0.05,79.0,75.05,Refunded
4706,884,1,2026-10-01 18:04:23,1,0.2,49.0,39.2,Refunded
4707,264,13,2026-10-01 17:52:34,1,0.2,45.0,36.0,Completed
4708,1417,14,2026-10-01 18:04:42,1,0.0,10.0,10.0,Cancelled
4709,147,13,2026-10-01 17:55:13,1,0.0,45.0,45.0,Cancelled
4710,732,2,2026-10-01 18:02:05,1,0.0,149.0,149.0,Completed
4711,1103,10,2026-10-01 18:02:58,1,0.0,25.0,25.0,Refunded
4712,395,5,2026-10-01 18:02:42,1,0.1,39.0,35.1,Cancelled
4713,726,9,2026-10-01 17:57:38,1,0.0,79.0,79.0,Completed
4714,1493,12,2026-10-01 18:01:45,2,0.0,118.0,118.0,Refunded
4715,534,5,2026-10-01 17:52:45,2,0.05,78.0,74.1,Completed
4716,510,10,2026-10-01 17:47:52,1,0.1,25.0,22.5,Completed
4717,1325,8,2026-10-01 17:52:04,2,0.0,30.0,30.0,Completed
4718,24,10,2026-10-01 18:00:09,1,0.1,25.0,22.5,Completed
4719,1469,5,2026-10-01 18:05:14,1,0.0,39.0,39.0,Cancelled
4720,566,1,2026-10-01 17:53:22,5,0.0,245.0,245.0,Cancelled
4721,307,3,2026-10-01 18:00:14,1,0.0,499.0,499.0,Completed
4722,1206,7,2026-10-01 17:57:28,1,0.0,99.0,99.0,Completed
4723,489,9,2026-10-01 17:54:47,1,0.1,79.0,71.1,Cancelled
4724,818,11,2026-10-01 17:50:01,3,0.05,897.0,852.15,Completed
4725,1352,8,2026-10-01 18:05:35,1,0.0,15.0,15.0,Refunded
4726,659,3,2026-10-01 17:55:06,1,0.0,499.0,499.0,Refunded
4727,579,12,2026-10-01 17:53:33,1,0.05,59.0,56.05,Completed
4728,1480,4,2026-10-01 17:51:15,1,0.0,19.0,19.0,Completed
4729,114,15,2026-10-01 17:52:12,1,0.2,349.0,279.2,Completed
4730,540,14,2026-10-01 17:54:08,1,0.1,10.0,9.0,Completed
4731,885,8,2026-10-01 17:49:47,1,0.05,15.0,14.25,Cancelled
4732,1144,8,2026-10-01 17:51:57,5,0.0,75.0,75.0,Completed
4733,85,11,2026-10-01 17:54:28,2,0.0,598.0,598.0,Cancelled
4734,190,9,2026-10-01 17:52:32,2,0.1,158.0,142.2,Completed
4735,456,2,2026-10-01 17:47:53,1,0.05,149.0,141.55,Completed
4736,799,7,2026-10-01 17:58:03,1,0.0,99.0,99.0,Completed
4737,1134,6,2026-10-01 17:50:48,1,0.0,199.0,199.0,Refunded
4738,494,3,2026-10-01 17:49:39,1,0.0,499.0,499.0,Refunded
4739,67,5,2026-10-01 18:00:31,5,0.05,195.0,185.25,Completed
4740,301,1,2026-10-01 17:47:55,1,0.05,49.0,46.55,Refunded
4741,1389,1,2026-10-01 17:50:43,1,0.2,49.0,39.2,Completed
4742,1457,5,2026-10-01 18:05:23,1,0.05,39.0,37.05,Completed
4743,1090,11,2026-10-01 17:56:00,2,0.05,598.0,568.1,Completed
4744,164,8,2026-10-01 18:01:49,2,0.0,30.0,30.0,Completed
4745,1265,10,2026-10-01 17:56:36,1,0.0,25.0,25.0,Completed
4746,863,15,2026-10-01 18:04:21,2,0.1,698.0,628.2,Refunded
4747,271,14,2026-10-01 17:53:06,1,0.0,10.0,10.0,Cancelled
4748,770,15,2026-10-01 17:54:36,1,0.0,349.0,349.0,Completed
4749,283,12,2026-10-01 18:03:27,1,0.05,59.0,56.05,Completed
4750,34,3,2026-10-01 17:59:25,1,0.1,499.0,449.1,Refunded
4751,13,4,2026-10-01 17:48:28,3,0.0,57.0,57.0,Completed
4752,678,15,2026-10-01 17:53:17,2,0.0,698.0,698.0,Completed
4753,812,7,2026-10-01 18:03:44,1,0.1,99.0,89.1,Completed
4754,91,3,2026-10-01 18:01:26,2,0.1,998.0,898.2,Completed
4755,1326,11,2026-10-01 18:05:21,1,0.1,299.0,269.1,Cancelled
4756,1117,10,2026-10-01 17:50:37,1,0.1,25.0,22.5,Cancelled
4757,90,10,2026-10-01 18:03:12,1,0.0,25.0,25.0,Completed
4758,1309,1,2026-10-01 17:53:41,1,0.0,49.0,49.0,Cancelled
4759,538,6,2026-10-01 17:53:49,1,0.0,199.0,199.0,Refunded
4760,760,10,2026-10-01 17:59:35,1,0.0,25.0,25.0,Completed
4761,230,10,2026-10-01 18:04:02,1,0.0,25.0,25.0,Refunded
4762,86,1,2026-10-01 18:03:29,1,0.0,49.0,49.0,Completed
4763,273,14,2026-10-01 17:58:36,3,0.0,30.0,30.0,Refunded
4764,605,11,2026-10-01 17:56:32,1,0.1,299.0,269.1,Cancelled
4765,281,1,2026-10-01 18:00:02,1,0.05,49.0,46.55,Cancelled
4766,577,12,2026-10-01 17:56:43,1,0.0,59.0,59.0,Cancelled
4767,186,2,2026-10-01 18:04:09,1,0.05,149.0,141.55,Completed
4768,1472,9,2026-10-01 17:52:16,1,0.0,79.0,79.0,Completed
4769,1085,4,2026-10-01 18:00:35,1,0.1,19.0,17.1,Completed
4770,677,7,2026-10-01 17:52:55,5,0.0,495.0,495.0,Completed
4771,1223,13,2026-10-01 17:48:45,1,0.0,45.0,45.0,Refunded
4772,1263,8,2026-10-01 17:58:45,1,0.05,15.0,14.25,Refunded
4773,25,4,2026-10-01 17:52:30,3,0.0,57.0,57.0,Refunded
4774,286,5,2026-10-01 17:50:43,1,0.0,39.0,39.0,Completed
4775,607,8,2026-10-01 18:05:05,2,0.0,30.0,30.0,Refunded
4776,832,1,2026-10-01 18:03:07,1,0.0,49.0,49.0,Completed
4777,750,9,2026-10-01 18:00:42,1,0.0,79.0,79.0,Completed
4778,1395,1,2026-10-01 17:55:52,1,0.0,49.0,49.0,Completed
4779,867,8,2026-10-01 17:51:08,2,0.0,30.0,30.0,Completed
4780,711,9,2026-10-01 18:01:02,1,0.0,79.0,79.0,Completed
4781,368,5,2026-10-01 17:49:27,1,0.0,39.0,39.0,Cancelled
4782,669,5,2026-10-01 17:53:51,1,0.0,39.0,39.0,Refunded
4783,542,12,2026-10-01 18:02:39,2,0.0,118.0,118.0,Completed
4784,1423,15,2026-10-01 17:51:46,1,0.0,349.0,349.0,Refunded
4785,253,10,2026-10-01 18:03:39,3,0.0,75.0,75.0,Cancelled
4786,1306,10,2026-10-01 17:53:38,1,0.0,25.0,25.0,Completed
4787,1472,7,2026-10-01 17:49:48,1,0.0,99.0,99.0,Refunded
4788,253,9,2026-10-01 18:03:15,1,0.1,79.0,71.1,Cancelled
4789,1014,5,2026-10-01 17:54:59,1,0.0,39.0,39.0,Refunded
4790,1121,1,2026-10-01 17:54:25,1,0.0,49.0,49.0,Completed
4791,498,12,2026-10-01 18:02:46,1,0.1,59.0,53.1,Completed
4792,1111,5,2026-10-01 17:55:03,1,0.0,39.0,39.0,Completed
4793,1155,3,2026-10-01 17:54:00,1,0.05,499.0,474.05,Refunded
4794,1002,4,2026-10-01 17:48:38,1,0.1,19.0,17.1,Completed
4795,1414,12,2026-10-01 17:58:46,1,0.0,59.0,59.0,Completed
4796,431,10,2026-10-01 17:53:51,5,0.0,125.0,125.0,Completed
4797,82,3,2026-10-01 17:53:32,2,0.1,998.0,898.2,Completed
4798,492,13,2026-10-01 17:52:56,1,0.0,45.0,45.0,Refunded
4799,771,10,2026-10-01 17:54:57,2,0.05,50.0,47.5,Completed
4800,339,8,2026-10-01 18:01:42,1,0.0,15.0,15.0,Completed
4801,459,12,2026-10-01 17:53:29,1,0.0,59.0,59.0,Completed
4802,96,3,2026-10-01 17:51:05,1,0.0,499.0,499.0,Cancelled
4803,193,5,2026-10-01 18:02:13,1,0.0,39.0,39.0,Refunded
4804,1264,4,2026-10-01 17:58:48,1,0.05,19.0,18.05,Cancelled
4805,572,5,2026-10-01 17:50:13,1,0.2,39.0,31.2,Refunded
4806,1352,2,2026-10-01 17:57:59,1,0.0,149.0,149.0,Cancelled
4807,19,13,2026-10-01 17:55:42,1,0.0,45.0,45.0,Completed
4808,173,6,2026-10-01 17:52:33,2,0.05,398.0,378.1,Completed
4809,797,1,2026-10-01 17:55:43,3,0.0,147.0,147.0,Refunded
4810,1165,12,2026-10-01 17:53:20,1,0.0,59.0,59.0,Cancelled
4811,453,2,2026-10-01 17:58:44,1,0.05,149.0,141.55,Refunded
4812,583,4,2026-10-01 18:00:03,1,0.0,19.0,19.0,Refunded
4813,1281,12,2026-10-01 17:55:59,2,0.1,118.0,106.2,Refunded
4814,921,8,2026-10-01 17:54:35,1,0.0,15.0,15.0,Completed
4815,849,15,2026-10-01 17:58:34,2,0.05,698.0,663.1,Completed
4816,816,7,2026-10-01 17:58:09,3,0.05,297.0,282.15,Completed
4817,908,1,2026-10-01 17:56:45,1,0.0,49.0,49.0,Completed
4818,776,13,2026-10-01 18:01:54,1,0.05,45.0,42.75,Completed
4819,1278,9,2026-10-01 17:51:49,2,0.0,158.0,158.0,Completed
4820,174,12,2026-10-01 18:04:20,2,0.05,118.0,112.1,Completed
4821,1491,1,2026-10-01 18:03:27,1,0.0,49.0,49.0,Completed
4822,1384,11,2026-10-01 18:04:28,2,0.0,598.0,598.0,Completed
4823,1037,3,2026-10-01 17:55:07,1,0.0,499.0,499.0,Completed
4824,1166,15,2026-10-01 17:53:09,1,0.1,349.0,314.1,Completed
4825,29,14,2026-10-01 18:01:04,1,0.05,10.0,9.5,Completed
4826,1042,11,2026-10-01 17:57:32,5,0.05,1495.0,1420.25,Refunded
4827,538,7,2026-10-01 17:56:05,2,0.0,198.0,198.0,Refunded
4828,548,6,2026-10-01 17:48:19,1,0.05,199.0,189.05,Completed
4829,214,9,2026-10-01 17:59:00,3,0.2,237.0,189.6,Cancelled
4830,1392,8,2026-10-01 17:56:33,2,0.1,30.0,27.0,Completed
4831,1226,13,2026-10-01 17:56:18,1,0.0,45.0,45.0,Cancelled
4832,876,1,2026-10-01 18:04:39,1,0.05,49.0,46.55,Completed
4833,643,1,2026-10-01 17:51:37,2,0.0,98.0,98.0,Completed
4834,293,14,2026-10-01 17:53:48,1,0.1,10.0,9.0,Completed
4835,444,3,2026-10-01 18:02:54,1,0.0,499.0,499.0,Cancelled
4836,527,15,2026-10-01 18:02:37,1,0.0,349.0,349.0,Completed
4837,1472,9,2026-10-01 17:47:44,1,0.1,79.0,71.1,Cancelled
4838,1334,2,2026-10-01 17:54:01,1,0.1,149.0,134.1,Completed
4839,1262,5,2026-10-01 17:53:36,1,0.0,39.0,39.0,Completed
4840,34,1,2026-10-01 18:02:40,1,0.0,49.0,49.0,Refunded
4841,895,12,2026-10-01 17:50:02,1,0.1,59.0,53.1,Completed
4842,282,15,2026-10-01 17:53:10,1,0.0,349.0,349.0,Cancelled
4843,1441,15,2026-10-01 17:49:32,1,0.0,349.0,349.0,Completed
4844,1305,3,2026-10-01 17:58:57,1,0.05,499.0,474.05,Cancelled
4845,1426,8,2026-10-01 17:56:03,1,0.0,15.0,15.0,Cancelled
4846,1078,3,2026-10-01 18:03:38,3,0.0,1497.0,1497.0,Refunded
4847,1077,11,2026-10-01 18:05:38,1,0.0,299.0,299.0,Completed
4848,1347,9,2026-10-01 18:04:38,3,0.0,237.0,237.0,Refunded
4849,1070,1,2026-10-01 17:51:29,1,0.0,49.0,49.0,Completed
4850,1430,12,2026-10-01 17:54:57,1,0.05,59.0,56.05,Refunded
4851,627,8,2026-10-01 18:04:23,2,0.0,30.0,30.0,Cancelled
4852,556,7,2026-10-01 17:58:48,1,0.05,99.0,94.05,Cancelled
4853,878,11,2026-10-01 17:52:22,1,0.0,299.0,299.0,Refunded
4854,395,15,2026-10-01 18:05:21,1,0.0,349.0,349.0,Completed
4855,1272,14,2026-10-01 17:55:56,3,0.0,30.0,30.0,Refunded
4856,245,1,2026-10-01 17:52:06,2,0.0,98.0,98.0,Completed
4857,855,2,2026-10-01 17:52:44,1,0.0,149.0,149.0,Completed
4858,858,6,2026-10-01 17:48:36,1,0.0,199.0,199.0,Refunded
4859,1402,9,2026-10-01 17:51:00,1,0.0,79.0,79.0,Refunded
4860,1363,15,2026-10-01 17:52:14,1,0.0,349.0,349.0,Completed
4861,735,15,2026-10-01 18:00:05,1,0.0,349.0,349.0,Completed
4862,522,8,2026-10-01 18:01:12,1,0.0,15.0,15.0,Completed
4863,792,9,2026-10-01 17:49:30,1,0.0,79.0,79.0,Refunded
4864,1088,14,2026-10-01 17:54:04,1,0.05,10.0,9.5,Completed
4865,147,7,2026-10-01 17:53:33,1,0.0,99.0,99.0,Completed
4866,316,3,2026-10-01 17:48:56,2,0.1,998.0,898.2,Completed
4867,141,13,2026-10-01 17:49:10,1,0.05,45.0,42.75,Completed
4868,11,3,2026-10-01 17:56:42,2,0.1,998.0,898.2,Completed
4869,1084,7,2026-10-01 18:04:20,3,0.2,297.0,237.6,Completed
4870,1050,13,2026-10-01 18:03:32,1,0.0,45.0,45.0,Refunded
4871,86,12,2026-10-01 18:05:21,1,0.0,59.0,59.0,Completed
4872,837,4,2026-10-01 18:04:50,1,0.05,19.0,18.05,Completed
4873,316,15,2026-10-01 18:04:55,1,0.05,349.0,331.55,Completed
4874,356,1,2026-10-01 18:02:36,2,0.0,98.0,98.0,Completed
4875,1108,10,2026-10-01 17:59:34,2,0.0,50.0,50.0,Cancelled
4876,570,12,2026-10-01 17:54:50,1,0.0,59.0,59.0,Cancelled
4877,25,10,2026-10-01 18:00:21,2,0.05,50.0,47.5,Cancelled
4878,975,10,2026-10-01 18:05:12,1,0.1,25.0,22.5,Cancelled
4879,998,3,2026-10-01 17:59:50,2,0.0,998.0,998.0,Completed
4880,1138,5,2026-10-01 17:53:57,1,0.0,39.0,39.0,Cancelled
4881,554,9,2026-10-01 17:55:43,1,0.0,79.0,79.0,Completed
4882,951,4,2026-10-01 18:01:06,1,0.05,19.0,18.05,Refunded
4883,613,9,2026-10-01 17:49:43,3,0.0,237.0,237.0,Completed
4884,1021,11,2026-10-01 17:49:01,1,0.0,299.0,299.0,Completed
4885,1387,1,2026-10-01 17:54:32,2,0.0,98.0,98.0,Cancelled
4886,93,3,2026-10-01 17:48:14,1,0.0,499.0,499.0,Completed
4887,1469,10,2026-10-01 17:57:08,1,0.0,25.0,25.0,Completed
4888,478,2,2026-10-01 17:57:57,1,0.0,149.0,149.0,Completed
4889,681,9,2026-10-01 17:55:42,1,0.1,79.0,71.1,Completed
4890,960,4,2026-10-01 18:00:53,2,0.0,38.0,38.0,Completed
4891,198,10,2026-10-01 17:50:26,2,0.05,50.0,47.5,Refunded
4892,586,9,2026-10-01 17:58:35,1,0.0,79.0,79.0,Completed
4893,233,11,2026-10-01 17:51:23,1,0.0,299.0,299.0,Refunded
4894,548,15,2026-10-01 18:03:21,1,0.05,349.0,331.55,Completed
4895,8,9,2026-10-01 17:49:55,1,0.05,79.0,75.05,Cancelled
4896,656,13,2026-10-01 17:59:29,1,0.1,45.0,40.5,Cancelled
4897,567,2,2026-10-01 17:53:12,1,0.0,149.0,149.0,Completed
4898,345,15,2026-10-01 17:54:49,1,0.05,349.0,331.55,Completed
4899,1480,9,2026-10-01 17:50:50,1,0.05,79.0,75.05,Completed
4900,340,8,2026-10-01 17:48:25,1,0.0,15.0,15.0,Cancelled
4901,430,2,2026-10-01 17:52:44,2,0.0,298.0,298.0,Completed
4902,787,7,2026-10-01 17:53:21,1,0.0,99.0,99.0,Completed
4903,761,2,2026-10-01 17:59:32,5,0.0,745.0,745.0,Completed
4904,960,9,2026-10-01 17:48:28,1,0.0,79.0,79.0,Completed
4905,782,14,2026-10-01 17:50:48,1,0.0,10.0,10.0,Completed
4906,849,10,2026-10-01 17:57:59,1,0.1,25.0,22.5,Refunded
4907,313,4,2026-10-01 17:54:26,1,0.05,19.0,18.05,Completed
4908,1339,8,2026-10-01 18:03:57,1,0.05,15.0,14.25,Cancelled
4909,56,3,2026-10-01 17:57:06,2,0.0,998.0,998.0,Cancelled
4910,116,1,2026-10-01 18:05:06,2,0.05,98.0,93.1,Refunded
4911,648,14,2026-10-01 17:54:13,1,0.05,10.0,9.5,Cancelled
4912,1286,11,2026-10-01 17:49:35,1,0.05,299.0,284.05,Cancelled
4913,575,13,2026-10-01 17:54:21,1,0.0,45.0,45.0,Completed
4914,1441,5,2026-10-01 17:47:49,1,0.05,39.0,37.05,Refunded
4915,1017,6,2026-10-01 18:01:50,1,0.0,199.0,199.0,Completed
4916,1116,9,2026-10-01 18:03:41,1,0.0,79.0,79.0,Refunded
4917,431,8,2026-10-01 17:50:28,1,0.0,15.0,15.0,Completed
4918,657,8,2026-10-01 17:54:49,1,0.0,15.0,15.0,Completed
4919,757,9,2026-10-01 18:04:42,5,0.05,395.0,375.25,Refunded
4920,344,7,2026-10-01 17:50:49,2,0.0,198.0,198.0,Completed
4921,1128,9,2026-10-01 17:51:34,1,0.0,79.0,79.0,Completed
4922,319,1,2026-10-01 17:52:36,1,0.0,49.0,49.0,Completed
4923,488,10,2026-10-01 18:01:13,1,0.0,25.0,25.0,Completed
4924,1294,13,2026-10-01 17:49:18,1,0.0,45.0,45.0,Completed
4925,181,9,2026-10-01 17:52:48,2,0.0,158.0,158.0,Completed
4926,1162,11,2026-10-01 17:52:49,2,0.0,598.0,598.0,Refunded
4927,1343,13,2026-10-01 17:51:35,2,0.0,90.0,90.0,Completed
4928,55,11,2026-10-01 17:54:43,2,0.0,598.0,598.0,Refunded
4929,795,12,2026-10-01 17:53:01,2,0.2,118.0,94.4,Completed
4930,243,1,2026-10-01 17:51:40,1,0.0,49.0,49.0,Refunded
4931,301,10,2026-10-01 18:03:21,1,0.0,25.0,25.0,Cancelled
4932,474,4,2026-10-01 18:01:38,1,0.05,19.0,18.05,Refunded
4933,1355,5,2026-10-01 18:03:34,1,0.0,39.0,39.0,Completed
4934,497,12,2026-10-01 17:52:24,1,0.0,59.0,59.0,Completed
4935,943,9,2026-10-01 17:49:28,1,0.1,79.0,71.1,Completed
4936,392,6,2026-10-01 17:51:34,1,0.0,199.0,199.0,Refunded
4937,906,4,2026-10-01 17:50:41,2,0.05,38.0,36.1,Completed
4938,206,6,2026-10-01 17:51:36,1,0.05,199.0,189.05,Completed
4939,902,11,2026-10-01 17:51:29,3,0.0,897.0,897.0,Completed
4940,1075,8,2026-10-01 18:00:42,1,0.05,15.0,14.25,Completed
4941,1058,5,2026-10-01 18:01:23,2,0.0,78.0,78.0,Completed
4942,638,6,2026-10-01 17:51:13,5,0.0,995.0,995.0,Completed
4943,157,5,2026-10-01 17:52:04,1,0.1,39.0,35.1,Completed
4944,1335,15,2026-10-01 17:53:49,2,0.05,698.0,663.1,Completed
4945,1328,13,2026-10-01 17:49:04,1,0.0,45.0,45.0,Refunded
4946,1098,8,2026-10-01 17:51:46,1,0.05,15.0,14.25,Refunded
4947,1094,10,2026-10-01 17:48:44,1,0.0,25.0,25.0,Refunded
4948,923,10,2026-10-01 18:02:53,1,0.0,25.0,25.0,Completed
4949,476,11,2026-10-01 17:52:17,3,0.1,897.0,807.3,Completed
4950,732,7,2026-10-01 17:59:21,1,0.0,99.0,99.0,Refunded
4951,1177,13,2026-10-01 18:02:35,1,0.1,45.0,40.5,Completed
4952,867,12,2026-10-01 17:56:08,2,0.2,118.0,94.4,Completed
4953,136,7,2026-10-01 17:54:24,1,0.0,99.0,99.0,Completed
4954,983,4,2026-10-01 17:54:57,2,0.0,38.0,38.0,Completed
4955,244,6,2026-10-01 17:48:54,1,0.0,199.0,199.0,Refunded
4956,1447,15,2026-10-01 17:57:40,1,0.1,349.0,314.1,Completed
4957,1357,8,2026-10-01 17:54:13,1,0.0,15.0,15.0,Cancelled
4958,427,12,2026-10-01 18:02:22,1,0.0,59.0,59.0,Completed
4959,679,9,2026-10-01 18:00:37,1,0.05,79.0,75.05,Completed
4960,1316,3,2026-10-01 17:59:09,5,0.0,2495.0,2495.0,Completed
4961,615,2,2026-10-01 17:54:45,1,0.2,149.0,119.2,Completed
4962,142,9,2026-10-01 17:48:06,1,0.05,79.0,75.05,Cancelled
4963,507,10,2026-10-01 17:53:45,1,0.0,25.0,25.0,Refunded
4964,425,5,2026-10-01 18:03:11,1,0.0,39.0,39.0,Refunded
4965,1453,5,2026-10-01 17:57:56,1,0.05,39.0,37.05,Completed
4966,1295,10,2026-10-01 18:05:25,1,0.0,25.0,25.0,Completed
4967,1285,8,2026-10-01 17:51:11,1,0.1,15.0,13.5,Cancelled
4968,236,7,2026-10-01 17:52:45,1,0.0,99.0,99.0,Completed
4969,331,15,2026-10-01 17:57:16,1,0.0,349.0,349.0,Completed
4970,829,10,2026-10-01 17:53:39,1,0.05,25.0,23.75,Completed
4971,203,4,2026-10-01 17:51:04,2,0.0,38.0,38.0,Completed
4972,1368,8,2026-10-01 17:50:43,1,0.1,15.0,13.5,Cancelled
4973,523,14,2026-10-01 17:57:21,1,0.05,10.0,9.5,Refunded
4974,590,1,2026-10-01 17:48:25,2,0.0,98.0,98.0,Completed
4975,1098,7,2026-10-01 18:01:07,1,0.05,99.0,94.05,Completed
4976,413,13,2026-10-01 18:05:33,3,0.1,135.0,121.5,Refunded
4977,1300,6,2026-10-01 17:52:26,3,0.05,597.0,567.15,Cancelled
4978,1487,11,2026-10-01 17:59:09,1,0.05,299.0,284.05,Completed
4979,239,9,2026-10-01 17:47:56,2,0.0,158.0,158.0,Refunded
4980,942,2,2026-10-01 17:58:47,1,0.0,149.0,149.0,Refunded
4981,848,7,2026-10-01 17:52:14,3,0.0,297.0,297.0,Completed
4982,808,15,2026-10-01 17:52:46,1,0.0,349.0,349.0,Completed
4983,276,13,2026-10-01 17:57:26,2,0.0,90.0,90.0,Completed
4984,551,10,2026-10-01 18:00:28,1,0.0,25.0,25.0,Completed
4985,1486,8,2026-10-01 17:52:02,3,0.0,45.0,45.0,Refunded
4986,1000,6,2026-10-01 17:48:14,1,0.0,199.0,199.0,Refunded
4987,927,10,2026-10-01 17:54:15,1,0.0,25.0,25.0,Completed
4988,566,14,2026-10-01 18:00:10,1,0.0,10.0,10.0,Completed
4989,1264,3,2026-10-01 17:59:35,1,0.05,499.0,474.05,Completed
4990,129,8,2026-10-01 18:00:38,1,0.0,15.0,15.0,Completed
4991,890,15,2026-10-01 17:49:54,1,0.1,349.0,314.1,Refunded
4992,108,2,2026-10-01 17:47:41,1,0.0,149.0,149.0,Completed
4993,778,4,2026-10-01 17:54:58,1,0.0,19.0,19.0,Completed
4994,1317,7,2026-10-01 17:59:26,2,0.05,198.0,188.1,Completed
4995,1194,13,2026-10-01 17:52:01,1,0.0,45.0,45.0,Refunded
4996,770,14,2026-10-01 18:04:35,2,0.1,20.0,18.0,Completed
4997,1245,1,2026-10-01 17:48:13,1,0.1,49.0,44.1,Cancelled
4998,663,1,2026-10-01 17:50:58,3,0.05,147.0,139.65,Completed
4999,704,2,2026-10-01 17:55:27,2,0.2,298.0,238.4,Completed
5000,591,15,2026-10-01 18:03:08,1,0.1,349.0,314.1,Refunded
5001,986,3,2026-10-01 17:51:41,1,0.1,499.0,449.1,Completed
5002,1173,1,2026-10-01 17:52:29,1,0.05,49.0,46.55,Completed
5003,136,5,2026-10-01 17:57:03,3,0.0,117.0,117.0,Completed
5004,766,11,2026-10-01 17:54:09,1,0.0,299.0,299.0,Completed
5005,305,6,2026-10-01 18:02:07,1,0.0,199.0,199.0,Cancelled
5006,938,9,2026-10-01 17:59:54,1,0.0,79.0,79.0,Completed
5007,438,2,2026-10-01 17:58:47,1,0.05,149.0,141.55,Completed
5008,29,10,2026-10-01 18:00:09,1,0.0,25.0,25.0,Refunded
5009,1333,7,2026-10-01 18:00:52,1,0.0,99.0,99.0,Completed
5010,1431,9,2026-10-01 17:58:07,2,0.0,158.0,158.0,Completed
5011,205,12,2026-10-01 17:52:05,1,0.0,59.0,59.0,Completed
5012,176,5,2026-10-01 17:54:53,1,0.0,39.0,39.0,Completed
5013,133,5,2026-10-01 17:48:34,1,0.0,39.0,39.0,Refunded
5014,350,11,2026-10-01 17:56:30,1,0.1,299.0,269.1,Refunded
5015,1124,2,2026-10-01 17:50:12,1,0.0,149.0,149.0,Cancelled
5016,1376,7,2026-10-01 17:52:58,1,0.0,99.0,99.0,Completed
5017,264,6,2026-10-01 17:48:31,2,0.1,398.0,358.2,Refunded
5018,1316,9,2026-10-01 17:52:27,1,0.0,79.0,79.0,Refunded
5019,1185,11,2026-10-01 18:04:05,1,0.1,299.0,269.1,Completed
5020,763,5,2026-10-01 17:49:29,1,0.05,39.0,37.05,Completed
5021,828,1,2026-10-01 18:02:04,1,0.0,49.0,49.0,Completed
5022,1029,7,2026-10-01 17:51:51,2,0.2,198.0,158.4,Completed
5023,1425,1,2026-10-01 18:00:00,1,0.1,49.0,44.1,Completed
5024,345,5,2026-10-01 17:53:10,2,0.0,78.0,78.0,Completed
5025,56,7,2026-10-01 18:04:00,1,0.0,99.0,99.0,Completed
5026,155,5,2026-10-01 17:55:31,1,0.0,39.0,39.0,Completed
5027,40,2,2026-10-01 18:04:32,5,0.0,745.0,745.0,Completed
5028,422,14,2026-10-01 17:57:08,2,0.0,20.0,20.0,Completed
5029,280,5,2026-10-01 17:49:42,1,0.2,39.0,31.2,Completed
5030,1203,3,2026-10-01 17:53:19,1,0.0,499.0,499.0,Completed
5031,774,3,2026-10-01 17:49:44,1,0.0,499.0,499.0,Cancelled
5032,95,14,2026-10-01 18:02:46,1,0.05,10.0,9.5,Completed
5033,1095,5,2026-10-01 17:50:33,1,0.0,39.0,39.0,Completed
5034,467,11,2026-10-01 18:02:22,1,0.0,299.0,299.0,Refunded
5035,240,13,2026-10-01 18:02:11,1,0.0,45.0,45.0,Cancelled
5036,521,6,2026-10-01 17:48:24,2,0.0,398.0,398.0,Completed
5037,683,3,2026-10-01 18:01:43,1,0.0,499.0,499.0,Refunded
5038,612,13,2026-10-01 17:55:26,2,0.05,90.0,85.5,Refunded
5039,11,3,2026-10-01 17:52:05,1,0.0,499.0,499.0,Refunded
5040,396,5,2026-10-01 17:51:58,1,0.0,39.0,39.0,Cancelled
5041,731,4,2026-10-01 17:57:15,1,0.0,19.0,19.0,Refunded
5042,1281,15,2026-10-01 17:51:18,2,0.0,698.0,698.0,Cancelled
5043,1127,11,2026-10-01 17:59:20,1,0.0,299.0,299.0,Refunded
5044,476,6,2026-10-01 17:58:33,1,0.05,199.0,189.05,Completed
5045,1410,3,2026-10-01 17:56:33,5,0.2,2495.0,1996.0,Refunded
5046,760,14,2026-10-01 17:53:03,1,0.1,10.0,9.0,Completed
5047,1000,13,2026-10-01 17:47:54,2,0.2,90.0,72.0,Completed
5048,505,14,2026-10-01 17:55:13,1,0.0,10.0,10.0,Refunded
5049,853,5,2026-10-01 17:57:23,1,0.0,39.0,39.0,Completed
5050,449,4,2026-10-01 17:48:45,1,0.0,19.0,19.0,Completed
5051,327,5,2026-10-01 17:56:10,2,0.05,78.0,74.1,Completed
5052,807,7,2026-10-01 17:49:39,2,0.05,198.0,188.1,Completed
5053,427,9,2026-10-01 17:51:54,1,0.05,79.0,75.05,Refunded
5054,261,13,2026-10-01 17:48:13,1,0.05,45.0,42.75,Cancelled
5055,695,12,2026-10-01 18:00:02,1,0.0,59.0,59.0,Refunded
5056,1012,15,2026-10-01 18:01:29,1,0.0,349.0,349.0,Completed
5057,973,2,2026-10-01 18:04:35,1,0.0,149.0,149.0,Refunded
5058,403,12,2026-10-01 18:03:03,1,0.1,59.0,53.1,Completed
5059,556,4,2026-10-01 18:00:13,3,0.0,57.0,57.0,Cancelled
5060,673,9,2026-10-01 18:02:05,2,0.0,158.0,158.0,Cancelled
5061,54,7,2026-10-01 17:58:10,2,0.0,198.0,198.0,Cancelled
5062,302,5,2026-10-01 17:49:51,1,0.0,39.0,39.0,Completed
5063,1262,10,2026-10-01 18:00:18,2,0.05,50.0,47.5,Completed
5064,851,2,2026-10-01 18:02:45,1,0.0,149.0,149.0,Cancelled
5065,171,2,2026-10-01 17:59:31,1,0.05,149.0,141.55,Completed
5066,1423,8,2026-10-01 18:00:20,1,0.0,15.0,15.0,Refunded
5067,427,8,2026-10-01 17:57:22,1,0.0,15.0,15.0,Completed
5068,9,2,2026-10-01 18:02:09,1,0.05,149.0,141.55,Refunded
5069,1135,15,2026-10-01 17:53:32,2,0.0,698.0,698.0,Completed
5070,792,12,2026-10-01 17:56:03,1,0.0,59.0,59.0,Completed
5071,251,5,2026-10-01 17:56:13,1,0.0,39.0,39.0,Completed
5072,906,7,2026-10-01 18:04:01,1,0.05,99.0,94.05,Completed
5073,1185,14,2026-10-01 17:51:16,1,0.0,10.0,10.0,Completed
5074,706,13,2026-10-01 17:52:19,1,0.1,45.0,40.5,Completed
5075,1225,2,2026-10-01 17:56:13,1,0.05,149.0,141.55,Cancelled
5076,1206,11,2026-10-01 18:03:24,2,0.0,598.0,598.0,Refunded
5077,1173,5,2026-10-01 18:02:28,1,0.05,39.0,37.05,Completed
5078,372,11,2026-10-01 17:47:44,1,0.1,299.0,269.1,Completed
5079,1162,8,2026-10-01 17:51:25,1,0.0,15.0,15.0,Completed
5080,844,11,2026-10-01 17:49:09,2,0.0,598.0,598.0,Completed
5081,452,10,2026-10-01 17:49:40,1,0.0,25.0,25.0,Refunded
5082,221,3,2026-10-01 17:51:41,1,0.05,499.0,474.05,Completed
5083,233,7,2026-10-01 18:05:12,2,0.0,198.0,198.0,Cancelled
5084,558,12,2026-10-01 17:51:50,1,0.05,59.0,56.05,Completed
5085,399,4,2026-10-01 17:48:58,1,0.2,19.0,15.2,Completed
5086,976,15,2026-10-01 17:54:43,1,0.1,349.0,314.1,Completed
5087,1405,5,2026-10-01 17:48:33,1,0.0,39.0,39.0,Completed
5088,1154,9,2026-10-01 18:01:43,2,0.0,158.0,158.0,Completed
5089,146,14,2026-10-01 17:55:29,1,0.05,10.0,9.5,Completed
5090,152,5,2026-10-01 17:51:04,3,0.0,117.0,117.0,Refunded
5091,22,5,2026-10-01 18:02:59,1,0.05,39.0,37.05,Completed
5092,52,1,2026-10-01 18:01:15,2,0.05,98.0,93.1,Completed
5093,80,3,2026-10-01 17:57:04,1,0.1,499.0,449.1,Refunded
5094,855,15,2026-10-01 17:50:43,1,0.1,349.0,314.1,Completed
5095,149,15,2026-10-01 18:04:20,1,0.0,349.0,349.0,Completed
5096,296,2,2026-10-01 17:53:10,3,0.05,447.0,424.65,Completed
5097,1028,15,2026-10-01 18:02:06,2,0.0,698.0,698.0,Cancelled
5098,535,15,2026-10-01 18:05:16,1,0.0,349.0,349.0,Completed
5099,405,2,2026-10-01 17:49:06,1,0.05,149.0,141.55,Cancelled
5100,1375,2,2026-10-01 17:48:05,1,0.1,149.0,134.1,Cancelled
5101,205,4,2026-10-01 18:05:17,3,0.0,57.0,57.0,Completed
5102,664,13,2026-10-01 17:50:58,1,0.1,45.0,40.5,Completed
5103,1015,2,2026-10-01 18:00:09,1,0.0,149.0,149.0,Completed
5104,1194,11,2026-10-01 18:02:56,1,0.1,299.0,269.1,Completed
5105,278,5,2026-10-01 17:51:18,3,0.05,117.0,111.15,Completed
5106,331,15,2026-10-01 17:52:42,1,0.1,349.0,314.1,Completed
5107,593,2,2026-10-01 17:48:41,1,0.1,149.0,134.1,Refunded
5108,1295,5,2026-10-01 17:51:20,1,0.1,39.0,35.1,Completed
5109,1245,4,2026-10-01 17:59:20,3,0.0,57.0,57.0,Cancelled
5110,755,8,2026-10-01 17:49:43,1,0.1,15.0,13.5,Completed
5111,1240,2,2026-10-01 18:03:28,1,0.05,149.0,141.55,Completed
5112,77,15,2026-10-01 17:50:31,1,0.0,349.0,349.0,Completed
5113,1347,7,2026-10-01 17:54:19,1,0.0,99.0,99.0,Completed
5114,347,4,2026-10-01 18:05:00,1,0.0,19.0,19.0,Completed
5115,99,2,2026-10-01 17:49:05,2,0.0,298.0,298.0,Completed
5116,447,6,2026-10-01 18:01:35,1,0.0,199.0,199.0,Refunded
5117,1356,3,2026-10-01 18:03:06,1,0.0,499.0,499.0,Completed
5118,706,6,2026-10-01 17:51:07,1,0.0,199.0,199.0,Refunded
5119,639,15,2026-10-01 17:56:03,1,0.0,349.0,349.0,Completed
5120,580,8,2026-10-01 17:49:29,2,0.0,30.0,30.0,Refunded
5121,1196,9,2026-10-01 18:03:25,1,0.05,79.0,75.05,Cancelled
5122,1077,15,2026-10-01 17:55:28,3,0.0,1047.0,1047.0,Cancelled
5123,579,9,2026-10-01 17:58:59,1,0.1,79.0,71.1,Completed
5124,120,1,2026-10-01 17:50:22,1,0.0,49.0,49.0,Completed
5125,887,8,2026-10-01 17:49:16,1,0.05,15.0,14.25,Refunded
5126,427,6,2026-10-01 17:57:28,1,0.0,199.0,199.0,Completed
5127,378,8,2026-10-01 17:59:58,1,0.0,15.0,15.0,Completed
5128,799,7,2026-10-01 17:57:03,1,0.05,99.0,94.05,Refunded
5129,752,1,2026-10-01 18:04:26,1,0.1,49.0,44.1,Refunded
5130,47,11,2026-10-01 17:57:53,1,0.0,299.0,299.0,Completed
5131,228,14,2026-10-01 17:54:27,1,0.2,10.0,8.0,Refunded
5132,1043,11,2026-10-01 18:01:19,3,0.0,897.0,897.0,Completed
5133,534,1,2026-10-01 17:53:37,2,0.0,98.0,98.0,Completed
5134,11,1,2026-10-01 17:51:32,3,0.2,147.0,117.6,Refunded
5135,838,9,2026-10-01 17:54:21,1,0.05,79.0,75.05,Completed
5136,996,3,2026-10-01 17:48:29,1,0.0,499.0,499.0,Refunded
5137,346,4,2026-10-01 17:48:14,1,0.0,19.0,19.0,Completed
5138,1351,3,2026-10-01 18:02:30,1,0.0,499.0,499.0,Completed
5139,371,3,2026-10-01 17:53:51,1,0.0,499.0,499.0,Cancelled
5140,569,8,2026-10-01 17:59:33,1,0.0,15.0,15.0,Completed
5141,734,10,2026-10-01 17:59:46,1,0.0,25.0,25.0,Completed
5142,559,2,2026-10-01 18:02:54,1,0.05,149.0,141.55,Completed
5143,927,10,2026-10-01 18:02:11,2,0.0,50.0,50.0,Completed
5144,1443,2,2026-10-01 18:02:18,3,0.0,447.0,447.0,Completed
5145,644,4,2026-10-01 17:56:18,1,0.05,19.0,18.05,Refunded
5146,299,3,2026-10-01 18:04:35,2,0.0,998.0,998.0,Completed
5147,16,13,2026-10-01 17:48:39,3,0.0,135.0,135.0,Completed
5148,1003,9,2026-10-01 17:54:37,5,0.0,395.0,395.0,Refunded
5149,1074,4,2026-10-01 17:51:45,1,0.1,19.0,17.1,Completed
5150,150,1,2026-10-01 17:47:50,2,0.0,98.0,98.0,Completed
5151,1459,6,2026-10-01 17:59:02,1,0.0,199.0,199.0,Completed
5152,259,13,2026-10-01 17:54:26,2,0.05,90.0,85.5,Completed
5153,1344,5,2026-10-01 17:54:29,1,0.0,39.0,39.0,Refunded
5154,590,12,2026-10-01 18:01:23,2,0.0,118.0,118.0,Completed
5155,359,2,2026-10-01 17:52:59,1,0.05,149.0,141.55,Cancelled
5156,458,1,2026-10-01 18:02:39,1,0.05,49.0,46.55,Refunded
5157,1146,11,2026-10-01 17:56:19,2,0.0,598.0,598.0,Completed
5158,952,9,2026-10-01 18:02:34,1,0.0,79.0,79.0,Completed
5159,200,4,2026-10-01 18:01:05,2,0.05,38.0,36.1,Refunded
5160,514,15,2026-10-01 18:02:33,3,0.0,1047.0,1047.0,Refunded
5161,1222,10,2026-10-01 17:52:43,1,0.1,25.0,22.5,Cancelled
5162,662,6,2026-10-01 17:50:20,3,0.05,597.0,567.15,Cancelled
5163,1172,5,2026-10-01 17:59:42,1,0.0,39.0,39.0,Completed
5164,383,10,2026-10-01 17:49:50,2,0.0,50.0,50.0,Refunded
5165,1235,7,2026-10-01 18:05:33,1,0.0,99.0,99.0,Completed
5166,736,15,2026-10-01 17:55:51,1,0.05,349.0,331.55,Cancelled
5167,879,1,2026-10-01 17:52:22,1,0.05,49.0,46.55,Refunded
5168,680,7,2026-10-01 18:03:51,1,0.0,99.0,99.0,Completed
5169,761,8,2026-10-01 17:48:17,2,0.0,30.0,30.0,Completed
5170,295,8,2026-10-01 17:48:44,1,0.1,15.0,13.5,Refunded
5171,1360,9,2026-10-01 17:49:36,1,0.0,79.0,79.0,Cancelled
5172,120,3,2026-10-01 17:56:43,1,0.05,499.0,474.05,Cancelled
5173,575,4,2026-10-01 18:01:24,1,0.0,19.0,19.0,Cancelled
5174,330,11,2026-10-01 18:01:48,1,0.0,299.0,299.0,Completed
5175,618,8,2026-10-01 18:02:10,2,0.0,30.0,30.0,Completed
5176,662,13,2026-10-01 17:51:04,2,0.0,90.0,90.0,Completed
5177,1384,3,2026-10-01 17:58:15,1,0.0,499.0,499.0,Completed
5178,357,4,2026-10-01 17:58:55,1,0.0,19.0,19.0,Completed
5179,561,2,2026-10-01 17:48:30,1,0.0,149.0,149.0,Completed
5180,1475,6,2026-10-01 17:49:57,1,0.1,199.0,179.1,Refunded
5181,1230,2,2026-10-01 17:51:37,1,0.0,149.0,149.0,Refunded
5182,578,14,2026-10-01 17:49:22,3,0.1,30.0,27.0,Refunded
5183,357,14,2026-10-01 18:02:54,1,0.1,10.0,9.0,Completed
5184,333,5,2026-10-01 18:04:13,1,0.0,39.0,39.0,Completed
5185,437,4,2026-10-01 18:03:36,1,0.05,19.0,18.05,Completed
5186,1384,10,2026-10-01 17:51:53,1,0.0,25.0,25.0,Completed
5187,170,6,2026-10-01 17:56:15,1,0.1,199.0,179.1,Completed
5188,1076,7,2026-10-01 17:48:55,1,0.0,99.0,99.0,Completed
5189,1240,7,2026-10-01 17:48:19,1,0.1,99.0,89.1,Cancelled
5190,1229,2,2026-10-01 17:56:36,1,0.0,149.0,149.0,Completed
5191,322,10,2026-10-01 17:55:42,1,0.0,25.0,25.0,Completed
5192,179,7,2026-10-01 17:49:58,1,0.1,99.0,89.1,Completed
5193,245,6,2026-10-01 17:56:51,1,0.0,199.0,199.0,Refunded
5194,784,10,2026-10-01 17:47:45,1,0.1,25.0,22.5,Completed
5195,812,4,2026-10-01 17:58:24,5,0.1,95.0,85.5,Completed
5196,442,2,2026-10-01 17:56:09,2,0.0,298.0,298.0,Cancelled
5197,93,5,2026-10-01 17:49:53,1,0.1,39.0,35.1,Completed
5198,16,3,2026-10-01 17:58:27,1,0.0,499.0,499.0,Cancelled
5199,100,2,2026-10-01 17:53:31,1,0.05,149.0,141.55,Completed
5200,766,10,2026-10-01 17:49:05,1,0.05,25.0,23.75,Completed
5201,1237,1,2026-10-01 17:56:22,1,0.05,49.0,46.55,Completed
5202,1452,10,2026-10-01 18:04:46,1,0.0,25.0,25.0,Refunded
5203,300,3,2026-10-01 17:48:56,2,0.0,998.0,998.0,Completed
5204,1434,8,2026-10-01 17:57:48,1,0.05,15.0,14.25,Completed
5205,1229,5,2026-10-01 18:04:36,1,0.0,39.0,39.0,Cancelled
5206,293,4,2026-10-01 18:01:07,1,0.05,19.0,18.05,Completed
5207,1489,13,2026-10-01 18:04:28,3,0.0,135.0,135.0,Completed
5208,170,7,2026-10-01 17:55:17,1,0.0,99.0,99.0,Cancelled
5209,155,5,2026-10-01 17:49:52,1,0.0,39.0,39.0,Completed
5210,502,8,2026-10-01 17:54:25,1,0.05,15.0,14.25,Cancelled
5211,606,13,2026-10-01 18:03:27,1,0.05,45.0,42.75,Completed
5212,165,11,2026-10-01 18:02:38,1,0.0,299.0,299.0,Refunded
5213,1458,7,2026-10-01 17:51:45,1,0.0,99.0,99.0,Refunded
5214,1328,15,2026-10-01 18:01:48,2,0.0,698.0,698.0,Completed
5215,1179,3,2026-10-01 18:00:41,1,0.1,499.0,449.1,Completed
5216,977,9,2026-10-01 17:57:38,1,0.05,79.0,75.05,Cancelled
5217,123,3,2026-10-01 17:51:08,1,0.0,499.0,499.0,Completed
5218,801,8,2026-10-01 18:01:40,1,0.05,15.0,14.25,Refunded
5219,50,7,2026-10-01 18:00:41,1,0.0,99.0,99.0,Refunded
5220,419,6,2026-10-01 17:51:02,1,0.0,199.0,199.0,Refunded
5221,253,9,2026-10-01 17:52:43,1,0.0,79.0,79.0,Completed
5222,776,14,2026-10-01 17:55:01,1,0.05,10.0,9.5,Cancelled
5223,753,7,2026-10-01 18:04:12,1,0.0,99.0,99.0,Completed
5224,586,14,2026-10-01 17:57:26,1,0.0,10.0,10.0,Completed
5225,83,1,2026-10-01 17:49:19,3,0.0,147.0,147.0,Completed
5226,504,10,2026-10-01 18:04:12,2,0.0,50.0,50.0,Completed
5227,499,12,2026-10-01 18:04:01,1,0.0,59.0,59.0,Completed
5228,896,6,2026-10-01 17:56:44,1,0.05,199.0,189.05,Refunded
5229,779,10,2026-10-01 17:56:07,1,0.2,25.0,20.0,Cancelled
5230,1462,5,2026-10-01 17:55:36,1,0.05,39.0,37.05,Completed
5231,1399,8,2026-10-01 17:53:35,1,0.0,15.0,15.0,Completed
5232,431,15,2026-10-01 17:58:39,1,0.0,349.0,349.0,Completed
5233,563,11,2026-10-01 18:02:33,2,0.1,598.0,538.2,Completed
5234,336,12,2026-10-01 17:53:53,1,0.0,59.0,59.0,Refunded
5235,912,14,2026-10-01 17:54:50,2,0.0,20.0,20.0,Completed
5236,131,13,2026-10-01 18:05:14,1,0.0,45.0,45.0,Completed
5237,648,6,2026-10-01 17:57:31,1,0.1,199.0,179.1,Completed
5238,1002,14,2026-10-01 17:51:32,1,0.0,10.0,10.0,Refunded
5239,1257,8,2026-10-01 18:02:52,3,0.0,45.0,45.0,Refunded
5240,1048,5,2026-10-01 17:48:09,1,0.0,39.0,39.0,Completed
5241,1184,5,2026-10-01 17:49:56,2,0.1,78.0,70.2,Completed
5242,629,7,2026-10-01 17:56:39,1,0.0,99.0,99.0,Refunded
5243,1185,3,2026-10-01 17:53:17,3,0.0,1497.0,1497.0,Refunded
5244,1094,15,2026-10-01 18:02:21,1,0.0,349.0,349.0,Completed
5245,864,13,2026-10-01 17:52:24,1,0.0,45.0,45.0,Refunded
5246,1457,8,2026-10-01 17:48:32,1,0.1,15.0,13.5,Completed
5247,1439,1,2026-10-01 17:54:57,1,0.0,49.0,49.0,Completed
5248,528,11,2026-10-01 18:03:35,2,0.1,598.0,538.2,Completed
5249,269,10,2026-10-01 17:49:23,1,0.0,25.0,25.0,Completed
5250,9,3,2026-10-01 18:05:14,1,0.0,499.0,499.0,Refunded
5251,946,9,2026-10-01 18:03:22,5,0.05,395.0,375.25,Completed
5252,588,15,2026-10-01 17:53:30,1,0.0,349.0,349.0,Cancelled
5253,950,14,2026-10-01 17:51:15,2,0.0,20.0,20.0,Cancelled
5254,597,12,2026-10-01 17:50:41,1,0.0,59.0,59.0,Completed
5255,472,11,2026-10-01 18:01:40,1,0.0,299.0,299.0,Completed
5256,928,9,2026-10-01 17:49:31,1,0.1,79.0,71.1,Completed
5257,498,4,2026-10-01 17:53:03,1,0.05,19.0,18.05,Completed
5258,1421,1,2026-10-01 17:48:35,3,0.05,147.0,139.65,Completed
5259,649,2,2026-10-01 17:56:30,2,0.0,298.0,298.0,Refunded
5260,1495,8,2026-10-01 17:50:53,1,0.0,15.0,15.0,Completed
5261,1375,3,2026-10-01 17:50:30,2,0.05,998.0,948.1,Cancelled
5262,874,4,2026-10-01 17:55:40,1,0.0,19.0,19.0,Completed
5263,311,1,2026-10-01 18:00:15,2,0.1,98.0,88.2,Cancelled
5264,599,9,2026-10-01 18:05:09,3,0.0,237.0,237.0,Completed
5265,1113,4,2026-10-01 18:04:52,1,0.05,19.0,18.05,Refunded
5266,925,11,2026-10-01 18:02:57,1,0.0,299.0,299.0,Cancelled
5267,341,12,2026-10-01 17:52:39,1,0.0,59.0,59.0,Completed
5268,1429,4,2026-10-01 17:51:28,1,0.1,19.0,17.1,Completed
5269,1243,15,2026-10-01 17:50:30,1,0.0,349.0,349.0,Cancelled
5270,273,1,2026-10-01 18:02:49,1,0.0,49.0,49.0,Refunded
5271,574,10,2026-10-01 17:48:24,2,0.0,50.0,50.0,Completed
5272,299,5,2026-10-01 18:04:50,1,0.05,39.0,37.05,Completed
5273,1155,15,2026-10-01 17:57:32,1,0.0,349.0,349.0,Completed
5274,159,2,2026-10-01 18:04:59,2,0.0,298.0,298.0,Completed
5275,974,6,2026-10-01 17:48:41,2,0.0,398.0,398.0,Completed
5276,1108,15,2026-10-01 17:50:03,1,0.2,349.0,279.2,Cancelled
5277,1182,11,2026-10-01 18:01:16,2,0.05,598.0,568.1,Completed
5278,523,11,2026-10-01 17:56:31,1,0.0,299.0,299.0,Completed
5279,496,2,2026-10-01 17:58:01,1,0.0,149.0,149.0,Cancelled
5280,697,2,2026-10-01 17:52:22,1,0.1,149.0,134.1,Completed
5281,1070,11,2026-10-01 17:53:08,1,0.0,299.0,299.0,Completed
5282,978,5,2026-10-01 17:51:45,1,0.0,39.0,39.0,Completed
5283,404,1,2026-10-01 18:03:03,1,0.0,49.0,49.0,Refunded
5284,1058,15,2026-10-01 17:59:48,1,0.0,349.0,349.0,Completed
5285,998,14,2026-10-01 18:05:27,2,0.0,20.0,20.0,Completed
5286,187,15,2026-10-01 18:05:09,1,0.0,349.0,349.0,Refunded
5287,1346,2,2026-10-01 17:55:36,1,0.05,149.0,141.55,Cancelled
5288,1323,12,2026-10-01 18:02:40,1,0.05,59.0,56.05,Refunded
5289,192,2,2026-10-01 18:04:57,1,0.1,149.0,134.1,Refunded
5290,1060,7,2026-10-01 18:00:24,1,0.0,99.0,99.0,Refunded
5291,790,8,2026-10-01 18:02:35,1,0.05,15.0,14.25,Cancelled
5292,414,11,2026-10-01 17:48:02,1,0.0,299.0,299.0,Refunded
5293,86,12,2026-10-01 17:53:32,1,0.0,59.0,59.0,Cancelled
5294,425,6,2026-10-01 17:49:45,1,0.0,199.0,199.0,Cancelled
5295,138,10,2026-10-01 17:48:31,1,0.0,25.0,25.0,Completed
5296,1118,6,2026-10-01 17:56:30,1,0.2,199.0,159.2,Completed
5297,1185,11,2026-10-01 17:49:14,1,0.05,299.0,284.05,Completed
5298,579,3,2026-10-01 18:01:56,1,0.05,499.0,474.05,Completed
5299,959,15,2026-10-01 18:03:50,2,0.0,698.0,698.0,Cancelled
5300,89,2,2026-10-01 17:58:34,1,0.0,149.0,149.0,Completed
5301,872,7,2026-10-01 18:03:48,1,0.05,99.0,94.05,Completed
5302,9,14,2026-10-01 17:50:50,2,0.0,20.0,20.0,Completed
5303,1056,6,2026-10-01 17:53:47,1,0.1,199.0,179.1,Refunded
5304,367,8,2026-10-01 17:54:05,2,0.0,30.0,30.0,Cancelled
5305,1326,4,2026-10-01 18:00:37,1,0.0,19.0,19.0,Completed
5306,1455,1,2026-10-01 17:50:33,1,0.0,49.0,49.0,Cancelled
5307,760,5,2026-10-01 17:57:52,1,0.2,39.0,31.2,Completed
5308,1115,8,2026-10-01 18:01:24,2,0.1,30.0,27.0,Completed
5309,1097,15,2026-10-01 17:50:46,1,0.0,349.0,349.0,Completed
5310,1309,8,2026-10-01 17:50:31,2,0.0,30.0,30.0,Completed
5311,991,13,2026-10-01 17:53:02,1,0.0,45.0,45.0,Completed
5312,248,15,2026-10-01 18:05:05,2,0.0,698.0,698.0,Completed
5313,263,12,2026-10-01 18:04:42,2,0.05,118.0,112.1,Refunded
5314,407,1,2026-10-01 17:56:52,2,0.0,98.0,98.0,Refunded
5315,170,3,2026-10-01 17:53:17,1,0.1,499.0,449.1,Completed
5316,289,4,2026-10-01 18:02:06,1,0.0,19.0,19.0,Completed
5317,1389,1,2026-10-01 18:04:52,1,0.05,49.0,46.55,Refunded
5318,962,2,2026-10-01 17:52:47,2,0.1,298.0,268.2,Refunded
5319,247,11,2026-10-01 18:03:27,1,0.05,299.0,284.05,Completed
5320,771,6,2026-10-01 18:01:02,2,0.0,398.0,398.0,Refunded
5321,825,13,2026-10-01 18:03:56,1,0.0,45.0,45.0,Cancelled
5322,1249,12,2026-10-01 17:49:21,1,0.0,59.0,59.0,Completed
5323,399,5,2026-10-01 17:56:46,2,0.0,78.0,78.0,Cancelled
5324,1462,6,2026-10-01 17:49:07,1,0.1,199.0,179.1,Completed
5325,284,11,2026-10-01 17:59:45,1,0.05,299.0,284.05,Completed
5326,940,10,2026-10-01 17:55:28,1,0.05,25.0,23.75,Completed
5327,181,10,2026-10-01 17:51:40,1,0.0,25.0,25.0,Cancelled
5328,1441,1,2026-10-01 17:56:28,1,0.0,49.0,49.0,Completed
5329,980,11,2026-10-01 17:50:40,1,0.0,299.0,299.0,Completed
5330,686,8,2026-10-01 18:02:06,2,0.0,30.0,30.0,Completed
5331,674,1,2026-10-01 17:51:29,2,0.0,98.0,98.0,Completed
5332,813,12,2026-10-01 17:59:45,2,0.0,118.0,118.0,Completed
5333,63,9,2026-10-01 18:02:13,1,0.0,79.0,79.0,Cancelled
5334,1172,12,2026-10-01 17:49:09,1,0.0,59.0,59.0,Refunded
5335,689,10,2026-10-01 18:04:31,1,0.0,25.0,25.0,Completed
5336,452,6,2026-10-01 17:56:07,1,0.0,199.0,199.0,Completed
5337,734,8,2026-10-01 17:53:41,2,0.05,30.0,28.5,Completed
5338,581,10,2026-10-01 18:04:17,1,0.0,25.0,25.0,Completed
5339,788,4,2026-10-01 17:57:20,3,0.05,57.0,54.15,Refunded
5340,1298,7,2026-10-01 17:55:18,2,0.05,198.0,188.1,Completed
5341,320,1,2026-10-01 17:59:01,2,0.0,98.0,98.0,Refunded
5342,1419,3,2026-10-01 18:00:31,2,0.0,998.0,998.0,Completed
5343,300,13,2026-10-01 17:59:44,1,0.0,45.0,45.0,Cancelled
5344,683,5,2026-10-01 17:51:18,2,0.0,78.0,78.0,Completed
5345,1476,8,2026-10-01 18:03:21,1,0.0,15.0,15.0,Completed
5346,71,12,2026-10-01 18:01:14,2,0.05,118.0,112.1,Completed
5347,43,9,2026-10-01 17:53:51,1,0.0,79.0,79.0,Completed
5348,1366,12,2026-10-01 17:57:38,1,0.0,59.0,59.0,Completed
5349,1207,1,2026-10-01 17:49:11,1,0.0,49.0,49.0,Completed
5350,294,8,2026-10-01 18:02:02,2,0.0,30.0,30.0,Completed
5351,1495,1,2026-10-01 17:57:18,2,0.05,98.0,93.1,Completed
5352,481,6,2026-10-01 18:00:29,2,0.1,398.0,358.2,Completed
5353,782,10,2026-10-01 18:00:44,2,0.1,50.0,45.0,Completed
5354,27,2,2026-10-01 17:56:08,3,0.0,447.0,447.0,Completed
5355,1207,1,2026-10-01 17:56:41,1,0.0,49.0,49.0,Completed
5356,136,9,2026-10-01 18:02:18,1,0.0,79.0,79.0,Completed
5357,635,14,2026-10-01 17:48:31,2,0.2,20.0,16.0,Completed
5358,1079,11,2026-10-01 17:56:43,5,0.0,1495.0,1495.0,Completed
5359,133,6,2026-10-01 18:03:06,1,0.1,199.0,179.1,Completed
5360,1280,11,2026-10-01 18:05:06,1,0.05,299.0,284.05,Completed
5361,538,12,2026-10-01 17:58:18,1,0.0,59.0,59.0,Refunded
5362,182,4,2026-10-01 17:52:49,2,0.0,38.0,38.0,Cancelled
5363,1317,1,2026-10-01 17:49:51,1,0.1,49.0,44.1,Completed
5364,281,11,2026-10-01 18:02:48,1,0.0,299.0,299.0,Completed
5365,1172,5,2026-10-01 17:48:02,2,0.1,78.0,70.2,Completed
5366,938,14,2026-10-01 17:52:52,1,0.0,10.0,10.0,Completed
5367,151,14,2026-10-01 17:59:11,2,0.0,20.0,20.0,Completed
5368,1395,9,2026-10-01 17:51:08,3,0.05,237.0,225.15,Completed
5369,18,14,2026-10-01 18:00:49,1,0.0,10.0,10.0,Completed
5370,1239,8,2026-10-01 17:52:30,1,0.0,15.0,15.0,Completed
5371,194,9,2026-10-01 17:53:06,1,0.0,79.0,79.0,Completed
5372,287,11,2026-10-01 17:59:47,1,0.0,299.0,299.0,Refunded
5373,730,11,2026-10-01 17:55:56,1,0.05,299.0,284.05,Refunded
5374,995,7,2026-10-01 18:01:31,1,0.1,99.0,89.1,Cancelled
5375,1015,8,2026-10-01 17:57:02,1,0.1,15.0,13.5,Cancelled
5376,1112,13,2026-10-01 17:51:55,3,0.0,135.0,135.0,Completed
5377,886,9,2026-10-01 17:47:39,1,0.05,79.0,75.05,Completed
5378,51,2,2026-10-01 18:04:48,2,0.0,298.0,298.0,Completed
5379,942,15,2026-10-01 17:55:13,1,0.0,349.0,349.0,Completed
5380,871,7,2026-10-01 17:56:43,1,0.0,99.0,99.0,Cancelled
5381,23,10,2026-10-01 18:01:18,1,0.0,25.0,25.0,Refunded
5382,176,7,2026-10-01 18:04:46,5,0.0,495.0,495.0,Completed
5383,1128,15,2026-10-01 17:55:25,1,0.05,349.0,331.55,Cancelled
5384,1248,1,2026-10-01 17:49:03,1,0.0,49.0,49.0,Completed
5385,652,10,2026-10-01 18:02:31,1,0.0,25.0,25.0,Completed
5386,1275,8,2026-10-01 17:52:20,1,0.0,15.0,15.0,Completed
5387,1236,14,2026-10-01 17:56:28,1,0.0,10.0,10.0,Cancelled
5388,385,15,2026-10-01 18:01:08,1,0.2,349.0,279.2,Cancelled
5389,51,6,2026-10-01 18:04:01,1,0.0,199.0,199.0,Completed
5390,256,13,2026-10-01 17:52:48,1,0.1,45.0,40.5,Refunded
5391,676,8,2026-10-01 18:05:38,1,0.0,15.0,15.0,Completed
5392,285,10,2026-10-01 18:02:50,3,0.1,75.0,67.5,Refunded
5393,719,13,2026-10-01 17:49:58,1,0.0,45.0,45.0,Completed
5394,1328,2,2026-10-01 18:02:09,2,0.0,298.0,298.0,Refunded
5395,81,1,2026-10-01 17:48:24,2,0.0,98.0,98.0,Completed
5396,9,12,2026-10-01 17:49:48,1,0.0,59.0,59.0,Cancelled
5397,1442,11,2026-10-01 17:50:41,1,0.1,299.0,269.1,Cancelled
5398,1007,6,2026-10-01 17:57:53,1,0.2,199.0,159.2,Completed
5399,1316,1,2026-10-01 17:50:10,2,0.0,98.0,98.0,Completed
5400,253,2,2026-10-01 17:54:58,2,0.0,298.0,298.0,Completed
5401,131,11,2026-10-01 17:51:30,1,0.1,299.0,269.1,Completed
5402,1011,5,2026-10-01 17:56:07,1,0.05,39.0,37.05,Completed
5403,823,11,2026-10-01 17:59:51,1,0.0,299.0,299.0,Completed
5404,332,4,2026-10-01 17:53:13,2,0.0,38.0,38.0,Completed
5405,244,11,2026-10-01 17:54:37,1,0.0,299.0,299.0,Completed
5406,28,13,2026-10-01 18:01:33,3,0.05,135.0,128.25,Completed
5407,279,13,2026-10-01 17:51:20,1,0.0,45.0,45.0,Refunded
5408,1334,12,2026-10-01 17:55:35,1,0.0,59.0,59.0,Cancelled
5409,925,6,2026-10-01 17:54:55,1,0.1,199.0,179.1,Completed
5410,51,12,2026-10-01 18:03:52,2,0.0,118.0,118.0,Completed
5411,1315,13,2026-10-01 18:01:33,1,0.0,45.0,45.0,Cancelled
5412,753,15,2026-10-01 17:47:39,1,0.05,349.0,331.55,Refunded
5413,524,1,2026-10-01 17:59:18,2,0.0,98.0,98.0,Refunded
5414,427,6,2026-10-01 17:54:01,1,0.0,199.0,199.0,Completed
5415,449,5,2026-10-01 17:56:08,1,0.0,39.0,39.0,Refunded
5416,1343,7,2026-10-01 17:49:08,2,0.2,198.0,158.4,Refunded
5417,725,15,2026-10-01 17:56:20,2,0.0,698.0,698.0,Completed
5418,1038,4,2026-10-01 17:58:36,2,0.0,38.0,38.0,Completed
5419,1355,15,2026-10-01 18:05:05,1,0.0,349.0,349.0,Refunded
5420,1291,3,2026-10-01 17:50:52,2,0.1,998.0,898.2,Completed
5421,890,7,2026-10-01 18:01:19,2,0.0,198.0,198.0,Completed
5422,316,1,2026-10-01 17:58:59,2,0.1,98.0,88.2,Refunded
5423,748,9,2026-10-01 17:48:23,1,0.1,79.0,71.1,Cancelled
5424,596,4,2026-10-01 17:53:18,1,0.1,19.0,17.1,Refunded
5425,1250,9,2026-10-01 17:59:56,1,0.1,79.0,71.1,Completed
5426,616,4,2026-10-01 17:57:09,2,0.05,38.0,36.1,Cancelled
5427,1415,6,2026-10-01 17:57:57,2,0.0,398.0,398.0,Completed
5428,1483,13,2026-10-01 18:04:33,1,0.05,45.0,42.75,Completed
5429,1477,1,2026-10-01 17:52:35,1,0.0,49.0,49.0,Refunded
5430,950,3,2026-10-01 17:56:35,2,0.0,998.0,998.0,Refunded
5431,404,5,2026-10-01 17:51:54,1,0.2,39.0,31.2,Cancelled
5432,402,10,2026-10-01 17:50:58,1,0.0,25.0,25.0,Completed
5433,1004,15,2026-10-01 18:02:17,1,0.2,349.0,279.2,Completed
5434,553,11,2026-10-01 17:58:30,2,0.0,598.0,598.0,Completed
5435,495,9,2026-10-01 17:48:43,3,0.0,237.0,237.0,Completed
5436,687,9,2026-10-01 17:54:14,5,0.0,395.0,395.0,Completed
5437,1386,3,2026-10-01 17:57:31,1,0.05,499.0,474.05,Completed
5438,704,1,2026-10-01 17:56:59,1,0.2,49.0,39.2,Completed
5439,639,4,2026-10-01 17:48:36,1,0.1,19.0,17.1,Completed
5440,951,10,2026-10-01 18:01:51,1,0.05,25.0,23.75,Completed
5441,459,13,2026-10-01 18:01:22,1,0.1,45.0,40.5,Completed
5442,386,2,2026-10-01 17:49:48,2,0.05,298.0,283.1,Completed
5443,229,3,2026-10-01 18:03:41,1,0.0,499.0,499.0,Completed
5444,563,14,2026-10-01 18:04:10,1,0.0,10.0,10.0,Refunded
5445,542,3,2026-10-01 17:49:52,1,0.1,499.0,449.1,Refunded
5446,376,13,2026-10-01 18:05:15,1,0.0,45.0,45.0,Completed
5447,1073,6,2026-10-01 17:51:58,1,0.0,199.0,199.0,Cancelled
5448,1465,11,2026-10-01 17:56:28,1,0.0,299.0,299.0,Completed
5449,532,11,2026-10-01 17:49:04,2,0.2,598.0,478.4,Cancelled
5450,1282,2,2026-10-01 17:47:44,1,0.0,149.0,149.0,Completed
5451,977,11,2026-10-01 18:01:19,3,0.0,897.0,897.0,Completed
5452,641,13,2026-10-01 18:03:24,1,0.05,45.0,42.75,Completed
5453,856,3,2026-10-01 17:52:36,1,0.0,499.0,499.0,Completed
5454,852,8,2026-10-01 17:50:57,1,0.0,15.0,15.0,Refunded
5455,196,14,2026-10-01 17:56:55,1,0.0,10.0,10.0,Completed
5456,975,6,2026-10-01 17:50:22,3,0.05,597.0,567.15,Completed
5457,872,5,2026-10-01 18:02:45,2,0.0,78.0,78.0,Refunded
5458,59,9,2026-10-01 17:56:53,1,0.0,79.0,79.0,Refunded
5459,804,3,2026-10-01 18:01:46,1,0.05,499.0,474.05,Completed
5460,869,10,2026-10-01 18:05:17,1,0.05,25.0,23.75,Refunded
5461,493,1,2026-10-01 17:51:13,2,0.0,98.0,98.0,Cancelled
5462,1225,6,2026-10-01 17:55:22,3,0.0,597.0,597.0,Refunded
5463,122,5,2026-10-01 17:58:47,1,0.05,39.0,37.05,Cancelled
5464,1209,9,2026-10-01 17:53:57,1,0.1,79.0,71.1,Refunded
5465,903,4,2026-10-01 18:01:06,1,0.0,19.0,19.0,Completed
5466,441,5,2026-10-01 18:00:30,2,0.1,78.0,70.2,Cancelled
5467,1139,9,2026-10-01 17:56:41,3,0.0,237.0,237.0,Completed
5468,186,11,2026-10-01 18:02:03,1,0.0,299.0,299.0,Completed
5469,757,10,2026-10-01 17:56:08,2,0.0,50.0,50.0,Completed
5470,95,14,2026-10-01 18:01:09,1,0.0,10.0,10.0,Completed
5471,220,4,2026-10-01 18:02:40,1,0.0,19.0,19.0,Completed
5472,905,7,2026-10-01 17:58:17,1,0.05,99.0,94.05,Completed
5473,226,12,2026-10-01 18:04:56,1,0.0,59.0,59.0,Completed
5474,1288,5,2026-10-01 18:00:39,1,0.0,39.0,39.0,Completed
5475,1325,5,2026-10-01 17:58:18,1,0.1,39.0,35.1,Completed
5476,461,15,2026-10-01 17:50:43,2,0.1,698.0,628.2,Completed
5477,1361,10,2026-10-01 17:58:49,1,0.0,25.0,25.0,Completed
5478,657,1,2026-10-01 17:59:15,1,0.05,49.0,46.55,Completed
5479,1379,15,2026-10-01 17:56:33,1,0.0,349.0,349.0,Completed
5480,132,15,2026-10-01 17:58:21,1,0.1,349.0,314.1,Cancelled
5481,229,14,2026-10-01 17:49:19,1,0.05,10.0,9.5,Completed
5482,110,12,2026-10-01 17:51:25,1,0.0,59.0,59.0,Cancelled
5483,319,3,2026-10-01 17:51:53,1,0.0,499.0,499.0,Refunded
5484,1162,15,2026-10-01 17:52:15,1,0.0,349.0,349.0,Completed
5485,1392,8,2026-10-01 17:53:48,1,0.0,15.0,15.0,Completed
5486,736,3,2026-10-01 17:49:38,1,0.05,499.0,474.05,Refunded
5487,3,8,2026-10-01 18:03:57,1,0.0,15.0,15.0,Cancelled
5488,1268,14,2026-10-01 17:59:58,2,0.0,20.0,20.0,Completed
5489,116,5,2026-10-01 17:56:03,1,0.0,39.0,39.0,Completed
5490,13,3,2026-10-01 18:00:40,2,0.0,998.0,998.0,Cancelled
5491,500,9,2026-10-01 17:49:10,1,0.05,79.0,75.05,Completed
5492,635,11,2026-10-01 17:59:38,1,0.0,299.0,299.0,Cancelled
5493,648,9,2026-10-01 17:51:31,1,0.05,79.0,75.05,Completed
5494,487,11,2026-10-01 17:50:03,2,0.0,598.0,598.0,Cancelled
5495,1473,13,2026-10-01 18:03:50,1,0.0,45.0,45.0,Refunded
5496,1392,6,2026-10-01 17:50:19,1,0.0,199.0,199.0,Completed
5497,492,13,2026-10-01 18:02:04,1,0.0,45.0,45.0,Completed
5498,155,15,2026-10-01 17:49:45,1,0.0,349.0,349.0,Completed
5499,915,3,2026-10-01 17:55:24,1,0.1,499.0,449.1,Completed
5500,206,4,2026-10-01 18:01:07,1,0.0,19.0,19.0,Completed
5501,1118,5,2026-10-01 17:54:43,1,0.0,39.0,39.0,Completed
5502,1097,11,2026-10-01 18:02:01,1,0.0,299.0,299.0,Completed
5503,356,1,2026-10-01 17:58:22,2,0.05,98.0,93.1,Completed
5504,1377,7,2026-10-01 17:56:08,1,0.05,99.0,94.05,Refunded
5505,456,7,2026-10-01 18:01:40,2,0.0,198.0,198.0,Cancelled
5506,1386,11,2026-10-01 17:51:56,1,0.05,299.0,284.05,Refunded
5507,503,12,2026-10-01 17:51:03,1,0.0,59.0,59.0,Cancelled
5508,1214,12,2026-10-01 18:05:13,1,0.0,59.0,59.0,Refunded
5509,378,1,2026-10-01 17:56:31,1,0.0,49.0,49.0,Completed
5510,527,12,2026-10-01 17:58:50,2,0.05,118.0,112.1,Refunded
5511,19,8,2026-10-01 18:00:21,1,0.0,15.0,15.0,Cancelled
5512,748,14,2026-10-01 17:49:33,2,0.05,20.0,19.0,Cancelled
5513,1243,6,2026-10-01 18:00:35,1,0.0,199.0,199.0,Completed
5514,1084,6,2026-10-01 18:04:13,1,0.0,199.0,199.0,Cancelled
5515,165,10,2026-10-01 17:47:54,1,0.05,25.0,23.75,Completed
5516,532,15,2026-10-01 17:49:19,1,0.05,349.0,331.55,Completed
5517,1264,7,2026-10-01 17:48:29,1,0.0,99.0,99.0,Completed
5518,1229,3,2026-10-01 17:57:55,1,0.0,499.0,499.0,Completed
5519,900,8,2026-10-01 17:52:17,2,0.1,30.0,27.0,Cancelled
5520,1025,7,2026-10-01 17:57:50,2,0.1,198.0,178.2,Completed
5521,1198,6,2026-10-01 17:56:11,1,0.0,199.0,199.0,Refunded
5522,782,15,2026-10-01 17:53:45,2,0.0,698.0,698.0,Completed
5523,763,6,2026-10-01 17:49:15,1,0.0,199.0,199.0,Completed
5524,1116,14,2026-10-01 17:57:39,2,0.0,20.0,20.0,Completed
5525,96,3,2026-10-01 18:00:29,2,0.0,998.0,998.0,Completed
5526,1367,7,2026-10-01 18:00:27,3,0.0,297.0,297.0,Refunded
5527,781,3,2026-10-01 17:57:00,1,0.0,499.0,499.0,Completed
5528,2,5,2026-10-01 18:02:29,3,0.0,117.0,117.0,Refunded
5529,853,13,2026-10-01 18:02:22,1,0.0,45.0,45.0,Completed
5530,768,3,2026-10-01 18:04:37,1,0.0,499.0,499.0,Cancelled
5531,813,9,2026-10-01 18:01:39,2,0.0,158.0,158.0,Refunded
5532,537,8,2026-10-01 17:49:21,1,0.0,15.0,15.0,Completed
5533,773,9,2026-10-01 17:58:48,3,0.0,237.0,237.0,Cancelled
5534,990,15,2026-10-01 18:02:31,1,0.0,349.0,349.0,Cancelled
5535,474,1,2026-10-01 17:56:35,1,0.0,49.0,49.0,Refunded
5536,1399,10,2026-10-01 17:53:10,3,0.0,75.0,75.0,Completed
5537,1414,14,2026-10-01 17:48:08,1,0.0,10.0,10.0,Completed
5538,297,13,2026-10-01 17:58:15,3,0.2,135.0,108.0,Cancelled
5539,233,11,2026-10-01 17:58:23,1,0.0,299.0,299.0,Completed
5540,786,6,2026-10-01 18:02:06,1,0.0,199.0,199.0,Completed
5541,542,1,2026-10-01 18:00:04,1,0.1,49.0,44.1,Completed
5542,1186,2,2026-10-01 18:04:22,1,0.0,149.0,149.0,Completed
5543,1052,3,2026-10-01 18:02:46,1,0.0,499.0,499.0,Completed
5544,42,2,2026-10-01 17:59:15,1,0.0,149.0,149.0,Cancelled
5545,821,11,2026-10-01 17:48:38,1,0.1,299.0,269.1,Completed
5546,1387,8,2026-10-01 18:03:01,1,0.05,15.0,14.25,Cancelled
5547,1344,5,2026-10-01 17:58:10,2,0.0,78.0,78.0,Completed
5548,1192,10,2026-10-01 17:58:32,1,0.05,25.0,23.75,Completed
5549,331,15,2026-10-01 17:55:11,2,0.0,698.0,698.0,Completed
5550,227,5,2026-10-01 17:54:12,1,0.0,39.0,39.0,Completed
5551,856,6,2026-10-01 18:04:56,1,0.0,199.0,199.0,Cancelled
5552,1095,11,2026-10-01 17:48:38,1,0.1,299.0,269.1,Completed
5553,887,2,2026-10-01 18:02:09,1,0.05,149.0,141.55,Completed
5554,833,14,2026-10-01 17:52:06,1,0.2,10.0,8.0,Completed
5555,193,3,2026-10-01 17:55:55,1,0.2,499.0,399.2,Completed
5556,722,8,2026-10-01 18:00:15,2,0.05,30.0,28.5,Refunded
5557,212,7,2026-10-01 17:56:27,1,0.05,99.0,94.05,Completed
5558,1000,15,2026-10-01 18:01:27,1,0.0,349.0,349.0,Cancelled
5559,433,9,2026-10-01 18:00:39,2,0.05,158.0,150.1,Cancelled
5560,1199,1,2026-10-01 17:52:06,1,0.2,49.0,39.2,Completed
5561,1429,1,2026-10-01 17:53:56,1,0.0,49.0,49.0,Completed
5562,1024,2,2026-10-01 18:01:56,1,0.0,149.0,149.0,Completed
5563,1400,12,2026-10-01 17:59:08,1,0.0,59.0,59.0,Completed
5564,864,15,2026-10-01 17:57:31,1,0.1,349.0,314.1,Completed
5565,963,10,2026-10-01 17:49:29,2,0.0,50.0,50.0,Cancelled
5566,76,13,2026-10-01 17:51:21,2,0.0,90.0,90.0,Cancelled
5567,116,4,2026-10-01 18:01:11,1,0.0,19.0,19.0,Completed
5568,606,6,2026-10-01 17:59:03,1,0.0,199.0,199.0,Completed
5569,700,12,2026-10-01 17:59:29,1,0.2,59.0,47.2,Completed
5570,1393,10,2026-10-01 17:55:27,3,0.0,75.0,75.0,Completed
5571,314,8,2026-10-01 17:49:28,2,0.2,30.0,24.0,Completed
5572,1237,11,2026-10-01 17:47:57,1,0.1,299.0,269.1,Completed
5573,217,8,2026-10-01 18:02:10,2,0.0,30.0,30.0,Cancelled
5574,1435,12,2026-10-01 17:53:07,1,0.0,59.0,59.0,Completed
5575,1289,12,2026-10-01 17:54:01,2,0.1,118.0,106.2,Completed
5576,1011,14,2026-10-01 17:51:41,1,0.0,10.0,10.0,Completed
5577,1441,3,2026-10-01 17:53:37,2,0.0,998.0,998.0,Completed
5578,249,12,2026-10-01 17:52:50,1,0.0,59.0,59.0,Cancelled
5579,535,6,2026-10-01 17:57:41,1,0.1,199.0,179.1,Cancelled
5580,516,6,2026-10-01 17:53:49,1,0.0,199.0,199.0,Completed
5581,108,10,2026-10-01 18:03:04,1,0.1,25.0,22.5,Refunded
5582,1225,7,2026-10-01 18:02:15,1,0.05,99.0,94.05,Cancelled
5583,95,11,2026-10-01 18:03:58,1,0.05,299.0,284.05,Completed
5584,743,15,2026-10-01 18:03:49,2,0.0,698.0,698.0,Completed
5585,1290,5,2026-10-01 17:58:15,3,0.0,117.0,117.0,Cancelled
5586,1240,14,2026-10-01 18:01:20,1,0.0,10.0,10.0,Refunded
5587,1303,13,2026-10-01 17:52:14,2,0.0,90.0,90.0,Completed
5588,858,7,2026-10-01 17:58:26,1,0.0,99.0,99.0,Completed
5589,442,10,2026-10-01 17:49:56,1,0.1,25.0,22.5,Refunded
5590,59,8,2026-10-01 18:00:58,1,0.0,15.0,15.0,Completed
5591,1448,5,2026-10-01 17:48:35,3,0.05,117.0,111.15,Completed
5592,626,3,2026-10-01 17:51:11,1,0.05,499.0,474.05,Completed
5593,193,12,2026-10-01 17:50:20,1,0.1,59.0,53.1,Completed
5594,126,7,2026-10-01 17:53:41,1,0.0,99.0,99.0,Completed
5595,889,6,2026-10-01 17:57:14,1,0.0,199.0,199.0,Cancelled
5596,205,11,2026-10-01 17:51:03,2,0.0,598.0,598.0,Completed
5597,608,13,2026-10-01 17:50:48,3,0.1,135.0,121.5,Completed
5598,319,11,2026-10-01 18:00:21,5,0.0,1495.0,1495.0,Completed
5599,502,13,2026-10-01 18:04:49,2,0.0,90.0,90.0,Cancelled
5600,631,8,2026-10-01 17:56:13,1,0.05,15.0,14.25,Completed
5601,242,11,2026-10-01 18:05:17,2,0.0,598.0,598.0,Completed
5602,689,7,2026-10-01 18:00:54,5,0.0,495.0,495.0,Cancelled
5603,584,2,2026-10-01 17:49:41,1,0.0,149.0,149.0,Cancelled
5604,1105,10,2026-10-01 17:47:51,2,0.1,50.0,45.0,Refunded
5605,80,6,2026-10-01 17:48:09,1,0.05,199.0,189.05,Completed
5606,666,2,2026-10-01 17:51:20,1,0.05,149.0,141.55,Cancelled
5607,367,7,2026-10-01 18:03:50,2,0.05,198.0,188.1,Completed
5608,56,11,2026-10-01 18:05:16,1,0.0,299.0,299.0,Cancelled
5609,548,3,2026-10-01 18:01:10,2,0.0,998.0,998.0,Completed
5610,73,11,2026-10-01 18:04:04,3,0.0,897.0,897.0,Refunded
5611,1457,7,2026-10-01 18:04:31,1,0.05,99.0,94.05,Refunded
5612,1229,3,2026-10-01 17:52:00,2,0.0,998.0,998.0,Completed
5613,475,9,2026-10-01 17:54:20,1,0.0,79.0,79.0,Completed
5614,134,11,2026-10-01 17:50:21,2,0.05,598.0,568.1,Completed
5615,1247,11,2026-10-01 17:53:33,1,0.05,299.0,284.05,Completed
5616,626,3,2026-10-01 17:59:52,1,0.05,499.0,474.05,Completed
5617,603,1,2026-10-01 18:02:48,1,0.05,49.0,46.55,Cancelled
5618,385,5,2026-10-01 17:48:06,1,0.0,39.0,39.0,Completed
5619,1382,9,2026-10-01 17:56:58,1,0.0,79.0,79.0,Completed
5620,528,4,2026-10-01 18:02:52,1,0.0,19.0,19.0,Cancelled
5621,781,7,2026-10-01 17:52:15,3,0.0,297.0,297.0,Completed
5622,1040,7,2026-10-01 18:01:35,2,0.0,198.0,198.0,Completed
5623,360,5,2026-10-01 17:56:37,1,0.0,39.0,39.0,Refunded
5624,1271,3,2026-10-01 17:53:15,1,0.0,499.0,499.0,Refunded
5625,551,4,2026-10-01 18:02:09,1,0.1,19.0,17.1,Cancelled
5626,712,3,2026-10-01 17:50:14,3,0.1,1497.0,1347.3,Cancelled
5627,1273,6,2026-10-01 17:52:40,1,0.1,199.0,179.1,Refunded
5628,1294,14,2026-10-01 17:51:26,1,0.0,10.0,10.0,Cancelled
5629,865,5,2026-10-01 17:53:16,1,0.0,39.0,39.0,Completed
5630,964,7,2026-10-01 17:49:28,1,0.0,99.0,99.0,Completed
5631,1126,9,2026-10-01 17:54:36,1,0.0,79.0,79.0,Cancelled
5632,1206,6,2026-10-01 17:56:13,1,0.0,199.0,199.0,Refunded
5633,435,15,2026-10-01 17:55:27,1,0.0,349.0,349.0,Cancelled
5634,1322,7,2026-10-01 18:03:59,1,0.0,99.0,99.0,Refunded
5635,881,8,2026-10-01 17:59:19,1,0.05,15.0,14.25,Completed
5636,936,1,2026-10-01 17:55:25,1,0.0,49.0,49.0,Completed
5637,888,10,2026-10-01 18:02:19,1,0.1,25.0,22.5,Cancelled
5638,902,15,2026-10-01 17:59:27,1,0.0,349.0,349.0,Completed
5639,1073,5,2026-10-01 18:00:49,2,0.2,78.0,62.4,Refunded
5640,211,6,2026-10-01 17:49:17,1,0.1,199.0,179.1,Refunded
5641,886,12,2026-10-01 18:03:23,1,0.05,59.0,56.05,Completed
5642,1112,12,2026-10-01 17:59:36,1,0.1,59.0,53.1,Completed
5643,788,8,2026-10-01 17:53:24,1,0.0,15.0,15.0,Completed
5644,419,5,2026-10-01 18:00:13,1,0.2,39.0,31.2,Completed
5645,1251,15,2026-10-01 17:56:41,1,0.0,349.0,349.0,Cancelled
5646,672,1,2026-10-01 18:05:11,2,0.2,98.0,78.4,Completed
5647,664,13,2026-10-01 17:53:37,3,0.05,135.0,128.25,Refunded
5648,837,14,2026-10-01 17:58:13,2,0.05,20.0,19.0,Completed
5649,993,6,2026-10-01 17:52:00,1,0.0,199.0,199.0,Completed
5650,365,13,2026-10-01 17:51:51,1,0.0,45.0,45.0,Cancelled
5651,1204,3,2026-10-01 17:55:35,2,0.1,998.0,898.2,Completed
5652,616,1,2026-10-01 18:04:50,2,0.0,98.0,98.0,Completed
5653,1104,6,2026-10-01 17:58:43,2,0.2,398.0,318.4,Refunded
5654,354,13,2026-10-01 17:56:17,1,0.1,45.0,40.5,Cancelled
5655,147,11,2026-10-01 18:00:00,1,0.05,299.0,284.05,Cancelled
5656,1325,5,2026-10-01 17:56:48,1,0.05,39.0,37.05,Refunded
5657,1146,14,2026-10-01 17:49:15,1,0.0,10.0,10.0,Completed
5658,1049,6,2026-10-01 17:48:43,1,0.05,199.0,189.05,Completed
5659,45,13,2026-10-01 18:02:18,1,0.05,45.0,42.75,Refunded
5660,1125,10,2026-10-01 17:56:20,1,0.0,25.0,25.0,Cancelled
5661,1329,4,2026-10-01 17:58:04,1,0.0,19.0,19.0,Cancelled
5662,756,3,2026-10-01 18:00:11,3,0.1,1497.0,1347.3,Refunded
5663,942,6,2026-10-01 17:57:23,1,0.05,199.0,189.05,Completed
5664,443,7,2026-10-01 18:03:35,1,0.0,99.0,99.0,Completed
5665,866,4,2026-10-01 17:59:12,1,0.05,19.0,18.05,Completed
5666,1288,10,2026-10-01 17:52:37,1,0.0,25.0,25.0,Cancelled
5667,774,12,2026-10-01 17:54:22,2,0.0,118.0,118.0,Completed
5668,1101,2,2026-10-01 17:50:16,1,0.0,149.0,149.0,Completed
5669,760,8,2026-10-01 17:51:27,1,0.0,15.0,15.0,Completed
5670,919,15,2026-10-01 17:52:25,1,0.0,349.0,349.0,Refunded
5671,618,5,2026-10-01 17:54:15,2,0.0,78.0,78.0,Refunded
5672,355,11,2026-10-01 17:52:54,1,0.0,299.0,299.0,Completed
5673,804,8,2026-10-01 18:02:55,1,0.05,15.0,14.25,Cancelled
5674,1258,15,2026-10-01 17:57:23,3,0.1,1047.0,942.3,Cancelled
5675,1001,14,2026-10-01 18:04:25,1,0.05,10.0,9.5,Completed
5676,1256,5,2026-10-01 17:50:32,1,0.05,39.0,37.05,Completed
5677,1029,12,2026-10-01 18:03:02,1,0.0,59.0,59.0,Completed
5678,914,12,2026-10-01 18:02:36,1,0.0,59.0,59.0,Completed
5679,492,8,2026-10-01 18:01:14,1,0.0,15.0,15.0,Refunded
5680,577,1,2026-10-01 17:54:41,1,0.0,49.0,49.0,Refunded
5681,863,8,2026-10-01 17:55:56,1,0.0,15.0,15.0,Refunded
5682,719,4,2026-10-01 17:57:40,1,0.0,19.0,19.0,Refunded
5683,426,11,2026-10-01 17:53:19,2,0.0,598.0,598.0,Cancelled
5684,120,13,2026-10-01 18:04:21,1,0.05,45.0,42.75,Cancelled
5685,569,12,2026-10-01 17:53:26,1,0.0,59.0,59.0,Refunded
5686,732,12,2026-10-01 17:48:41,1,0.0,59.0,59.0,Completed
5687,1480,5,2026-10-01 17:54:11,1,0.0,39.0,39.0,Completed
5688,1341,11,2026-10-01 18:00:36,1,0.0,299.0,299.0,Completed
5689,411,14,2026-10-01 17:53:26,1,0.1,10.0,9.0,Refunded
5690,66,11,2026-10-01 17:50:08,1,0.1,299.0,269.1,Completed
5691,76,5,2026-10-01 18:03:51,1,0.1,39.0,35.1,Cancelled
5692,162,2,2026-10-01 17:59:43,1,0.0,149.0,149.0,Completed
5693,1198,13,2026-10-01 17:48:04,1,0.1,45.0,40.5,Completed
5694,162,10,2026-10-01 17:49:43,1,0.0,25.0,25.0,Cancelled
5695,1212,12,2026-10-01 17:49:56,1,0.0,59.0,59.0,Completed
5696,178,9,2026-10-01 18:00:51,1,0.1,79.0,71.1,Cancelled
5697,441,12,2026-10-01 17:56:04,3,0.05,177.0,168.15,Completed
5698,823,7,2026-10-01 17:49:04,1,0.05,99.0,94.05,Refunded
5699,919,7,2026-10-01 17:56:21,3,0.0,297.0,297.0,Refunded
5700,1047,8,2026-10-01 17:58:52,1,0.0,15.0,15.0,Refunded
5701,1196,7,2026-10-01 17:54:17,1,0.05,99.0,94.05,Refunded
5702,1122,15,2026-10-01 17:48:46,1,0.05,349.0,331.55,Completed
5703,1459,3,2026-10-01 18:00:50,1,0.0,499.0,499.0,Cancelled
5704,1201,6,2026-10-01 17:55:29,1,0.05,199.0,189.05,Completed
5705,566,12,2026-10-01 17:58:44,1,0.0,59.0,59.0,Completed
5706,8,12,2026-10-01 18:04:49,1,0.05,59.0,56.05,Refunded
5707,866,15,2026-10-01 17:52:35,1,0.0,349.0,349.0,Completed
5708,986,11,2026-10-01 17:56:45,1,0.0,299.0,299.0,Completed
5709,319,2,2026-10-01 17:55:28,1,0.0,149.0,149.0,Completed
5710,181,9,2026-10-01 17:58:56,1,0.0,79.0,79.0,Refunded
5711,630,8,2026-10-01 17:55:29,2,0.0,30.0,30.0,Cancelled
5712,185,5,2026-10-01 17:58:04,1,0.05,39.0,37.05,Completed
5713,344,5,2026-10-01 17:48:03,1,0.1,39.0,35.1,Completed
5714,6,4,2026-10-01 17:48:52,1,0.0,19.0,19.0,Completed
5715,35,15,2026-10-01 17:51:11,2,0.1,698.0,628.2,Completed
5716,1479,4,2026-10-01 18:05:13,2,0.0,38.0,38.0,Completed
5717,732,2,2026-10-01 17:50:00,1,0.05,149.0,141.55,Refunded
5718,848,5,2026-10-01 18:01:10,3,0.1,117.0,105.3,Refunded
5719,620,2,2026-10-01 18:02:41,1,0.2,149.0,119.2,Completed
5720,157,9,2026-10-01 18:03:50,1,0.0,79.0,79.0,Completed
5721,1053,6,2026-10-01 18:04:53,1,0.1,199.0,179.1,Refunded
5722,652,9,2026-10-01 17:57:25,2,0.0,158.0,158.0,Cancelled
5723,1080,13,2026-10-01 18:05:12,1,0.05,45.0,42.75,Completed
5724,1002,9,2026-10-01 17:49:56,1,0.0,79.0,79.0,Cancelled
5725,1270,1,2026-10-01 18:02:09,2,0.0,98.0,98.0,Completed
5726,350,9,2026-10-01 17:59:26,3,0.0,237.0,237.0,Cancelled
5727,227,7,2026-10-01 17:53:31,1,0.05,99.0,94.05,Completed
5728,441,9,2026-10-01 17:57:10,1,0.1,79.0,71.1,Cancelled
5729,452,5,2026-10-01 17:56:19,1,0.2,39.0,31.2,Completed
5730,1122,15,2026-10-01 17:56:19,2,0.0,698.0,698.0,Completed
5731,402,9,2026-10-01 17:59:55,1,0.0,79.0,79.0,Refunded
5732,388,5,2026-10-01 17:56:34,1,0.05,39.0,37.05,Completed
5733,639,15,2026-10-01 17:56:35,1,0.05,349.0,331.55,Completed
5734,1177,8,2026-10-01 18:02:14,2,0.0,30.0,30.0,Completed
5735,1204,12,2026-10-01 17:49:28,3,0.0,177.0,177.0,Cancelled
5736,644,3,2026-10-01 17:54:49,1,0.0,499.0,499.0,Completed
5737,179,5,2026-10-01 17:59:59,2,0.0,78.0,78.0,Completed
5738,172,6,2026-10-01 17:49:54,2,0.0,398.0,398.0,Completed
5739,111,2,2026-10-01 18:03:52,1,0.0,149.0,149.0,Completed
5740,630,5,2026-10-01 17:55:04,1,0.0,39.0,39.0,Completed
5741,1376,12,2026-10-01 18:03:01,1,0.0,59.0,59.0,Refunded
5742,739,10,2026-10-01 17:51:18,1,0.05,25.0,23.75,Completed
5743,655,8,2026-10-01 17:48:10,1,0.1,15.0,13.5,Refunded
5744,487,12,2026-10-01 17:58:35,2,0.0,118.0,118.0,Completed
5745,246,13,2026-10-01 17:55:52,1,0.2,45.0,36.0,Cancelled
5746,1211,2,2026-10-01 17:51:51,1,0.1,149.0,134.1,Cancelled
5747,547,6,2026-10-01 17:52:40,1,0.0,199.0,199.0,Completed
5748,1266,15,2026-10-01 18:03:13,2,0.0,698.0,698.0,Refunded
5749,215,15,2026-10-01 18:04:47,1,0.0,349.0,349.0,Refunded
5750,1414,10,2026-10-01 18:05:08,1,0.0,25.0,25.0,Cancelled
5751,1304,3,2026-10-01 17:56:22,1,0.0,499.0,499.0,Completed
5752,829,9,2026-10-01 18:00:49,1,0.1,79.0,71.1,Completed
5753,312,11,2026-10-01 18:02:10,1,0.1,299.0,269.1,Completed
5754,1307,7,2026-10-01 18:05:39,1,0.05,99.0,94.05,Cancelled
5755,1165,13,2026-10-01 18:05:12,1,0.0,45.0,45.0,Cancelled
5756,397,11,2026-10-01 17:52:56,1,0.0,299.0,299.0,Completed
5757,8,1,2026-10-01 17:49:43,1,0.0,49.0,49.0,Completed
5758,1009,3,2026-10-01 17:58:05,2,0.0,998.0,998.0,Refunded
5759,101,12,2026-10-01 17:58:23,1,0.0,59.0,59.0,Completed
5760,1322,11,2026-10-01 18:04:04,1,0.1,299.0,269.1,Cancelled
5761,696,10,2026-10-01 17:52:11,1,0.0,25.0,25.0,Completed
5762,1140,8,2026-10-01 18:04:00,3,0.0,45.0,45.0,Completed
5763,181,5,2026-10-01 17:51:13,1,0.1,39.0,35.1,Completed
5764,679,11,2026-10-01 17:57:00,5,0.1,1495.0,1345.5,Completed
5765,1447,15,2026-10-01 18:02:59,1,0.05,349.0,331.55,Cancelled
5766,819,1,2026-10-01 17:52:20,2,0.0,98.0,98.0,Cancelled
5767,59,3,2026-10-01 17:56:18,2,0.1,998.0,898.2,Completed
5768,27,7,2026-10-01 18:00:30,2,0.1,198.0,178.2,Refunded
5769,540,8,2026-10-01 17:55:35,3,0.0,45.0,45.0,Cancelled
5770,699,1,2026-10-01 17:48:53,2,0.0,98.0,98.0,Completed
5771,1300,9,2026-10-01 17:50:42,3,0.0,237.0,237.0,Completed
5772,893,7,2026-10-01 18:00:39,3,0.0,297.0,297.0,Completed
5773,193,15,2026-10-01 17:56:16,1,0.05,349.0,331.55,Completed
5774,884,13,2026-10-01 17:53:37,1,0.0,45.0,45.0,Refunded
5775,1088,9,2026-10-01 17:56:47,3,0.0,237.0,237.0,Refunded
5776,712,7,2026-10-01 17:52:09,1,0.1,99.0,89.1,Cancelled
5777,1277,14,2026-10-01 17:54:36,1,0.0,10.0,10.0,Completed
5778,854,11,2026-10-01 17:55:22,1,0.1,299.0,269.1,Cancelled
5779,48,15,2026-10-01 18:02:59,1,0.0,349.0,349.0,Completed
5780,1139,7,2026-10-01 17:53:12,1,0.0,99.0,99.0,Cancelled
5781,568,11,2026-10-01 18:05:26,2,0.1,598.0,538.2,Completed
5782,1183,10,2026-10-01 17:55:41,1,0.0,25.0,25.0,Completed
5783,675,2,2026-10-01 17:55:46,2,0.05,298.0,283.1,Cancelled
5784,1202,13,2026-10-01 17:51:10,5,0.0,225.0,225.0,Completed
5785,1148,3,2026-10-01 17:52:48,3,0.0,1497.0,1497.0,Completed
5786,151,10,2026-10-01 17:51:29,2,0.0,50.0,50.0,Refunded
5787,1154,12,2026-10-01 18:04:42,1,0.0,59.0,59.0,Completed
5788,903,3,2026-10-01 17:48:40,1,0.0,499.0,499.0,Completed
5789,838,8,2026-10-01 18:01:01,1,0.0,15.0,15.0,Cancelled
5790,679,12,2026-10-01 17:53:00,1,0.05,59.0,56.05,Refunded
5791,1011,1,2026-10-01 17:54:49,2,0.0,98.0,98.0,Cancelled
5792,1059,7,2026-10-01 17:53:32,2,0.0,198.0,198.0,Refunded
5793,680,7,2026-10-01 18:05:17,1,0.0,99.0,99.0,Completed
5794,753,13,2026-10-01 18:05:13,1,0.05,45.0,42.75,Completed
5795,326,9,2026-10-01 17:49:20,3,0.05,237.0,225.15,Completed
5796,227,9,2026-10-01 17:54:53,1,0.0,79.0,79.0,Completed
5797,86,7,2026-10-01 17:53:22,2,0.0,198.0,198.0,Refunded
5798,1097,12,2026-10-01 17:52:37,1,0.1,59.0,53.1,Refunded
5799,994,15,2026-10-01 17:51:47,1,0.0,349.0,349.0,Completed
5800,1251,7,2026-10-01 17:49:10,1,0.1,99.0,89.1,Completed
5801,983,5,2026-10-01 17:51:38,2,0.0,78.0,78.0,Cancelled
5802,973,6,2026-10-01 17:48:09,1,0.0,199.0,199.0,Completed
5803,167,8,2026-10-01 17:53:58,1,0.0,15.0,15.0,Completed
5804,1229,11,2026-10-01 17:55:30,1,0.0,299.0,299.0,Cancelled
5805,1001,5,2026-10-01 17:53:38,1,0.0,39.0,39.0,Completed
5806,179,11,2026-10-01 17:47:43,1,0.05,299.0,284.05,Cancelled
5807,791,11,2026-10-01 17:48:12,2,0.1,598.0,538.2,Refunded
5808,909,6,2026-10-01 17:49:48,2,0.1,398.0,358.2,Completed
5809,1264,10,2026-10-01 18:05:28,1,0.0,25.0,25.0,Completed
5810,550,10,2026-10-01 18:00:49,1,0.05,25.0,23.75,Completed
5811,734,13,2026-10-01 18:03:23,1,0.0,45.0,45.0,Completed
5812,1253,7,2026-10-01 18:02:27,1,0.0,99.0,99.0,Completed
5813,1480,1,2026-10-01 18:00:36,3,0.0,147.0,147.0,Completed
5814,719,12,2026-10-01 17:51:33,1,0.0,59.0,59.0,Completed
5815,812,13,2026-10-01 17:49:11,1,0.0,45.0,45.0,Completed
5816,1179,8,2026-10-01 17:48:40,1,0.0,15.0,15.0,Completed
5817,297,3,2026-10-01 18:04:59,1,0.05,499.0,474.05,Completed
5818,626,13,2026-10-01 18:04:03,1,0.0,45.0,45.0,Refunded
5819,841,9,2026-10-01 18:00:50,1,0.05,79.0,75.05,Completed
5820,893,11,2026-10-01 17:51:48,1,0.2,299.0,239.2,Cancelled
5821,69,5,2026-10-01 17:48:01,1,0.0,39.0,39.0,Completed
5822,1134,1,2026-10-01 17:50:30,1,0.1,49.0,44.1,Completed
5823,899,12,2026-10-01 17:57:44,1,0.05,59.0,56.05,Cancelled
5824,818,7,2026-10-01 17:54:06,5,0.0,495.0,495.0,Completed
5825,669,5,2026-10-01 18:00:22,1,0.1,39.0,35.1,Completed
5826,502,10,2026-10-01 18:00:44,1,0.0,25.0,25.0,Cancelled
5827,896,8,2026-10-01 17:50:49,2,0.1,30.0,27.0,Refunded
5828,1297,12,2026-10-01 17:57:30,1,0.0,59.0,59.0,Completed
5829,423,7,2026-10-01 17:49:45,3,0.1,297.0,267.3,Completed
5830,1279,10,2026-10-01 17:55:40,1,0.0,25.0,25.0,Completed
5831,1456,9,2026-10-01 17:57:31,2,0.0,158.0,158.0,Refunded
5832,1284,15,2026-10-01 17:58:32,1,0.1,349.0,314.1,Completed
5833,88,3,2026-10-01 17:55:58,5,0.1,2495.0,2245.5,Completed
5834,658,12,2026-10-01 17:50:33,2,0.05,118.0,112.1,Completed
5835,1141,4,2026-10-01 18:05:04,2,0.05,38.0,36.1,Refunded
5836,697,14,2026-10-01 17:49:16,1,0.0,10.0,10.0,Completed
5837,792,3,2026-10-01 18:04:07,1,0.0,499.0,499.0,Cancelled
5838,760,7,2026-10-01 17:57:04,1,0.0,99.0,99.0,Completed
5839,810,1,2026-10-01 18:02:01,1,0.05,49.0,46.55,Completed
5840,985,14,2026-10-01 17:52:22,1,0.05,10.0,9.5,Cancelled
5841,1428,10,2026-10-01 17:54:18,3,0.05,75.0,71.25,Completed
5842,935,8,2026-10-01 17:58:23,1,0.0,15.0,15.0,Cancelled
5843,1388,12,2026-10-01 17:58:12,1,0.0,59.0,59.0,Completed
5844,1238,13,2026-10-01 18:01:35,1,0.0,45.0,45.0,Completed
5845,880,15,2026-10-01 17:58:26,1,0.0,349.0,349.0,Cancelled
5846,1379,13,2026-10-01 17:50:59,1,0.05,45.0,42.75,Completed
5847,1358,10,2026-10-01 17:48:50,1,0.0,25.0,25.0,Refunded
5848,718,7,2026-10-01 17:47:46,2,0.0,198.0,198.0,Completed
5849,986,1,2026-10-01 17:54:25,1,0.0,49.0,49.0,Cancelled
5850,540,11,2026-10-01 17:48:13,2,0.0,598.0,598.0,Completed
5851,456,13,2026-10-01 18:03:15,1,0.0,45.0,45.0,Refunded
5852,209,6,2026-10-01 18:01:26,2,0.1,398.0,358.2,Completed
5853,289,12,2026-10-01 17:53:52,1,0.0,59.0,59.0,Cancelled
5854,111,8,2026-10-01 17:47:46,1,0.1,15.0,13.5,Completed
5855,612,14,2026-10-01 18:00:16,1,0.0,10.0,10.0,Cancelled
5856,950,8,2026-10-01 17:57:10,1,0.0,15.0,15.0,Completed
5857,225,2,2026-10-01 17:58:53,3,0.05,447.0,424.65,Refunded
5858,932,14,2026-10-01 18:00:35,1,0.0,10.0,10.0,Completed
5859,493,11,2026-10-01 18:02:35,1,0.1,299.0,269.1,Completed
5860,1422,9,2026-10-01 17:50:11,1,0.0,79.0,79.0,Completed
5861,960,9,2026-10-01 17:58:57,1,0.0,79.0,79.0,Completed
5862,702,5,2026-10-01 17:48:19,1,0.05,39.0,37.05,Refunded
5863,633,2,2026-10-01 17:49:13,1,0.0,149.0,149.0,Completed
5864,958,4,2026-10-01 18:02:31,1,0.0,19.0,19.0,Completed
5865,297,9,2026-10-01 18:02:25,1,0.0,79.0,79.0,Cancelled
5866,37,14,2026-10-01 18:00:57,2,0.05,20.0,19.0,Completed
5867,996,12,2026-10-01 18:02:03,1,0.1,59.0,53.1,Completed
5868,1028,2,2026-10-01 17:56:49,1,0.0,149.0,149.0,Completed
5869,1088,13,2026-10-01 17:50:47,3,0.05,135.0,128.25,Completed
5870,397,7,2026-10-01 17:50:10,1,0.0,99.0,99.0,Completed
5871,910,1,2026-10-01 17:48:05,1,0.0,49.0,49.0,Completed
5872,821,13,2026-10-01 18:01:03,1,0.2,45.0,36.0,Completed
5873,522,12,2026-10-01 18:00:18,3,0.05,177.0,168.15,Refunded
5874,1476,13,2026-10-01 17:57:51,2,0.05,90.0,85.5,Completed
5875,255,9,2026-10-01 17:50:36,1,0.0,79.0,79.0,Completed
5876,86,9,2026-10-01 17:50:43,2,0.0,158.0,158.0,Completed
5877,764,12,2026-10-01 17:55:19,2,0.0,118.0,118.0,Refunded
5878,53,4,2026-10-01 17:57:16,1,0.0,19.0,19.0,Completed
5879,160,8,2026-10-01 17:47:42,1,0.05,15.0,14.25,Completed
5880,215,8,2026-10-01 18:02:54,2,0.1,30.0,27.0,Refunded
5881,1174,13,2026-10-01 17:58:42,1,0.0,45.0,45.0,Refunded
5882,1113,7,2026-10-01 17:51:04,2,0.0,198.0,198.0,Cancelled
5883,641,6,2026-10-01 18:01:15,1,0.0,199.0,199.0,Completed
5884,225,12,2026-10-01 17:56:49,2,0.0,118.0,118.0,Completed
5885,1362,9,2026-10-01 18:03:40,2,0.1,158.0,142.2,Refunded
5886,912,7,2026-10-01 17:49:04,1,0.0,99.0,99.0,Completed
5887,878,8,2026-10-01 18:05:29,5,0.0,75.0,75.0,Completed
5888,1441,9,2026-10-01 17:48:09,1,0.0,79.0,79.0,Completed
5889,931,3,2026-10-01 18:00:11,1,0.0,499.0,499.0,Completed
5890,175,4,2026-10-01 17:54:17,1,0.0,19.0,19.0,Completed
5891,398,10,2026-10-01 18:02:19,1,0.0,25.0,25.0,Completed
5892,1237,8,2026-10-01 18:01:58,3,0.0,45.0,45.0,Refunded
5893,1301,5,2026-10-01 17:54:33,3,0.0,117.0,117.0,Refunded
5894,1378,15,2026-10-01 17:57:41,1,0.0,349.0,349.0,Cancelled
5895,848,8,2026-10-01 17:52:27,2,0.1,30.0,27.0,Completed
5896,1066,1,2026-10-01 18:00:32,1,0.05,49.0,46.55,Completed
5897,1361,1,2026-10-01 18:01:28,3,0.05,147.0,139.65,Completed
5898,746,13,2026-10-01 17:53:05,1,0.1,45.0,40.5,Cancelled
5899,315,7,2026-10-01 18:00:54,2,0.0,198.0,198.0,Completed
5900,372,11,2026-10-01 18:03:19,1,0.1,299.0,269.1,Refunded
5901,1211,5,2026-10-01 17:48:10,2,0.05,78.0,74.1,Completed
5902,1038,14,2026-10-01 17:55:38,2,0.0,20.0,20.0,Cancelled
5903,213,2,2026-10-01 18:02:26,2,0.05,298.0,283.1,Completed
5904,341,2,2026-10-01 18:05:24,1,0.05,149.0,141.55,Completed
5905,326,13,2026-10-01 17:51:41,1,0.1,45.0,40.5,Cancelled
5906,1002,13,2026-10-01 18:03:46,1,0.0,45.0,45.0,Completed
5907,683,13,2026-10-01 18:04:12,1,0.0,45.0,45.0,Completed
5908,925,5,2026-10-01 17:50:07,1,0.0,39.0,39.0,Completed
5909,1434,4,2026-10-01 18:00:04,1,0.05,19.0,18.05,Completed
5910,574,5,2026-10-01 17:48:41,3,0.0,117.0,117.0,Completed
5911,1409,9,2026-10-01 18:00:18,1,0.05,79.0,75.05,Completed
5912,175,4,2026-10-01 18:02:17,1,0.0,19.0,19.0,Cancelled
5913,38,11,2026-10-01 17:53:48,1,0.0,299.0,299.0,Cancelled
5914,1328,11,2026-10-01 18:00:02,1,0.05,299.0,284.05,Completed
5915,911,14,2026-10-01 18:03:07,3,0.0,30.0,30.0,Completed
5916,205,9,2026-10-01 17:50:17,2,0.0,158.0,158.0,Refunded
5917,165,5,2026-10-01 18:03:09,1,0.0,39.0,39.0,Completed
5918,153,5,2026-10-01 18:00:31,1,0.0,39.0,39.0,Completed
5919,663,5,2026-10-01 17:48:26,3,0.1,117.0,105.3,Completed
5920,379,8,2026-10-01 17:55:43,1,0.0,15.0,15.0,Refunded
5921,24,4,2026-10-01 17:51:58,1,0.0,19.0,19.0,Refunded
5922,597,8,2026-10-01 17:48:24,3,0.0,45.0,45.0,Cancelled
5923,22,7,2026-10-01 17:50:37,1,0.0,99.0,99.0,Completed
5924,1114,4,2026-10-01 17:52:10,2,0.0,38.0,38.0,Cancelled
5925,765,1,2026-10-01 18:02:22,1,0.05,49.0,46.55,Completed
5926,1304,7,2026-10-01 17:59:53,1,0.0,99.0,99.0,Completed
5927,86,5,2026-10-01 18:03:09,1,0.1,39.0,35.1,Refunded
5928,1149,1,2026-10-01 18:05:28,1,0.0,49.0,49.0,Refunded
5929,1177,4,2026-10-01 17:54:01,1,0.1,19.0,17.1,Completed
5930,793,14,2026-10-01 18:00:37,1,0.0,10.0,10.0,Refunded
5931,526,10,2026-10-01 17:48:09,1,0.0,25.0,25.0,Cancelled
5932,1256,2,2026-10-01 17:57:58,1,0.0,149.0,149.0,Completed
5933,1248,11,2026-10-01 17:50:20,1,0.05,299.0,284.05,Completed
5934,1166,1,2026-10-01 17:47:50,3,0.05,147.0,139.65,Refunded
5935,1322,1,2026-10-01 18:00:13,1,0.0,49.0,49.0,Completed
5936,1445,10,2026-10-01 17:52:24,1,0.0,25.0,25.0,Cancelled
5937,142,12,2026-10-01 17:50:08,2,0.0,118.0,118.0,Completed
5938,385,7,2026-10-01 18:03:23,5,0.0,495.0,495.0,Refunded
5939,952,1,2026-10-01 17:59:58,1,0.0,49.0,49.0,Completed
5940,506,2,2026-10-01 17:59:06,1,0.05,149.0,141.55,Refunded
5941,1493,3,2026-10-01 18:05:04,2,0.0,998.0,998.0,Completed
5942,823,13,2026-10-01 17:58:22,1,0.0,45.0,45.0,Refunded
5943,1171,12,2026-10-01 17:51:40,3,0.0,177.0,177.0,Cancelled
5944,933,6,2026-10-01 18:03:22,2,0.0,398.0,398.0,Completed
5945,1236,4,2026-10-01 18:04:15,1,0.2,19.0,15.2,Cancelled
5946,473,13,2026-10-01 18:03:14,1,0.0,45.0,45.0,Cancelled
5947,1309,2,2026-10-01 17:57:34,1,0.0,149.0,149.0,Completed
5948,669,14,2026-10-01 17:50:43,1,0.0,10.0,10.0,Completed
5949,773,10,2026-10-01 17:52:21,1,0.05,25.0,23.75,Completed
5950,251,1,2026-10-01 18:04:18,2,0.05,98.0,93.1,Completed
5951,97,15,2026-10-01 17:57:46,2,0.0,698.0,698.0,Cancelled
5952,501,4,2026-10-01 18:00:47,1,0.0,19.0,19.0,Cancelled
5953,1301,10,2026-10-01 17:53:57,2,0.0,50.0,50.0,Completed
5954,452,6,2026-10-01 17:50:11,2,0.1,398.0,358.2,Refunded
5955,205,8,2026-10-01 17:50:56,3,0.0,45.0,45.0,Refunded
5956,1433,1,2026-10-01 17:52:35,1,0.0,49.0,49.0,Cancelled
5957,926,15,2026-10-01 17:57:13,1,0.0,349.0,349.0,Completed
5958,266,5,2026-10-01 17:50:47,3,0.05,117.0,111.15,Completed
5959,676,2,2026-10-01 18:01:23,3,0.0,447.0,447.0,Completed
5960,1300,11,2026-10-01 17:52:21,1,0.0,299.0,299.0,Completed
5961,918,7,2026-10-01 18:02:31,1,0.0,99.0,99.0,Cancelled
5962,929,13,2026-10-01 17:56:44,2,0.0,90.0,90.0,Refunded
5963,125,1,2026-10-01 17:53:41,1,0.0,49.0,49.0,Completed
5964,1344,14,2026-10-01 17:53:12,2,0.0,20.0,20.0,Refunded
5965,1386,11,2026-10-01 17:52:27,1,0.0,299.0,299.0,Completed
5966,1309,13,2026-10-01 18:03:56,1,0.0,45.0,45.0,Completed
5967,463,3,2026-10-01 17:59:03,1,0.05,499.0,474.05,Refunded
5968,683,15,2026-10-01 18:05:08,2,0.0,698.0,698.0,Completed
5969,697,2,2026-10-01 17:50:11,2,0.0,298.0,298.0,Completed
5970,1093,14,2026-10-01 18:02:59,1,0.0,10.0,10.0,Refunded
5971,1486,13,2026-10-01 17:49:28,1,0.0,45.0,45.0,Completed
5972,706,7,2026-10-01 17:56:40,1,0.0,99.0,99.0,Completed
5973,333,8,2026-10-01 18:00:09,1,0.0,15.0,15.0,Cancelled
5974,738,14,2026-10-01 17:56:44,1,0.1,10.0,9.0,Refunded
5975,847,14,2026-10-01 17:52:09,1,0.0,10.0,10.0,Refunded
5976,1180,8,2026-10-01 17:51:14,1,0.1,15.0,13.5,Completed
5977,594,11,2026-10-01 17:59:28,2,0.0,598.0,598.0,Refunded
5978,307,9,2026-10-01 17:57:40,1,0.0,79.0,79.0,Completed
5979,794,11,2026-10-01 18:00:22,1,0.0,299.0,299.0,Completed
5980,550,11,2026-10-01 18:04:14,1,0.0,299.0,299.0,Completed
5981,1247,9,2026-10-01 17:49:11,1,0.05,79.0,75.05,Cancelled
5982,715,12,2026-10-01 17:58:32,1,0.1,59.0,53.1,Refunded
5983,1482,10,2026-10-01 18:02:30,2,0.0,50.0,50.0,Refunded
5984,139,4,2026-10-01 18:04:54,1,0.1,19.0,17.1,Cancelled
5985,976,1,2026-10-01 17:51:57,1,0.1,49.0,44.1,Refunded
5986,935,8,2026-10-01 17:47:44,1,0.0,15.0,15.0,Completed
5987,1167,10,2026-10-01 17:52:28,2,0.0,50.0,50.0,Refunded
5988,457,8,2026-10-01 17:51:57,1,0.0,15.0,15.0,Refunded
5989,143,11,2026-10-01 18:00:10,2,0.0,598.0,598.0,Refunded
5990,489,6,2026-10-01 18:04:36,1,0.0,199.0,199.0,Refunded
5991,354,3,2026-10-01 17:47:39,1,0.0,499.0,499.0,Cancelled
5992,1338,15,2026-10-01 17:48:15,1,0.0,349.0,349.0,Completed
5993,395,11,2026-10-01 17:49:20,3,0.0,897.0,897.0,Completed
5994,442,10,2026-10-01 17:49:48,1,0.0,25.0,25.0,Completed
5995,777,1,2026-10-01 18:01:16,2,0.1,98.0,88.2,Completed
5996,774,10,2026-10-01 17:55:08,5,0.0,125.0,125.0,Completed
5997,1393,15,2026-10-01 17:59:19,1,0.05,349.0,331.55,Completed
5998,391,6,2026-10-01 18:01:38,1,0.1,199.0,179.1,Completed
5999,288,10,2026-10-01 17:57:02,1,0.0,25.0,25.0,Completed
6000,497,8,2026-10-01 17:49:27,2,0.0,30.0,30.0,Refunded
