billing_id,customer_id,plan_id,billing_date,amount_paid,payment_status,is_churned
1,543,1,2026-09-30,49.0,Paid,0
2,589,2,2026-09-30,149.0,Paid,0
3,503,1,2026-09-30,49.0,Paid,0
4,525,1,2026-09-30,49.0,Paid,0
5,637,3,2026-09-30,499.0,Paid,0
6,664,1,2026-09-30,0.0,Failed,1
7,620,4,2026-09-30,4990.0,Paid,0
8,683,3,2026-09-30,0.0,Failed,1
9,869,2,2026-09-30,0.0,Failed,1
10,57,2,2026-09-30,149.0,Paid,0
11,469,2,2026-09-30,149.0,Paid,0
12,346,1,2026-09-30,49.0,Paid,0
13,985,1,2026-09-30,49.0,Paid,0
14,1273,4,2026-09-30,4990.0,Paid,0
15,1148,2,2026-09-30,0.0,Failed,0
16,1213,3,2026-09-30,499.0,Paid,0
17,1106,3,2026-09-30,0.0,Failed,1
18,1064,2,2026-09-30,149.0,Paid,0
19,516,3,2026-09-30,499.0,Paid,0
20,1163,1,2026-09-30,0.0,Failed,1
21,232,2,2026-09-30,0.0,Failed,1
22,236,2,2026-09-30,149.0,Paid,0
23,399,3,2026-09-30,499.0,Paid,0
24,965,1,2026-09-30,49.0,Paid,0
25,161,2,2026-09-30,149.0,Paid,0
26,1080,2,2026-09-30,149.0,Paid,0
27,1403,1,2026-09-30,49.0,Paid,0
28,302,2,2026-09-30,149.0,Paid,0
29,169,2,2026-09-30,0.0,Failed,1
30,751,3,2026-09-30,499.0,Paid,0
31,816,1,2026-09-30,0.0,Failed,0
32,1349,3,2026-09-30,499.0,Paid,0
33,114,3,2026-09-30,499.0,Paid,0
34,832,2,2026-09-30,0.0,Failed,1
35,37,3,2026-09-30,499.0,Paid,0
36,351,2,2026-09-30,0.0,Failed,1
37,350,3,2026-09-30,499.0,Paid,0
38,1478,1,2026-09-30,0.0,Failed,1
39,700,1,2026-09-30,49.0,Paid,0
40,414,1,2026-09-30,49.0,Paid,0
41,1040,4,2026-09-30,4990.0,Paid,0
42,488,2,2026-09-30,149.0,Paid,0
43,815,2,2026-09-30,149.0,Paid,0
44,873,1,2026-09-30,49.0,Paid,0
45,532,1,2026-09-30,49.0,Paid,0
46,470,1,2026-09-30,0.0,Failed,1
47,1360,2,2026-09-30,149.0,Paid,0
48,1272,2,2026-09-30,149.0,Paid,0
49,196,1,2026-09-30,49.0,Paid,0
50,1159,2,2026-09-30,0.0,Failed,0
51,57,2,2026-09-30,149.0,Paid,0
52,151,2,2026-09-30,149.0,Paid,0
53,245,3,2026-09-30,499.0,Paid,0
54,1126,2,2026-09-30,149.0,Paid,0
55,259,1,2026-09-30,49.0,Paid,0
56,1158,2,2026-09-30,149.0,Paid,0
57,551,2,2026-09-30,149.0,Paid,0
58,977,2,2026-09-30,149.0,Paid,0
59,1216,3,2026-09-30,499.0,Paid,0
60,1097,4,2026-09-30,4990.0,Paid,0
61,661,3,2026-09-30,499.0,Paid,0
62,880,3,2026-09-30,0.0,Failed,1
63,1232,1,2026-09-30,49.0,Paid,0
64,956,1,2026-09-30,0.0,Failed,1
65,227,4,2026-09-30,4990.0,Paid,0
66,376,1,2026-09-30,0.0,Failed,0
67,1194,2,2026-09-30,0.0,Failed,1
68,1232,1,2026-09-30,49.0,Paid,0
69,1420,1,2026-09-30,49.0,Paid,0
70,1338,2,2026-09-30,0.0,Failed,0
71,483,3,2026-09-30,0.0,Failed,0
72,945,2,2026-09-30,149.0,Paid,0
73,609,1,2026-09-30,49.0,Paid,0
74,405,2,2026-09-30,149.0,Paid,0
75,624,2,2026-09-30,0.0,Failed,1
76,338,2,2026-09-30,0.0,Failed,1
77,226,1,2026-09-30,0.0,Failed,0
78,630,1,2026-09-30,49.0,Paid,0
79,321,2,2026-09-30,149.0,Paid,0
80,464,1,2026-09-30,49.0,Paid,0
81,1313,1,2026-09-30,49.0,Paid,0
82,965,2,2026-09-30,0.0,Failed,0
83,1284,1,2026-09-30,49.0,Paid,0
84,1163,1,2026-09-30,49.0,Paid,0
85,859,2,2026-09-30,0.0,Failed,1
86,851,1,2026-09-30,49.0,Paid,0
87,831,1,2026-09-30,49.0,Paid,0
88,258,1,2026-09-30,49.0,Paid,0
89,68,1,2026-09-30,49.0,Paid,0
90,109,2,2026-09-30,149.0,Paid,0
91,1471,4,2026-09-30,4990.0,Paid,0
92,206,2,2026-09-30,149.0,Paid,0
93,956,1,2026-09-30,49.0,Paid,0
94,943,1,2026-09-30,49.0,Paid,0
95,812,1,2026-09-30,49.0,Paid,0
96,530,2,2026-09-30,149.0,Paid,0
97,863,2,2026-09-30,149.0,Paid,0
98,24,2,2026-09-30,149.0,Paid,0
99,258,3,2026-09-30,499.0,Paid,0
100,446,4,2026-09-30,4990.0,Paid,0
101,919,3,2026-09-30,499.0,Paid,0
102,324,2,2026-09-30,149.0,Paid,0
103,1326,3,2026-09-30,0.0,Failed,0
104,1421,2,2026-09-30,0.0,Failed,0
105,169,4,2026-09-30,4990.0,Paid,0
106,1219,1,2026-09-30,49.0,Paid,0
107,341,2,2026-09-30,149.0,Paid,0
108,617,2,2026-09-30,149.0,Paid,0
109,825,1,2026-09-30,49.0,Paid,0
110,1474,1,2026-09-30,49.0,Paid,0
111,1177,1,2026-09-30,49.0,Paid,0
112,886,1,2026-09-30,0.0,Failed,1
113,1321,1,2026-09-30,49.0,Paid,0
114,925,2,2026-09-30,149.0,Paid,0
115,1446,1,2026-09-30,49.0,Paid,0
116,1349,3,2026-09-30,499.0,Paid,0
117,361,2,2026-09-30,149.0,Paid,0
118,821,2,2026-09-30,149.0,Paid,0
119,1483,2,2026-09-30,149.0,Paid,0
120,887,2,2026-09-30,149.0,Paid,0
121,549,3,2026-09-30,499.0,Paid,0
122,1274,1,2026-09-30,49.0,Paid,0
123,1401,2,2026-09-30,149.0,Paid,0
124,568,1,2026-09-30,49.0,Paid,0
125,1376,2,2026-09-30,149.0,Paid,0
126,1411,1,2026-09-30,0.0,Failed,1
127,456,1,2026-09-30,49.0,Paid,0
128,509,3,2026-09-30,499.0,Paid,0
129,454,1,2026-09-30,0.0,Failed,1
130,698,1,2026-09-30,49.0,Paid,0
131,104,1,2026-09-30,49.0,Paid,0
132,867,1,2026-09-30,49.0,Paid,0
133,313,1,2026-09-30,0.0,Failed,0
134,45,2,2026-09-30,149.0,Paid,0
135,391,2,2026-09-30,0.0,Failed,1
136,496,1,2026-09-30,49.0,Paid,0
137,664,3,2026-09-30,0.0,Failed,1
138,510,3,2026-09-30,499.0,Paid,0
139,197,3,2026-09-30,0.0,Failed,0
140,749,3,2026-09-30,499.0,Paid,0
141,1095,3,2026-09-30,499.0,Paid,0
142,1204,4,2026-09-30,4990.0,Paid,0
143,1299,4,2026-09-30,4990.0,Paid,0
144,560,1,2026-09-30,49.0,Paid,0
145,699,1,2026-09-30,49.0,Paid,0
146,162,2,2026-09-30,149.0,Paid,0
147,761,3,2026-09-30,499.0,Paid,0
148,270,1,2026-09-30,49.0,Paid,0
149,996,3,2026-09-30,499.0,Paid,0
150,1201,1,2026-09-30,49.0,Paid,0
151,708,3,2026-09-30,499.0,Paid,0
152,1466,2,2026-09-30,149.0,Paid,0
153,1252,4,2026-09-30,4990.0,Paid,0
154,1263,2,2026-09-30,0.0,Failed,1
155,1418,2,2026-09-30,149.0,Paid,0
156,734,2,2026-09-30,149.0,Paid,0
157,804,2,2026-09-30,149.0,Paid,0
158,356,4,2026-09-30,4990.0,Paid,0
159,569,2,2026-09-30,149.0,Paid,0
160,882,1,2026-09-30,0.0,Failed,1
161,153,2,2026-09-30,149.0,Paid,0
162,1467,2,2026-09-30,149.0,Paid,0
163,270,1,2026-09-30,49.0,Paid,0
164,939,2,2026-09-30,149.0,Paid,0
165,641,1,2026-09-30,49.0,Paid,0
166,113,1,2026-09-30,0.0,Failed,1
167,735,2,2026-09-30,0.0,Failed,1
168,944,3,2026-09-30,499.0,Paid,0
169,389,2,2026-09-30,0.0,Failed,1
170,1035,1,2026-09-30,49.0,Paid,0
171,224,1,2026-09-30,49.0,Paid,0
172,856,2,2026-09-30,149.0,Paid,0
173,444,2,2026-09-30,0.0,Failed,0
174,1075,2,2026-09-30,149.0,Paid,0
175,1102,2,2026-09-30,149.0,Paid,0
176,576,3,2026-09-30,0.0,Failed,0
177,791,3,2026-09-30,499.0,Paid,0
178,835,4,2026-09-30,0.0,Failed,0
179,722,1,2026-09-30,49.0,Paid,0
180,862,3,2026-09-30,499.0,Paid,0
181,718,2,2026-09-30,0.0,Failed,1
182,820,3,2026-09-30,499.0,Paid,0
183,779,2,2026-09-30,149.0,Paid,0
184,25,2,2026-09-30,149.0,Paid,0
185,1464,2,2026-09-30,149.0,Paid,0
186,1483,2,2026-09-30,149.0,Paid,0
187,1379,2,2026-09-30,149.0,Paid,0
188,917,1,2026-09-30,49.0,Paid,0
189,939,1,2026-09-30,0.0,Failed,1
190,955,2,2026-09-30,149.0,Paid,0
191,1093,1,2026-09-30,0.0,Failed,0
192,1066,3,2026-09-30,499.0,Paid,0
193,212,2,2026-09-30,149.0,Paid,0
194,582,2,2026-09-30,149.0,Paid,0
195,844,2,2026-09-30,149.0,Paid,0
196,533,1,2026-09-30,49.0,Paid,0
197,1156,1,2026-09-30,0.0,Failed,1
198,1055,2,2026-09-30,0.0,Failed,1
199,1150,1,2026-09-30,0.0,Failed,0
200,173,2,2026-09-30,149.0,Paid,0
201,883,1,2026-09-30,49.0,Paid,0
202,824,1,2026-09-30,49.0,Paid,0
203,510,3,2026-09-30,499.0,Paid,0
204,1032,1,2026-09-30,0.0,Failed,1
205,301,1,2026-09-30,49.0,Paid,0
206,276,1,2026-09-30,49.0,Paid,0
207,878,1,2026-09-30,49.0,Paid,0
208,492,3,2026-09-30,0.0,Failed,1
209,496,1,2026-09-30,49.0,Paid,0
210,204,1,2026-09-30,0.0,Failed,1
211,330,3,2026-09-30,499.0,Paid,0
212,761,1,2026-09-30,0.0,Failed,0
213,26,3,2026-09-30,499.0,Paid,0
214,538,2,2026-09-30,149.0,Paid,0
215,768,4,2026-09-30,4990.0,Paid,0
216,691,1,2026-09-30,49.0,Paid,0
217,701,1,2026-09-30,49.0,Paid,0
218,1039,4,2026-09-30,4990.0,Paid,0
219,1364,2,2026-09-30,149.0,Paid,0
220,1164,3,2026-09-30,0.0,Failed,0
221,486,2,2026-09-30,0.0,Failed,1
222,774,1,2026-09-30,49.0,Paid,0
223,28,1,2026-09-30,49.0,Paid,0
224,510,2,2026-09-30,149.0,Paid,0
225,57,1,2026-09-30,49.0,Paid,0
226,597,1,2026-09-30,49.0,Paid,0
227,1260,1,2026-09-30,49.0,Paid,0
228,37,2,2026-09-30,149.0,Paid,0
229,218,2,2026-09-30,0.0,Failed,1
230,556,2,2026-09-30,0.0,Failed,1
231,1269,2,2026-09-30,149.0,Paid,0
232,736,1,2026-09-30,0.0,Failed,1
233,690,1,2026-09-30,49.0,Paid,0
234,1295,2,2026-09-30,149.0,Paid,0
235,340,1,2026-09-30,49.0,Paid,0
236,266,1,2026-09-30,49.0,Paid,0
237,80,1,2026-09-30,0.0,Failed,1
238,210,1,2026-09-30,49.0,Paid,0
239,1351,1,2026-09-30,49.0,Paid,0
240,538,1,2026-09-30,49.0,Paid,0
241,1039,3,2026-09-30,499.0,Paid,0
242,690,1,2026-09-30,0.0,Failed,1
243,1454,2,2026-09-30,149.0,Paid,0
244,369,1,2026-09-30,49.0,Paid,0
245,1000,2,2026-09-30,149.0,Paid,0
246,565,2,2026-09-30,149.0,Paid,0
247,1196,2,2026-09-30,149.0,Paid,0
248,853,1,2026-09-30,49.0,Paid,0
249,971,1,2026-09-30,49.0,Paid,0
250,1130,3,2026-09-30,499.0,Paid,0
251,621,1,2026-09-30,49.0,Paid,0
252,297,1,2026-09-30,49.0,Paid,0
253,1422,2,2026-09-30,149.0,Paid,0
254,1100,2,2026-09-30,0.0,Failed,1
255,145,1,2026-09-30,0.0,Failed,1
256,158,1,2026-09-30,49.0,Paid,0
257,464,3,2026-09-30,499.0,Paid,0
258,1092,1,2026-09-30,49.0,Paid,0
259,779,2,2026-09-30,149.0,Paid,0
260,540,3,2026-09-30,499.0,Paid,0
261,1372,2,2026-09-30,149.0,Paid,0
262,785,1,2026-09-30,49.0,Paid,0
263,931,3,2026-09-30,499.0,Paid,0
264,1027,2,2026-09-30,149.0,Paid,0
265,209,3,2026-09-30,499.0,Paid,0
266,646,3,2026-09-30,0.0,Failed,0
267,1386,2,2026-09-30,149.0,Paid,0
268,1488,2,2026-09-30,149.0,Paid,0
269,593,1,2026-09-30,49.0,Paid,0
270,452,1,2026-09-30,49.0,Paid,0
271,191,1,2026-09-30,49.0,Paid,0
272,1057,1,2026-09-30,49.0,Paid,0
273,640,1,2026-09-30,49.0,Paid,0
274,176,2,2026-09-30,149.0,Paid,0
275,321,1,2026-09-30,49.0,Paid,0
276,912,3,2026-09-30,499.0,Paid,0
277,635,1,2026-09-30,49.0,Paid,0
278,1029,1,2026-09-30,49.0,Paid,0
279,1173,2,2026-09-30,149.0,Paid,0
280,792,2,2026-09-30,149.0,Paid,0
281,1353,3,2026-09-30,0.0,Failed,1
282,142,1,2026-09-30,49.0,Paid,0
283,538,3,2026-09-30,499.0,Paid,0
284,799,1,2026-09-30,0.0,Failed,1
285,313,2,2026-09-30,0.0,Failed,1
286,112,2,2026-09-30,149.0,Paid,0
287,56,1,2026-09-30,0.0,Failed,1
288,1267,2,2026-09-30,0.0,Failed,1
289,471,1,2026-09-30,49.0,Paid,0
290,1451,1,2026-09-30,49.0,Paid,0
291,183,1,2026-09-30,0.0,Failed,0
292,146,1,2026-09-30,0.0,Failed,1
293,344,2,2026-09-30,0.0,Failed,1
294,134,2,2026-09-30,149.0,Paid,0
295,713,2,2026-09-30,0.0,Failed,1
296,1404,3,2026-09-30,499.0,Paid,0
297,55,4,2026-09-30,0.0,Failed,0
298,605,2,2026-09-30,149.0,Paid,0
299,340,1,2026-09-30,0.0,Failed,1
300,592,1,2026-09-30,49.0,Paid,0
301,903,1,2026-09-30,0.0,Failed,1
302,616,3,2026-09-30,0.0,Failed,0
303,1303,2,2026-09-30,149.0,Paid,0
304,1042,1,2026-09-30,49.0,Paid,0
305,958,1,2026-09-30,49.0,Paid,0
306,831,3,2026-09-30,499.0,Paid,0
307,110,3,2026-09-30,0.0,Failed,0
308,9,3,2026-09-30,0.0,Failed,1
309,455,2,2026-09-30,149.0,Paid,0
310,1176,3,2026-09-30,499.0,Paid,0
311,414,3,2026-09-30,499.0,Paid,0
312,910,2,2026-09-30,149.0,Paid,0
313,152,2,2026-09-30,0.0,Failed,0
314,75,1,2026-09-30,49.0,Paid,0
315,349,3,2026-09-30,499.0,Paid,0
316,587,1,2026-09-30,49.0,Paid,0
317,685,3,2026-09-30,0.0,Failed,1
318,466,1,2026-09-30,49.0,Paid,0
319,1360,2,2026-09-30,0.0,Failed,0
320,702,1,2026-09-30,49.0,Paid,0
321,469,2,2026-09-30,149.0,Paid,0
322,984,3,2026-09-30,499.0,Paid,0
323,433,2,2026-09-30,149.0,Paid,0
324,500,3,2026-09-30,499.0,Paid,0
325,638,2,2026-09-30,149.0,Paid,0
326,788,2,2026-09-30,149.0,Paid,0
327,440,2,2026-09-30,149.0,Paid,0
328,1257,2,2026-09-30,0.0,Failed,1
329,931,1,2026-09-30,49.0,Paid,0
330,876,2,2026-09-30,149.0,Paid,0
331,560,2,2026-09-30,149.0,Paid,0
332,402,3,2026-09-30,499.0,Paid,0
333,1078,1,2026-09-30,49.0,Paid,0
334,1355,1,2026-09-30,49.0,Paid,0
335,982,2,2026-09-30,0.0,Failed,1
336,1360,1,2026-09-30,49.0,Paid,0
337,495,1,2026-09-30,49.0,Paid,0
338,255,3,2026-09-30,0.0,Failed,0
339,800,2,2026-09-30,149.0,Paid,0
340,882,1,2026-09-30,49.0,Paid,0
341,1146,2,2026-09-30,0.0,Failed,0
342,655,2,2026-09-30,149.0,Paid,0
343,243,3,2026-09-30,499.0,Paid,0
344,796,1,2026-09-30,49.0,Paid,0
345,806,2,2026-09-30,149.0,Paid,0
346,760,3,2026-09-30,0.0,Failed,1
347,428,3,2026-09-30,0.0,Failed,1
348,607,2,2026-09-30,149.0,Paid,0
349,739,2,2026-09-30,149.0,Paid,0
350,1228,2,2026-09-30,149.0,Paid,0
351,1355,1,2026-09-30,49.0,Paid,0
352,1484,2,2026-09-30,0.0,Failed,1
353,1195,4,2026-09-30,4990.0,Paid,0
354,660,1,2026-09-30,49.0,Paid,0
355,675,1,2026-09-30,49.0,Paid,0
356,798,4,2026-09-30,4990.0,Paid,0
357,99,2,2026-09-30,149.0,Paid,0
358,1367,3,2026-09-30,499.0,Paid,0
359,171,3,2026-09-30,0.0,Failed,1
360,145,3,2026-09-30,0.0,Failed,1
361,529,3,2026-09-30,499.0,Paid,0
362,286,3,2026-09-30,499.0,Paid,0
363,3,1,2026-09-30,49.0,Paid,0
364,1342,3,2026-09-30,499.0,Paid,0
365,1364,4,2026-09-30,4990.0,Paid,0
366,1394,2,2026-09-30,0.0,Failed,1
367,403,2,2026-09-30,149.0,Paid,0
368,151,1,2026-09-30,49.0,Paid,0
369,1084,1,2026-09-30,0.0,Failed,0
370,502,2,2026-09-30,0.0,Failed,0
371,744,4,2026-09-30,0.0,Failed,1
372,284,1,2026-09-30,49.0,Paid,0
373,1087,2,2026-09-30,149.0,Paid,0
374,43,2,2026-09-30,149.0,Paid,0
375,1078,2,2026-09-30,0.0,Failed,0
376,249,2,2026-09-30,149.0,Paid,0
377,1307,2,2026-09-30,149.0,Paid,0
378,60,1,2026-09-30,0.0,Failed,1
379,239,2,2026-09-30,0.0,Failed,0
380,868,2,2026-09-30,149.0,Paid,0
381,1282,2,2026-09-30,149.0,Paid,0
382,848,3,2026-09-30,0.0,Failed,1
383,500,1,2026-09-30,49.0,Paid,0
384,1461,2,2026-09-30,149.0,Paid,0
385,1349,1,2026-09-30,49.0,Paid,0
386,287,3,2026-09-30,499.0,Paid,0
387,1301,3,2026-09-30,0.0,Failed,0
388,359,1,2026-09-30,49.0,Paid,0
389,945,2,2026-09-30,149.0,Paid,0
390,339,3,2026-09-30,499.0,Paid,0
391,379,3,2026-09-30,0.0,Failed,0
392,529,1,2026-09-30,49.0,Paid,0
393,509,3,2026-09-30,0.0,Failed,0
394,1495,2,2026-09-30,149.0,Paid,0
395,238,1,2026-09-30,49.0,Paid,0
396,453,1,2026-09-30,49.0,Paid,0
397,50,2,2026-09-30,149.0,Paid,0
398,657,2,2026-09-30,0.0,Failed,1
399,684,1,2026-09-30,49.0,Paid,0
400,1217,2,2026-09-30,149.0,Paid,0
401,1312,3,2026-09-30,499.0,Paid,0
402,987,2,2026-09-30,149.0,Paid,0
403,352,3,2026-09-30,499.0,Paid,0
404,1410,1,2026-09-30,49.0,Paid,0
405,800,4,2026-09-30,0.0,Failed,1
406,845,1,2026-09-30,0.0,Failed,1
407,47,1,2026-09-30,49.0,Paid,0
408,664,2,2026-09-30,149.0,Paid,0
409,1097,3,2026-09-30,499.0,Paid,0
410,1275,1,2026-09-30,0.0,Failed,1
411,466,2,2026-09-30,149.0,Paid,0
412,1233,3,2026-09-30,0.0,Failed,0
413,647,3,2026-09-30,499.0,Paid,0
414,1156,4,2026-09-30,4990.0,Paid,0
415,522,2,2026-09-30,149.0,Paid,0
416,1398,1,2026-09-30,49.0,Paid,0
417,982,2,2026-09-30,0.0,Failed,0
418,934,1,2026-09-30,0.0,Failed,1
419,728,1,2026-09-30,0.0,Failed,0
420,214,1,2026-09-30,49.0,Paid,0
421,1138,1,2026-09-30,49.0,Paid,0
422,421,1,2026-09-30,49.0,Paid,0
423,1113,1,2026-09-30,0.0,Failed,0
424,66,2,2026-09-30,149.0,Paid,0
425,1184,4,2026-09-30,4990.0,Paid,0
426,1306,2,2026-09-30,0.0,Failed,1
427,351,3,2026-09-30,499.0,Paid,0
428,967,2,2026-09-30,149.0,Paid,0
429,171,1,2026-09-30,0.0,Failed,1
430,875,4,2026-09-30,4990.0,Paid,0
431,1116,1,2026-09-30,49.0,Paid,0
432,6,2,2026-09-30,149.0,Paid,0
433,132,2,2026-09-30,149.0,Paid,0
434,1128,1,2026-09-30,0.0,Failed,1
435,1380,1,2026-09-30,49.0,Paid,0
436,1004,2,2026-09-30,0.0,Failed,0
437,429,2,2026-09-30,149.0,Paid,0
438,136,1,2026-09-30,49.0,Paid,0
439,724,1,2026-09-30,49.0,Paid,0
440,38,4,2026-09-30,4990.0,Paid,0
441,67,2,2026-09-30,149.0,Paid,0
442,1411,2,2026-09-30,149.0,Paid,0
443,1455,1,2026-09-30,0.0,Failed,0
444,426,2,2026-09-30,149.0,Paid,0
445,430,2,2026-09-30,0.0,Failed,1
446,493,1,2026-09-30,49.0,Paid,0
447,1340,2,2026-09-30,149.0,Paid,0
448,1445,3,2026-09-30,499.0,Paid,0
449,1399,1,2026-09-30,49.0,Paid,0
450,405,4,2026-09-30,4990.0,Paid,0
451,420,2,2026-09-30,0.0,Failed,0
452,290,3,2026-09-30,499.0,Paid,0
453,1242,1,2026-09-30,0.0,Failed,0
454,453,1,2026-09-30,0.0,Failed,0
455,1144,2,2026-09-30,149.0,Paid,0
456,19,1,2026-09-30,49.0,Paid,0
457,521,1,2026-09-30,49.0,Paid,0
458,132,3,2026-09-30,0.0,Failed,1
459,801,1,2026-09-30,0.0,Failed,1
460,1405,2,2026-09-30,149.0,Paid,0
461,679,2,2026-09-30,149.0,Paid,0
462,675,2,2026-09-30,149.0,Paid,0
463,1004,2,2026-09-30,149.0,Paid,0
464,1189,3,2026-09-30,499.0,Paid,0
465,1057,1,2026-09-30,49.0,Paid,0
466,606,1,2026-09-30,49.0,Paid,0
467,13,1,2026-09-30,49.0,Paid,0
468,1340,2,2026-09-30,0.0,Failed,0
469,1445,2,2026-09-30,149.0,Paid,0
470,251,1,2026-09-30,49.0,Paid,0
471,1451,1,2026-09-30,49.0,Paid,0
472,1430,1,2026-09-30,49.0,Paid,0
473,273,2,2026-09-30,149.0,Paid,0
474,665,2,2026-09-30,149.0,Paid,0
475,934,2,2026-09-30,149.0,Paid,0
476,482,1,2026-09-30,49.0,Paid,0
477,118,4,2026-09-30,4990.0,Paid,0
478,1018,4,2026-09-30,4990.0,Paid,0
479,697,2,2026-09-30,149.0,Paid,0
480,1221,1,2026-09-30,49.0,Paid,0
481,179,1,2026-09-30,49.0,Paid,0
482,326,3,2026-09-30,499.0,Paid,0
483,1038,2,2026-09-30,149.0,Paid,0
484,949,2,2026-09-30,149.0,Paid,0
485,824,1,2026-09-30,49.0,Paid,0
486,912,1,2026-09-30,49.0,Paid,0
487,488,1,2026-09-30,49.0,Paid,0
488,1093,3,2026-09-30,499.0,Paid,0
489,1448,3,2026-09-30,0.0,Failed,1
490,1114,2,2026-09-30,149.0,Paid,0
491,269,1,2026-09-30,49.0,Paid,0
492,754,4,2026-09-30,4990.0,Paid,0
493,1418,3,2026-09-30,499.0,Paid,0
494,1222,3,2026-09-30,499.0,Paid,0
495,668,2,2026-09-30,149.0,Paid,0
496,1155,2,2026-09-30,149.0,Paid,0
497,912,2,2026-09-30,149.0,Paid,0
498,220,2,2026-09-30,0.0,Failed,0
499,1123,1,2026-09-30,49.0,Paid,0
500,679,2,2026-09-30,149.0,Paid,0
501,906,3,2026-09-30,499.0,Paid,0
502,1399,1,2026-09-30,0.0,Failed,1
503,1168,4,2026-09-30,4990.0,Paid,0
504,1087,2,2026-09-30,149.0,Paid,0
505,224,3,2026-09-30,499.0,Paid,0
506,372,1,2026-09-30,49.0,Paid,0
507,413,1,2026-09-30,0.0,Failed,1
508,1053,1,2026-09-30,0.0,Failed,1
509,145,1,2026-09-30,49.0,Paid,0
510,15,2,2026-09-30,0.0,Failed,1
511,217,2,2026-09-30,149.0,Paid,0
512,1497,3,2026-09-30,0.0,Failed,1
513,1218,1,2026-09-30,49.0,Paid,0
514,1298,3,2026-09-30,499.0,Paid,0
515,1426,1,2026-09-30,49.0,Paid,0
516,452,1,2026-09-30,0.0,Failed,0
517,1064,2,2026-09-30,149.0,Paid,0
518,1052,1,2026-09-30,0.0,Failed,1
519,215,2,2026-09-30,149.0,Paid,0
520,481,4,2026-09-30,0.0,Failed,1
521,498,1,2026-09-30,49.0,Paid,0
522,1322,1,2026-09-30,49.0,Paid,0
523,1017,2,2026-09-30,149.0,Paid,0
524,567,1,2026-09-30,49.0,Paid,0
525,635,1,2026-09-30,49.0,Paid,0
526,926,2,2026-09-30,149.0,Paid,0
527,873,1,2026-09-30,49.0,Paid,0
528,584,2,2026-09-30,149.0,Paid,0
529,926,3,2026-09-30,499.0,Paid,0
530,1412,1,2026-09-30,49.0,Paid,0
531,511,1,2026-09-30,49.0,Paid,0
532,1252,2,2026-09-30,149.0,Paid,0
533,947,3,2026-09-30,0.0,Failed,1
534,644,2,2026-09-30,149.0,Paid,0
535,1377,2,2026-09-30,0.0,Failed,0
536,1131,1,2026-09-30,0.0,Failed,1
537,447,4,2026-09-30,4990.0,Paid,0
538,1002,3,2026-09-30,499.0,Paid,0
539,117,4,2026-09-30,4990.0,Paid,0
540,1407,3,2026-09-30,0.0,Failed,0
541,193,3,2026-09-30,499.0,Paid,0
542,648,2,2026-09-30,149.0,Paid,0
543,1008,2,2026-09-30,149.0,Paid,0
544,795,2,2026-09-30,149.0,Paid,0
545,391,1,2026-09-30,49.0,Paid,0
546,579,1,2026-09-30,49.0,Paid,0
547,838,2,2026-09-30,149.0,Paid,0
548,267,4,2026-09-30,4990.0,Paid,0
549,1397,3,2026-09-30,499.0,Paid,0
550,460,1,2026-09-30,49.0,Paid,0
551,1400,3,2026-09-30,499.0,Paid,0
552,401,1,2026-09-30,49.0,Paid,0
553,643,2,2026-09-30,149.0,Paid,0
554,244,1,2026-09-30,0.0,Failed,1
555,1217,2,2026-09-30,149.0,Paid,0
556,287,4,2026-09-30,4990.0,Paid,0
557,549,2,2026-09-30,149.0,Paid,0
558,599,2,2026-09-30,149.0,Paid,0
559,69,2,2026-09-30,149.0,Paid,0
560,643,1,2026-09-30,0.0,Failed,0
561,86,3,2026-09-30,499.0,Paid,0
562,76,1,2026-09-30,49.0,Paid,0
563,964,1,2026-09-30,49.0,Paid,0
564,857,4,2026-09-30,4990.0,Paid,0
565,739,2,2026-09-30,0.0,Failed,0
566,228,3,2026-09-30,499.0,Paid,0
567,1129,2,2026-09-30,149.0,Paid,0
568,1301,1,2026-09-30,49.0,Paid,0
569,858,1,2026-09-30,0.0,Failed,0
570,212,3,2026-09-30,499.0,Paid,0
571,307,3,2026-09-30,499.0,Paid,0
572,1344,2,2026-09-30,149.0,Paid,0
573,747,1,2026-09-30,49.0,Paid,0
574,859,2,2026-09-30,149.0,Paid,0
575,509,2,2026-09-30,149.0,Paid,0
576,760,1,2026-09-30,49.0,Paid,0
577,1190,1,2026-09-30,49.0,Paid,0
578,836,1,2026-09-30,49.0,Paid,0
579,878,1,2026-09-30,0.0,Failed,1
580,1104,2,2026-09-30,149.0,Paid,0
581,444,1,2026-09-30,49.0,Paid,0
582,1000,2,2026-09-30,149.0,Paid,0
583,1181,2,2026-09-30,149.0,Paid,0
584,539,2,2026-09-30,0.0,Failed,1
585,1065,1,2026-09-30,49.0,Paid,0
586,820,2,2026-09-30,149.0,Paid,0
587,869,3,2026-09-30,499.0,Paid,0
588,377,3,2026-09-30,499.0,Paid,0
589,307,1,2026-09-30,0.0,Failed,1
590,691,2,2026-09-30,0.0,Failed,1
591,1241,1,2026-09-30,0.0,Failed,1
592,1478,1,2026-09-30,49.0,Paid,0
593,1389,1,2026-09-30,49.0,Paid,0
594,115,1,2026-09-30,49.0,Paid,0
595,518,1,2026-09-30,49.0,Paid,0
596,937,2,2026-09-30,0.0,Failed,0
597,235,1,2026-09-30,49.0,Paid,0
598,1129,2,2026-09-30,149.0,Paid,0
599,1406,3,2026-09-30,499.0,Paid,0
600,1222,1,2026-09-30,0.0,Failed,0
601,1249,1,2026-09-30,49.0,Paid,0
602,691,1,2026-09-30,0.0,Failed,1
603,355,3,2026-09-30,499.0,Paid,0
604,114,3,2026-09-30,499.0,Paid,0
605,298,2,2026-09-30,0.0,Failed,1
606,573,1,2026-09-30,49.0,Paid,0
607,647,1,2026-09-30,49.0,Paid,0
608,1006,2,2026-09-30,0.0,Failed,0
609,1122,3,2026-09-30,499.0,Paid,0
610,820,1,2026-09-30,49.0,Paid,0
611,1420,2,2026-09-30,149.0,Paid,0
612,163,4,2026-09-30,4990.0,Paid,0
613,864,4,2026-09-30,4990.0,Paid,0
614,597,1,2026-09-30,0.0,Failed,1
615,1188,1,2026-09-30,49.0,Paid,0
616,1006,2,2026-09-30,0.0,Failed,0
617,40,2,2026-09-30,149.0,Paid,0
618,902,1,2026-09-30,49.0,Paid,0
619,702,1,2026-09-30,0.0,Failed,1
620,1127,2,2026-09-30,149.0,Paid,0
621,962,2,2026-09-30,149.0,Paid,0
622,29,2,2026-09-30,149.0,Paid,0
623,854,1,2026-09-30,0.0,Failed,1
624,109,4,2026-09-30,4990.0,Paid,0
625,292,3,2026-09-30,0.0,Failed,0
626,314,2,2026-09-30,149.0,Paid,0
627,817,2,2026-09-30,149.0,Paid,0
628,1050,3,2026-09-30,499.0,Paid,0
629,822,2,2026-09-30,149.0,Paid,0
630,1449,2,2026-09-30,0.0,Failed,1
631,897,1,2026-09-30,49.0,Paid,0
632,402,3,2026-09-30,499.0,Paid,0
633,1322,2,2026-09-30,0.0,Failed,1
634,793,2,2026-09-30,0.0,Failed,1
635,22,3,2026-09-30,499.0,Paid,0
636,1414,3,2026-09-30,0.0,Failed,1
637,967,4,2026-09-30,4990.0,Paid,0
638,1303,1,2026-09-30,0.0,Failed,1
639,391,3,2026-09-30,499.0,Paid,0
640,538,1,2026-09-30,49.0,Paid,0
641,488,4,2026-09-30,4990.0,Paid,0
642,171,3,2026-09-30,499.0,Paid,0
643,174,2,2026-09-30,149.0,Paid,0
644,1264,2,2026-09-30,149.0,Paid,0
645,1140,1,2026-09-30,0.0,Failed,1
646,1439,1,2026-09-30,49.0,Paid,0
647,1418,2,2026-09-30,0.0,Failed,1
648,211,1,2026-09-30,49.0,Paid,0
649,983,2,2026-09-30,149.0,Paid,0
650,1484,3,2026-09-30,0.0,Failed,0
651,120,1,2026-09-30,49.0,Paid,0
652,870,4,2026-09-30,4990.0,Paid,0
653,1500,2,2026-09-30,0.0,Failed,1
654,311,2,2026-09-30,149.0,Paid,0
655,845,1,2026-09-30,49.0,Paid,0
656,671,4,2026-09-30,4990.0,Paid,0
657,72,3,2026-09-30,499.0,Paid,0
658,105,2,2026-09-30,149.0,Paid,0
659,218,2,2026-09-30,149.0,Paid,0
660,58,2,2026-09-30,149.0,Paid,0
661,763,1,2026-09-30,49.0,Paid,0
662,1363,1,2026-09-30,0.0,Failed,1
663,1284,1,2026-09-30,49.0,Paid,0
664,68,1,2026-09-30,49.0,Paid,0
665,1270,3,2026-09-30,0.0,Failed,1
666,1279,3,2026-09-30,0.0,Failed,1
667,944,2,2026-09-30,149.0,Paid,0
668,1311,1,2026-09-30,0.0,Failed,1
669,925,2,2026-09-30,149.0,Paid,0
670,343,1,2026-09-30,0.0,Failed,0
671,1394,2,2026-09-30,149.0,Paid,0
672,1371,2,2026-09-30,149.0,Paid,0
673,577,1,2026-09-30,49.0,Paid,0
674,232,1,2026-09-30,49.0,Paid,0
675,903,1,2026-09-30,49.0,Paid,0
676,191,3,2026-09-30,499.0,Paid,0
677,489,2,2026-09-30,149.0,Paid,0
678,910,3,2026-09-30,0.0,Failed,0
679,1407,2,2026-09-30,0.0,Failed,1
680,1385,3,2026-09-30,499.0,Paid,0
681,1086,1,2026-09-30,0.0,Failed,0
682,938,1,2026-09-30,49.0,Paid,0
683,744,2,2026-09-30,0.0,Failed,1
684,162,1,2026-09-30,49.0,Paid,0
685,1056,1,2026-09-30,49.0,Paid,0
686,1031,2,2026-09-30,149.0,Paid,0
687,93,2,2026-09-30,0.0,Failed,1
688,678,1,2026-09-30,0.0,Failed,1
689,530,1,2026-09-30,49.0,Paid,0
690,650,1,2026-09-30,0.0,Failed,0
691,224,1,2026-09-30,49.0,Paid,0
692,186,2,2026-09-30,149.0,Paid,0
693,1436,2,2026-09-30,149.0,Paid,0
694,1095,1,2026-09-30,0.0,Failed,0
695,1249,2,2026-09-30,149.0,Paid,0
696,1222,1,2026-09-30,49.0,Paid,0
697,157,1,2026-09-30,0.0,Failed,1
698,1364,1,2026-09-30,0.0,Failed,0
699,407,2,2026-09-30,149.0,Paid,0
700,82,3,2026-09-30,499.0,Paid,0
701,1345,3,2026-09-30,499.0,Paid,0
702,318,1,2026-09-30,0.0,Failed,0
703,275,1,2026-09-30,49.0,Paid,0
704,608,2,2026-09-30,149.0,Paid,0
705,1177,2,2026-09-30,0.0,Failed,0
706,1123,3,2026-09-30,499.0,Paid,0
707,132,3,2026-09-30,499.0,Paid,0
708,964,4,2026-09-30,4990.0,Paid,0
709,1247,2,2026-09-30,149.0,Paid,0
710,916,1,2026-09-30,49.0,Paid,0
711,604,1,2026-09-30,49.0,Paid,0
712,934,4,2026-09-30,0.0,Failed,0
713,517,2,2026-09-30,149.0,Paid,0
714,166,1,2026-09-30,49.0,Paid,0
715,939,1,2026-09-30,49.0,Paid,0
716,1097,1,2026-09-30,49.0,Paid,0
717,705,3,2026-09-30,499.0,Paid,0
718,868,2,2026-09-30,0.0,Failed,0
719,1032,2,2026-09-30,0.0,Failed,1
720,1110,2,2026-09-30,0.0,Failed,1
721,571,1,2026-09-30,49.0,Paid,0
722,926,3,2026-09-30,499.0,Paid,0
723,483,1,2026-09-30,49.0,Paid,0
724,1251,3,2026-09-30,499.0,Paid,0
725,1479,3,2026-09-30,499.0,Paid,0
726,852,4,2026-09-30,4990.0,Paid,0
727,1416,1,2026-09-30,0.0,Failed,1
728,930,1,2026-09-30,49.0,Paid,0
729,1431,2,2026-09-30,149.0,Paid,0
730,772,3,2026-09-30,499.0,Paid,0
731,228,1,2026-09-30,49.0,Paid,0
732,1082,1,2026-09-30,49.0,Paid,0
733,981,2,2026-09-30,0.0,Failed,0
734,1371,1,2026-09-30,49.0,Paid,0
735,144,4,2026-09-30,0.0,Failed,1
736,824,1,2026-09-30,49.0,Paid,0
737,1437,3,2026-09-30,499.0,Paid,0
738,954,1,2026-09-30,0.0,Failed,1
739,517,2,2026-09-30,149.0,Paid,0
740,476,1,2026-09-30,49.0,Paid,0
741,269,2,2026-09-30,0.0,Failed,0
742,614,1,2026-09-30,49.0,Paid,0
743,437,3,2026-09-30,499.0,Paid,0
744,1333,2,2026-09-30,0.0,Failed,1
745,848,2,2026-09-30,149.0,Paid,0
746,583,1,2026-09-30,49.0,Paid,0
747,857,1,2026-09-30,49.0,Paid,0
748,216,1,2026-09-30,49.0,Paid,0
749,430,2,2026-09-30,149.0,Paid,0
750,1007,2,2026-09-30,149.0,Paid,0
751,1142,3,2026-09-30,499.0,Paid,0
752,810,2,2026-09-30,149.0,Paid,0
753,1428,3,2026-09-30,499.0,Paid,0
754,1276,3,2026-09-30,499.0,Paid,0
755,1052,2,2026-09-30,149.0,Paid,0
756,725,2,2026-09-30,149.0,Paid,0
757,164,2,2026-09-30,149.0,Paid,0
758,339,2,2026-09-30,149.0,Paid,0
759,694,1,2026-09-30,49.0,Paid,0
760,1358,2,2026-09-30,0.0,Failed,1
761,85,3,2026-09-30,499.0,Paid,0
762,1257,1,2026-09-30,49.0,Paid,0
763,360,2,2026-09-30,149.0,Paid,0
764,1419,3,2026-09-30,499.0,Paid,0
765,920,3,2026-09-30,499.0,Paid,0
766,316,1,2026-09-30,49.0,Paid,0
767,1372,1,2026-09-30,49.0,Paid,0
768,1264,2,2026-09-30,0.0,Failed,1
769,344,1,2026-09-30,49.0,Paid,0
770,35,1,2026-09-30,0.0,Failed,0
771,1072,2,2026-09-30,149.0,Paid,0
772,260,3,2026-09-30,0.0,Failed,1
773,279,2,2026-09-30,149.0,Paid,0
774,382,2,2026-09-30,0.0,Failed,0
775,60,2,2026-09-30,149.0,Paid,0
776,13,2,2026-09-30,0.0,Failed,1
777,464,3,2026-09-30,0.0,Failed,0
778,15,2,2026-09-30,149.0,Paid,0
779,455,1,2026-09-30,49.0,Paid,0
780,1304,2,2026-09-30,0.0,Failed,1
781,871,1,2026-09-30,49.0,Paid,0
782,928,2,2026-09-30,149.0,Paid,0
783,115,1,2026-09-30,49.0,Paid,0
784,696,2,2026-09-30,0.0,Failed,1
785,258,3,2026-09-30,499.0,Paid,0
786,1303,2,2026-09-30,149.0,Paid,0
787,349,2,2026-09-30,0.0,Failed,0
788,47,1,2026-09-30,49.0,Paid,0
789,522,1,2026-09-30,49.0,Paid,0
790,679,1,2026-09-30,49.0,Paid,0
791,841,2,2026-09-30,149.0,Paid,0
792,1186,3,2026-09-30,0.0,Failed,0
793,601,1,2026-09-30,0.0,Failed,1
794,1143,2,2026-09-30,149.0,Paid,0
795,737,3,2026-09-30,0.0,Failed,0
796,585,1,2026-09-30,0.0,Failed,1
797,801,3,2026-09-30,499.0,Paid,0
798,779,2,2026-09-30,149.0,Paid,0
799,571,2,2026-09-30,149.0,Paid,0
800,1375,2,2026-09-30,149.0,Paid,0
801,425,1,2026-09-30,49.0,Paid,0
802,1278,3,2026-09-30,499.0,Paid,0
803,581,2,2026-09-30,149.0,Paid,0
804,722,2,2026-09-30,0.0,Failed,1
805,1351,3,2026-09-30,499.0,Paid,0
806,490,2,2026-09-30,149.0,Paid,0
807,641,2,2026-09-30,149.0,Paid,0
808,327,2,2026-09-30,149.0,Paid,0
809,1000,2,2026-09-30,149.0,Paid,0
810,423,1,2026-09-30,49.0,Paid,0
811,1472,1,2026-09-30,49.0,Paid,0
812,1180,2,2026-09-30,149.0,Paid,0
813,495,2,2026-09-30,0.0,Failed,1
814,770,1,2026-09-30,49.0,Paid,0
815,508,1,2026-09-30,49.0,Paid,0
816,657,3,2026-09-30,499.0,Paid,0
817,79,2,2026-09-30,149.0,Paid,0
818,240,1,2026-09-30,49.0,Paid,0
819,424,2,2026-09-30,149.0,Paid,0
820,668,2,2026-09-30,149.0,Paid,0
821,265,2,2026-09-30,0.0,Failed,1
822,1048,3,2026-09-30,499.0,Paid,0
823,653,3,2026-09-30,499.0,Paid,0
824,1246,2,2026-09-30,149.0,Paid,0
825,948,2,2026-09-30,149.0,Paid,0
826,724,4,2026-09-30,4990.0,Paid,0
827,1164,1,2026-09-30,49.0,Paid,0
828,754,1,2026-09-30,49.0,Paid,0
829,664,3,2026-09-30,499.0,Paid,0
830,1410,2,2026-09-30,149.0,Paid,0
831,1154,2,2026-09-30,149.0,Paid,0
832,908,1,2026-09-30,49.0,Paid,0
833,587,3,2026-09-30,499.0,Paid,0
834,1279,1,2026-09-30,49.0,Paid,0
835,1413,1,2026-09-30,49.0,Paid,0
836,294,3,2026-09-30,499.0,Paid,0
837,929,3,2026-09-30,499.0,Paid,0
838,153,1,2026-09-30,49.0,Paid,0
839,198,3,2026-09-30,499.0,Paid,0
840,190,1,2026-09-30,49.0,Paid,0
841,1007,1,2026-09-30,49.0,Paid,0
842,655,1,2026-09-30,49.0,Paid,0
843,83,3,2026-09-30,499.0,Paid,0
844,970,2,2026-09-30,149.0,Paid,0
845,949,1,2026-09-30,49.0,Paid,0
846,615,4,2026-09-30,4990.0,Paid,0
847,1493,1,2026-09-30,49.0,Paid,0
848,353,2,2026-09-30,149.0,Paid,0
849,346,2,2026-09-30,149.0,Paid,0
850,586,1,2026-09-30,49.0,Paid,0
851,1194,1,2026-09-30,0.0,Failed,1
852,1319,3,2026-09-30,499.0,Paid,0
853,1180,1,2026-09-30,49.0,Paid,0
854,1468,1,2026-09-30,49.0,Paid,0
855,741,2,2026-09-30,149.0,Paid,0
856,725,2,2026-09-30,149.0,Paid,0
857,1194,2,2026-09-30,149.0,Paid,0
858,579,3,2026-09-30,0.0,Failed,0
859,518,1,2026-09-30,49.0,Paid,0
860,316,1,2026-09-30,0.0,Failed,1
861,1134,3,2026-09-30,499.0,Paid,0
862,234,1,2026-09-30,49.0,Paid,0
863,1495,4,2026-09-30,4990.0,Paid,0
864,1029,2,2026-09-30,0.0,Failed,1
865,439,2,2026-09-30,0.0,Failed,0
866,946,2,2026-09-30,0.0,Failed,1
867,1011,1,2026-09-30,49.0,Paid,0
868,238,3,2026-09-30,499.0,Paid,0
869,54,3,2026-09-30,499.0,Paid,0
870,1426,2,2026-09-30,149.0,Paid,0
871,459,1,2026-09-30,49.0,Paid,0
872,1213,3,2026-09-30,499.0,Paid,0
873,334,2,2026-09-30,149.0,Paid,0
874,1139,2,2026-09-30,149.0,Paid,0
875,1185,1,2026-09-30,0.0,Failed,1
876,739,1,2026-09-30,49.0,Paid,0
877,1173,1,2026-09-30,49.0,Paid,0
878,1051,1,2026-09-30,49.0,Paid,0
879,394,1,2026-09-30,49.0,Paid,0
880,193,2,2026-09-30,149.0,Paid,0
881,479,3,2026-09-30,0.0,Failed,1
882,616,4,2026-09-30,4990.0,Paid,0
883,992,1,2026-09-30,49.0,Paid,0
884,1415,2,2026-09-30,149.0,Paid,0
885,1267,1,2026-09-30,0.0,Failed,1
886,658,3,2026-09-30,499.0,Paid,0
887,230,1,2026-09-30,49.0,Paid,0
888,326,1,2026-09-30,49.0,Paid,0
889,558,4,2026-09-30,4990.0,Paid,0
890,1214,1,2026-09-30,49.0,Paid,0
891,1010,1,2026-09-30,0.0,Failed,0
892,707,1,2026-09-30,0.0,Failed,1
893,1441,1,2026-09-30,0.0,Failed,1
894,155,3,2026-09-30,499.0,Paid,0
895,241,1,2026-09-30,49.0,Paid,0
896,1357,2,2026-09-30,149.0,Paid,0
897,191,2,2026-09-30,149.0,Paid,0
898,647,3,2026-09-30,0.0,Failed,0
899,64,4,2026-09-30,0.0,Failed,0
900,422,1,2026-09-30,0.0,Failed,0
901,47,1,2026-09-30,49.0,Paid,0
902,825,3,2026-09-30,0.0,Failed,1
903,1239,1,2026-09-30,49.0,Paid,0
904,508,1,2026-09-30,0.0,Failed,1
905,1010,1,2026-09-30,49.0,Paid,0
906,1071,3,2026-09-30,499.0,Paid,0
907,1188,2,2026-09-30,149.0,Paid,0
908,562,2,2026-09-30,0.0,Failed,1
909,374,1,2026-09-30,49.0,Paid,0
910,63,3,2026-09-30,0.0,Failed,1
911,1095,3,2026-09-30,499.0,Paid,0
912,585,3,2026-09-30,499.0,Paid,0
913,1277,3,2026-09-30,499.0,Paid,0
914,499,2,2026-09-30,149.0,Paid,0
915,1184,2,2026-09-30,149.0,Paid,0
916,1075,3,2026-09-30,499.0,Paid,0
917,1110,3,2026-09-30,499.0,Paid,0
918,1405,1,2026-09-30,49.0,Paid,0
919,562,1,2026-09-30,49.0,Paid,0
920,434,2,2026-09-30,149.0,Paid,0
921,1180,4,2026-09-30,4990.0,Paid,0
922,440,3,2026-09-30,499.0,Paid,0
923,482,2,2026-09-30,149.0,Paid,0
924,1122,2,2026-09-30,149.0,Paid,0
925,812,3,2026-09-30,499.0,Paid,0
926,298,4,2026-09-30,4990.0,Paid,0
927,67,1,2026-09-30,49.0,Paid,0
928,843,1,2026-09-30,49.0,Paid,0
929,1063,1,2026-09-30,0.0,Failed,0
930,561,2,2026-09-30,0.0,Failed,0
931,545,1,2026-09-30,49.0,Paid,0
932,1006,3,2026-09-30,499.0,Paid,0
933,80,2,2026-09-30,149.0,Paid,0
934,937,1,2026-09-30,49.0,Paid,0
935,1178,2,2026-09-30,0.0,Failed,1
936,533,1,2026-09-30,49.0,Paid,0
937,10,2,2026-09-30,149.0,Paid,0
938,552,1,2026-09-30,49.0,Paid,0
939,758,2,2026-09-30,149.0,Paid,0
940,1448,1,2026-09-30,49.0,Paid,0
941,1440,1,2026-09-30,49.0,Paid,0
942,149,2,2026-09-30,0.0,Failed,1
943,629,1,2026-09-30,49.0,Paid,0
944,407,3,2026-09-30,499.0,Paid,0
945,183,2,2026-09-30,149.0,Paid,0
946,819,2,2026-09-30,149.0,Paid,0
947,682,1,2026-09-30,49.0,Paid,0
948,777,4,2026-09-30,4990.0,Paid,0
949,360,2,2026-09-30,149.0,Paid,0
950,778,2,2026-09-30,149.0,Paid,0
951,475,2,2026-09-30,149.0,Paid,0
952,547,3,2026-09-30,499.0,Paid,0
953,595,3,2026-09-30,499.0,Paid,0
954,1295,2,2026-09-30,149.0,Paid,0
955,693,3,2026-09-30,499.0,Paid,0
956,1382,2,2026-09-30,0.0,Failed,1
957,473,4,2026-09-30,4990.0,Paid,0
958,190,2,2026-09-30,0.0,Failed,0
959,282,1,2026-09-30,49.0,Paid,0
960,452,4,2026-09-30,0.0,Failed,0
961,966,3,2026-09-30,499.0,Paid,0
962,1415,1,2026-09-30,0.0,Failed,0
963,426,1,2026-09-30,49.0,Paid,0
964,1096,1,2026-09-30,49.0,Paid,0
965,1190,1,2026-09-30,0.0,Failed,1
966,1200,1,2026-09-30,49.0,Paid,0
967,1467,2,2026-09-30,149.0,Paid,0
968,833,2,2026-09-30,149.0,Paid,0
969,68,2,2026-09-30,149.0,Paid,0
970,388,2,2026-09-30,149.0,Paid,0
971,40,1,2026-09-30,49.0,Paid,0
972,1151,1,2026-09-30,0.0,Failed,0
973,70,1,2026-09-30,0.0,Failed,1
974,998,3,2026-09-30,499.0,Paid,0
975,1460,2,2026-09-30,149.0,Paid,0
976,1454,1,2026-09-30,49.0,Paid,0
977,1217,4,2026-09-30,4990.0,Paid,0
978,584,2,2026-09-30,0.0,Failed,1
979,675,1,2026-09-30,49.0,Paid,0
980,1427,2,2026-09-30,149.0,Paid,0
981,892,1,2026-09-30,49.0,Paid,0
982,346,2,2026-09-30,149.0,Paid,0
983,230,2,2026-09-30,149.0,Paid,0
984,1328,4,2026-09-30,4990.0,Paid,0
985,555,1,2026-09-30,49.0,Paid,0
986,1428,3,2026-09-30,499.0,Paid,0
987,480,1,2026-09-30,49.0,Paid,0
988,839,2,2026-09-30,149.0,Paid,0
989,333,2,2026-09-30,0.0,Failed,0
990,1407,4,2026-09-30,4990.0,Paid,0
991,109,1,2026-09-30,49.0,Paid,0
992,953,2,2026-09-30,149.0,Paid,0
993,257,2,2026-09-30,149.0,Paid,0
994,1304,2,2026-09-30,0.0,Failed,1
995,154,2,2026-09-30,149.0,Paid,0
996,84,3,2026-09-30,499.0,Paid,0
997,1146,1,2026-09-30,49.0,Paid,0
998,356,2,2026-09-30,149.0,Paid,0
999,642,2,2026-09-30,149.0,Paid,0
1000,1110,1,2026-09-30,49.0,Paid,0
1001,990,1,2026-09-30,0.0,Failed,0
1002,831,2,2026-09-30,149.0,Paid,0
1003,1351,1,2026-09-30,49.0,Paid,0
1004,850,3,2026-09-30,0.0,Failed,1
1005,935,4,2026-09-30,0.0,Failed,1
1006,170,1,2026-09-30,49.0,Paid,0
1007,1493,2,2026-09-30,149.0,Paid,0
1008,1075,3,2026-09-30,0.0,Failed,0
1009,1383,3,2026-09-30,499.0,Paid,0
1010,150,3,2026-09-30,499.0,Paid,0
1011,999,2,2026-09-30,149.0,Paid,0
1012,238,4,2026-09-30,4990.0,Paid,0
1013,156,1,2026-09-30,0.0,Failed,1
1014,782,2,2026-09-30,149.0,Paid,0
1015,212,4,2026-09-30,4990.0,Paid,0
1016,124,3,2026-09-30,0.0,Failed,1
1017,622,1,2026-09-30,49.0,Paid,0
1018,1003,1,2026-09-30,49.0,Paid,0
1019,1455,1,2026-09-30,0.0,Failed,0
1020,1371,2,2026-09-30,149.0,Paid,0
1021,1146,2,2026-09-30,0.0,Failed,1
1022,116,2,2026-09-30,149.0,Paid,0
1023,1296,1,2026-09-30,49.0,Paid,0
1024,354,1,2026-09-30,49.0,Paid,0
1025,322,1,2026-09-30,49.0,Paid,0
1026,1128,4,2026-09-30,4990.0,Paid,0
1027,832,2,2026-09-30,149.0,Paid,0
1028,1259,2,2026-09-30,0.0,Failed,1
1029,40,1,2026-09-30,0.0,Failed,1
1030,1473,3,2026-09-30,499.0,Paid,0
1031,1170,2,2026-09-30,149.0,Paid,0
1032,941,1,2026-09-30,49.0,Paid,0
1033,825,3,2026-09-30,499.0,Paid,0
1034,223,3,2026-09-30,499.0,Paid,0
1035,29,1,2026-09-30,0.0,Failed,1
1036,1216,3,2026-09-30,499.0,Paid,0
1037,916,1,2026-09-30,49.0,Paid,0
1038,999,2,2026-09-30,149.0,Paid,0
1039,1081,2,2026-09-30,0.0,Failed,0
1040,1444,3,2026-09-30,499.0,Paid,0
1041,337,1,2026-09-30,49.0,Paid,0
1042,1169,4,2026-09-30,4990.0,Paid,0
1043,560,2,2026-09-30,149.0,Paid,0
1044,1378,2,2026-09-30,0.0,Failed,1
1045,624,2,2026-09-30,0.0,Failed,0
1046,361,2,2026-09-30,149.0,Paid,0
1047,122,3,2026-09-30,499.0,Paid,0
1048,1379,3,2026-09-30,499.0,Paid,0
1049,809,1,2026-09-30,49.0,Paid,0
1050,875,2,2026-09-30,149.0,Paid,0
1051,1387,1,2026-09-30,49.0,Paid,0
1052,1029,1,2026-09-30,49.0,Paid,0
1053,1021,2,2026-09-30,149.0,Paid,0
1054,8,3,2026-09-30,499.0,Paid,0
1055,397,1,2026-09-30,49.0,Paid,0
1056,306,1,2026-09-30,0.0,Failed,0
1057,814,2,2026-09-30,149.0,Paid,0
1058,120,1,2026-09-30,0.0,Failed,0
1059,524,1,2026-09-30,49.0,Paid,0
1060,908,1,2026-09-30,49.0,Paid,0
1061,1253,3,2026-09-30,499.0,Paid,0
1062,946,3,2026-09-30,499.0,Paid,0
1063,81,2,2026-09-30,149.0,Paid,0
1064,687,1,2026-09-30,49.0,Paid,0
1065,301,2,2026-09-30,149.0,Paid,0
1066,953,1,2026-09-30,0.0,Failed,1
1067,257,1,2026-09-30,49.0,Paid,0
1068,988,3,2026-09-30,499.0,Paid,0
1069,127,2,2026-09-30,149.0,Paid,0
1070,430,1,2026-09-30,0.0,Failed,0
1071,428,1,2026-09-30,0.0,Failed,1
1072,445,4,2026-09-30,4990.0,Paid,0
1073,307,2,2026-09-30,149.0,Paid,0
1074,1428,2,2026-09-30,149.0,Paid,0
1075,954,1,2026-09-30,49.0,Paid,0
1076,1019,2,2026-09-30,149.0,Paid,0
1077,691,3,2026-09-30,499.0,Paid,0
1078,209,1,2026-09-30,49.0,Paid,0
1079,1470,2,2026-09-30,149.0,Paid,0
1080,15,2,2026-09-30,149.0,Paid,0
1081,292,2,2026-09-30,149.0,Paid,0
1082,70,1,2026-09-30,0.0,Failed,1
1083,405,1,2026-09-30,49.0,Paid,0
1084,1399,1,2026-09-30,49.0,Paid,0
1085,1093,1,2026-09-30,0.0,Failed,0
1086,169,1,2026-09-30,0.0,Failed,0
1087,1282,3,2026-09-30,499.0,Paid,0
1088,952,1,2026-09-30,49.0,Paid,0
1089,1214,2,2026-09-30,149.0,Paid,0
1090,1408,2,2026-09-30,0.0,Failed,0
1091,1171,2,2026-09-30,149.0,Paid,0
1092,1337,2,2026-09-30,149.0,Paid,0
1093,757,3,2026-09-30,499.0,Paid,0
1094,630,1,2026-09-30,49.0,Paid,0
1095,197,1,2026-09-30,49.0,Paid,0
1096,950,2,2026-09-30,149.0,Paid,0
1097,892,1,2026-09-30,49.0,Paid,0
1098,423,2,2026-09-30,0.0,Failed,1
1099,1234,2,2026-09-30,149.0,Paid,0
1100,1264,1,2026-09-30,49.0,Paid,0
1101,1078,4,2026-09-30,4990.0,Paid,0
1102,1302,3,2026-09-30,499.0,Paid,0
1103,453,2,2026-09-30,0.0,Failed,0
1104,1387,2,2026-09-30,149.0,Paid,0
1105,1388,1,2026-09-30,49.0,Paid,0
1106,47,1,2026-09-30,49.0,Paid,0
1107,1217,2,2026-09-30,0.0,Failed,0
1108,744,3,2026-09-30,499.0,Paid,0
1109,262,1,2026-09-30,0.0,Failed,1
1110,1330,2,2026-09-30,149.0,Paid,0
1111,826,2,2026-09-30,149.0,Paid,0
1112,610,2,2026-09-30,0.0,Failed,1
1113,610,3,2026-09-30,0.0,Failed,1
1114,1146,2,2026-09-30,149.0,Paid,0
1115,1497,1,2026-09-30,49.0,Paid,0
1116,380,1,2026-09-30,0.0,Failed,1
1117,313,1,2026-09-30,49.0,Paid,0
1118,1160,3,2026-09-30,499.0,Paid,0
1119,1387,2,2026-09-30,149.0,Paid,0
1120,1174,2,2026-09-30,0.0,Failed,1
1121,1237,1,2026-09-30,49.0,Paid,0
1122,1222,1,2026-09-30,49.0,Paid,0
1123,1140,2,2026-09-30,149.0,Paid,0
1124,586,2,2026-09-30,0.0,Failed,0
1125,1338,1,2026-09-30,49.0,Paid,0
1126,963,1,2026-09-30,0.0,Failed,1
1127,110,1,2026-09-30,49.0,Paid,0
1128,33,2,2026-09-30,0.0,Failed,0
1129,779,2,2026-09-30,149.0,Paid,0
1130,1399,2,2026-09-30,149.0,Paid,0
1131,719,2,2026-09-30,0.0,Failed,1
1132,1443,3,2026-09-30,499.0,Paid,0
1133,1495,1,2026-09-30,0.0,Failed,1
1134,438,2,2026-09-30,149.0,Paid,0
1135,873,2,2026-09-30,149.0,Paid,0
1136,197,2,2026-09-30,149.0,Paid,0
1137,1236,1,2026-09-30,0.0,Failed,1
1138,1490,1,2026-09-30,0.0,Failed,1
1139,316,2,2026-09-30,149.0,Paid,0
1140,917,3,2026-09-30,499.0,Paid,0
1141,1361,2,2026-09-30,149.0,Paid,0
1142,1258,1,2026-09-30,49.0,Paid,0
1143,188,2,2026-09-30,0.0,Failed,0
1144,1263,2,2026-09-30,149.0,Paid,0
1145,1016,1,2026-09-30,0.0,Failed,1
1146,1449,2,2026-09-30,149.0,Paid,0
1147,1308,3,2026-09-30,499.0,Paid,0
1148,30,1,2026-09-30,0.0,Failed,0
1149,1466,1,2026-09-30,0.0,Failed,0
1150,615,1,2026-09-30,0.0,Failed,0
1151,1411,4,2026-09-30,4990.0,Paid,0
1152,1106,2,2026-09-30,149.0,Paid,0
1153,1458,1,2026-09-30,49.0,Paid,0
1154,1351,1,2026-09-30,0.0,Failed,1
1155,180,2,2026-09-30,0.0,Failed,1
1156,621,2,2026-09-30,0.0,Failed,1
1157,1083,3,2026-09-30,499.0,Paid,0
1158,912,1,2026-09-30,49.0,Paid,0
1159,727,1,2026-09-30,0.0,Failed,1
1160,1268,1,2026-09-30,49.0,Paid,0
1161,810,1,2026-09-30,49.0,Paid,0
1162,119,1,2026-09-30,49.0,Paid,0
1163,1048,3,2026-09-30,0.0,Failed,1
1164,1246,4,2026-09-30,4990.0,Paid,0
1165,544,3,2026-09-30,499.0,Paid,0
1166,476,1,2026-09-30,0.0,Failed,1
1167,363,4,2026-09-30,4990.0,Paid,0
1168,210,2,2026-09-30,0.0,Failed,1
1169,482,2,2026-09-30,149.0,Paid,0
1170,11,2,2026-09-30,149.0,Paid,0
1171,430,1,2026-09-30,49.0,Paid,0
1172,860,2,2026-09-30,0.0,Failed,1
1173,614,2,2026-09-30,149.0,Paid,0
1174,435,2,2026-09-30,149.0,Paid,0
1175,904,1,2026-09-30,0.0,Failed,0
1176,1194,1,2026-09-30,49.0,Paid,0
1177,873,1,2026-09-30,49.0,Paid,0
1178,238,3,2026-09-30,499.0,Paid,0
1179,487,2,2026-09-30,0.0,Failed,0
1180,720,2,2026-09-30,0.0,Failed,0
1181,1457,3,2026-09-30,499.0,Paid,0
1182,1308,2,2026-09-30,149.0,Paid,0
1183,87,3,2026-09-30,499.0,Paid,0
1184,252,1,2026-09-30,49.0,Paid,0
1185,441,1,2026-09-30,49.0,Paid,0
1186,1114,2,2026-09-30,0.0,Failed,1
1187,458,2,2026-09-30,149.0,Paid,0
1188,1,3,2026-09-30,499.0,Paid,0
1189,343,2,2026-09-30,0.0,Failed,1
1190,1063,1,2026-09-30,49.0,Paid,0
1191,141,1,2026-09-30,49.0,Paid,0
1192,725,3,2026-09-30,499.0,Paid,0
1193,1110,1,2026-09-30,49.0,Paid,0
1194,1145,1,2026-09-30,49.0,Paid,0
1195,1225,1,2026-09-30,49.0,Paid,0
1196,389,3,2026-09-30,499.0,Paid,0
1197,75,3,2026-09-30,499.0,Paid,0
1198,248,2,2026-09-30,149.0,Paid,0
1199,1181,2,2026-09-30,0.0,Failed,1
1200,887,3,2026-09-30,0.0,Failed,1
1201,16,2,2026-09-30,149.0,Paid,0
1202,1250,3,2026-09-30,499.0,Paid,0
1203,1449,1,2026-09-30,49.0,Paid,0
1204,36,2,2026-09-30,149.0,Paid,0
1205,1230,2,2026-09-30,149.0,Paid,0
1206,1211,1,2026-09-30,49.0,Paid,0
1207,153,3,2026-09-30,499.0,Paid,0
1208,1181,1,2026-09-30,49.0,Paid,0
1209,87,2,2026-09-30,149.0,Paid,0
1210,85,2,2026-09-30,149.0,Paid,0
1211,979,3,2026-09-30,499.0,Paid,0
1212,965,2,2026-09-30,149.0,Paid,0
1213,790,1,2026-09-30,0.0,Failed,1
1214,15,1,2026-09-30,49.0,Paid,0
1215,140,2,2026-09-30,149.0,Paid,0
1216,849,3,2026-09-30,499.0,Paid,0
1217,1477,1,2026-09-30,49.0,Paid,0
1218,122,4,2026-09-30,4990.0,Paid,0
1219,151,2,2026-09-30,0.0,Failed,0
1220,345,1,2026-09-30,0.0,Failed,1
1221,1318,1,2026-09-30,49.0,Paid,0
1222,249,2,2026-09-30,149.0,Paid,0
1223,1369,2,2026-09-30,149.0,Paid,0
1224,1392,2,2026-09-30,149.0,Paid,0
1225,401,1,2026-09-30,49.0,Paid,0
1226,732,2,2026-09-30,0.0,Failed,1
1227,278,1,2026-09-30,49.0,Paid,0
1228,453,1,2026-09-30,49.0,Paid,0
1229,1358,1,2026-09-30,0.0,Failed,1
1230,1409,2,2026-09-30,149.0,Paid,0
1231,42,3,2026-09-30,0.0,Failed,0
1232,1169,3,2026-09-30,499.0,Paid,0
1233,591,1,2026-09-30,49.0,Paid,0
1234,335,1,2026-09-30,49.0,Paid,0
1235,101,3,2026-09-30,0.0,Failed,1
1236,251,2,2026-09-30,149.0,Paid,0
1237,212,3,2026-09-30,499.0,Paid,0
1238,519,1,2026-09-30,0.0,Failed,0
1239,1109,2,2026-09-30,0.0,Failed,0
1240,526,1,2026-09-30,49.0,Paid,0
1241,560,2,2026-09-30,149.0,Paid,0
1242,540,1,2026-09-30,49.0,Paid,0
1243,62,3,2026-09-30,499.0,Paid,0
1244,1210,2,2026-09-30,149.0,Paid,0
1245,1028,1,2026-09-30,49.0,Paid,0
1246,1418,3,2026-09-30,499.0,Paid,0
1247,698,1,2026-09-30,49.0,Paid,0
1248,1402,2,2026-09-30,149.0,Paid,0
1249,1171,2,2026-09-30,0.0,Failed,1
1250,1246,4,2026-09-30,4990.0,Paid,0
1251,625,1,2026-09-30,49.0,Paid,0
1252,595,2,2026-09-30,0.0,Failed,0
1253,1333,2,2026-09-30,0.0,Failed,1
1254,391,2,2026-09-30,149.0,Paid,0
1255,931,2,2026-09-30,0.0,Failed,0
1256,1230,3,2026-09-30,499.0,Paid,0
1257,92,1,2026-09-30,49.0,Paid,0
1258,1015,1,2026-09-30,0.0,Failed,1
1259,602,2,2026-09-30,0.0,Failed,0
1260,656,2,2026-09-30,149.0,Paid,0
1261,276,4,2026-09-30,0.0,Failed,1
1262,914,4,2026-09-30,4990.0,Paid,0
1263,248,3,2026-09-30,0.0,Failed,1
1264,1473,2,2026-09-30,0.0,Failed,1
1265,389,1,2026-09-30,49.0,Paid,0
1266,554,3,2026-09-30,0.0,Failed,0
1267,1218,3,2026-09-30,0.0,Failed,1
1268,95,1,2026-09-30,49.0,Paid,0
1269,776,1,2026-09-30,0.0,Failed,0
1270,1401,1,2026-09-30,49.0,Paid,0
1271,129,3,2026-09-30,0.0,Failed,0
1272,423,1,2026-09-30,49.0,Paid,0
1273,661,1,2026-09-30,49.0,Paid,0
1274,416,1,2026-09-30,49.0,Paid,0
1275,800,3,2026-09-30,499.0,Paid,0
1276,1068,1,2026-09-30,49.0,Paid,0
1277,1230,1,2026-09-30,49.0,Paid,0
1278,927,1,2026-09-30,49.0,Paid,0
1279,116,1,2026-09-30,49.0,Paid,0
1280,17,2,2026-09-30,149.0,Paid,0
1281,677,1,2026-09-30,49.0,Paid,0
1282,386,2,2026-09-30,149.0,Paid,0
1283,761,3,2026-09-30,499.0,Paid,0
1284,675,2,2026-09-30,149.0,Paid,0
1285,591,2,2026-09-30,149.0,Paid,0
1286,307,1,2026-09-30,49.0,Paid,0
1287,14,2,2026-09-30,149.0,Paid,0
1288,1186,1,2026-09-30,49.0,Paid,0
1289,464,2,2026-09-30,149.0,Paid,0
1290,1431,2,2026-09-30,149.0,Paid,0
1291,576,3,2026-09-30,0.0,Failed,1
1292,544,2,2026-09-30,149.0,Paid,0
1293,1395,3,2026-09-30,0.0,Failed,0
1294,987,2,2026-09-30,149.0,Paid,0
1295,1412,3,2026-09-30,499.0,Paid,0
1296,305,1,2026-09-30,49.0,Paid,0
1297,875,3,2026-09-30,499.0,Paid,0
1298,468,1,2026-09-30,0.0,Failed,0
1299,1159,3,2026-09-30,499.0,Paid,0
1300,1029,1,2026-09-30,49.0,Paid,0
1301,88,3,2026-09-30,0.0,Failed,1
1302,637,1,2026-09-30,0.0,Failed,1
1303,949,2,2026-09-30,0.0,Failed,0
1304,1392,1,2026-09-30,0.0,Failed,1
1305,579,3,2026-09-30,499.0,Paid,0
1306,262,2,2026-09-30,149.0,Paid,0
1307,1029,2,2026-09-30,149.0,Paid,0
1308,401,2,2026-09-30,0.0,Failed,0
1309,306,1,2026-09-30,49.0,Paid,0
1310,381,1,2026-09-30,49.0,Paid,0
1311,415,1,2026-09-30,49.0,Paid,0
1312,955,4,2026-09-30,4990.0,Paid,0
1313,1134,1,2026-09-30,49.0,Paid,0
1314,512,1,2026-09-30,49.0,Paid,0
1315,472,2,2026-09-30,149.0,Paid,0
1316,1047,4,2026-09-30,4990.0,Paid,0
1317,15,4,2026-09-30,0.0,Failed,1
1318,892,1,2026-09-30,0.0,Failed,0
1319,1091,1,2026-09-30,0.0,Failed,1
1320,1448,2,2026-09-30,0.0,Failed,1
1321,1363,1,2026-09-30,0.0,Failed,1
1322,148,2,2026-09-30,149.0,Paid,0
1323,1468,3,2026-09-30,499.0,Paid,0
1324,1238,1,2026-09-30,49.0,Paid,0
1325,1453,1,2026-09-30,49.0,Paid,0
1326,196,2,2026-09-30,149.0,Paid,0
1327,985,3,2026-09-30,499.0,Paid,0
1328,527,3,2026-09-30,499.0,Paid,0
1329,451,1,2026-09-30,49.0,Paid,0
1330,32,3,2026-09-30,499.0,Paid,0
1331,569,3,2026-09-30,499.0,Paid,0
1332,292,2,2026-09-30,0.0,Failed,0
1333,722,2,2026-09-30,149.0,Paid,0
1334,556,3,2026-09-30,499.0,Paid,0
1335,142,2,2026-09-30,0.0,Failed,1
1336,251,2,2026-09-30,149.0,Paid,0
1337,465,1,2026-09-30,49.0,Paid,0
1338,567,3,2026-09-30,0.0,Failed,1
1339,886,3,2026-09-30,0.0,Failed,1
1340,52,3,2026-09-30,499.0,Paid,0
1341,1297,1,2026-09-30,49.0,Paid,0
1342,618,2,2026-09-30,0.0,Failed,1
1343,1458,2,2026-09-30,149.0,Paid,0
1344,1130,2,2026-09-30,149.0,Paid,0
1345,1087,2,2026-09-30,149.0,Paid,0
1346,976,2,2026-09-30,149.0,Paid,0
1347,1456,4,2026-09-30,4990.0,Paid,0
1348,237,1,2026-09-30,49.0,Paid,0
1349,1023,2,2026-09-30,149.0,Paid,0
1350,935,2,2026-09-30,149.0,Paid,0
1351,1055,1,2026-09-30,49.0,Paid,0
1352,1195,3,2026-09-30,499.0,Paid,0
1353,440,1,2026-09-30,49.0,Paid,0
1354,382,1,2026-09-30,49.0,Paid,0
1355,541,2,2026-09-30,0.0,Failed,1
1356,923,1,2026-09-30,49.0,Paid,0
1357,640,2,2026-09-30,149.0,Paid,0
1358,812,2,2026-09-30,149.0,Paid,0
1359,942,2,2026-09-30,0.0,Failed,1
1360,941,1,2026-09-30,0.0,Failed,1
1361,724,2,2026-09-30,149.0,Paid,0
1362,1377,4,2026-09-30,0.0,Failed,0
1363,286,1,2026-09-30,49.0,Paid,0
1364,247,3,2026-09-30,499.0,Paid,0
1365,1408,2,2026-09-30,149.0,Paid,0
1366,248,2,2026-09-30,149.0,Paid,0
1367,1032,2,2026-09-30,149.0,Paid,0
1368,985,2,2026-09-30,149.0,Paid,0
1369,902,1,2026-09-30,49.0,Paid,0
1370,1451,3,2026-09-30,499.0,Paid,0
1371,405,3,2026-09-30,499.0,Paid,0
1372,1479,3,2026-09-30,0.0,Failed,1
1373,1357,3,2026-09-30,0.0,Failed,1
1374,814,1,2026-09-30,49.0,Paid,0
1375,1113,1,2026-09-30,49.0,Paid,0
1376,194,1,2026-09-30,49.0,Paid,0
1377,1339,3,2026-09-30,499.0,Paid,0
1378,697,2,2026-09-30,149.0,Paid,0
1379,1185,3,2026-09-30,499.0,Paid,0
1380,231,4,2026-09-30,4990.0,Paid,0
1381,887,1,2026-09-30,49.0,Paid,0
1382,536,1,2026-09-30,49.0,Paid,0
1383,797,2,2026-09-30,0.0,Failed,1
1384,181,2,2026-09-30,149.0,Paid,0
1385,629,2,2026-09-30,149.0,Paid,0
1386,771,1,2026-09-30,49.0,Paid,0
1387,171,2,2026-09-30,149.0,Paid,0
1388,1187,1,2026-09-30,49.0,Paid,0
1389,1132,3,2026-09-30,499.0,Paid,0
1390,1173,3,2026-09-30,499.0,Paid,0
1391,151,2,2026-09-30,0.0,Failed,1
1392,405,3,2026-09-30,499.0,Paid,0
1393,840,1,2026-09-30,0.0,Failed,1
1394,1017,1,2026-09-30,0.0,Failed,1
1395,1065,2,2026-09-30,0.0,Failed,1
1396,430,1,2026-09-30,0.0,Failed,1
1397,633,1,2026-09-30,49.0,Paid,0
1398,1220,1,2026-09-30,49.0,Paid,0
1399,451,3,2026-09-30,499.0,Paid,0
1400,1122,2,2026-09-30,149.0,Paid,0
1401,367,2,2026-09-30,0.0,Failed,0
1402,394,1,2026-09-30,49.0,Paid,0
1403,1392,3,2026-09-30,0.0,Failed,1
1404,57,1,2026-09-30,49.0,Paid,0
1405,168,1,2026-09-30,49.0,Paid,0
1406,685,1,2026-09-30,49.0,Paid,0
1407,631,1,2026-09-30,49.0,Paid,0
1408,846,4,2026-09-30,0.0,Failed,0
1409,153,1,2026-09-30,49.0,Paid,0
1410,179,1,2026-09-30,0.0,Failed,1
1411,788,3,2026-09-30,499.0,Paid,0
1412,943,2,2026-09-30,149.0,Paid,0
1413,639,3,2026-09-30,499.0,Paid,0
1414,702,4,2026-09-30,0.0,Failed,1
1415,1355,3,2026-09-30,0.0,Failed,1
1416,1173,1,2026-09-30,49.0,Paid,0
1417,793,2,2026-09-30,149.0,Paid,0
1418,1197,2,2026-09-30,149.0,Paid,0
1419,93,3,2026-09-30,499.0,Paid,0
1420,939,1,2026-09-30,49.0,Paid,0
1421,459,2,2026-09-30,149.0,Paid,0
1422,746,2,2026-09-30,0.0,Failed,1
1423,899,4,2026-09-30,4990.0,Paid,0
1424,744,2,2026-09-30,0.0,Failed,1
1425,1323,1,2026-09-30,0.0,Failed,0
1426,322,3,2026-09-30,0.0,Failed,1
1427,243,1,2026-09-30,49.0,Paid,0
1428,632,2,2026-09-30,149.0,Paid,0
1429,956,2,2026-09-30,149.0,Paid,0
1430,1281,3,2026-09-30,0.0,Failed,1
1431,1201,2,2026-09-30,149.0,Paid,0
1432,833,2,2026-09-30,0.0,Failed,0
1433,72,3,2026-09-30,499.0,Paid,0
1434,1380,2,2026-09-30,149.0,Paid,0
1435,711,2,2026-09-30,0.0,Failed,0
1436,1211,1,2026-09-30,49.0,Paid,0
1437,1428,3,2026-09-30,0.0,Failed,1
1438,1017,1,2026-09-30,0.0,Failed,1
1439,1004,1,2026-09-30,0.0,Failed,0
1440,719,2,2026-09-30,149.0,Paid,0
1441,686,2,2026-09-30,0.0,Failed,1
1442,532,3,2026-09-30,499.0,Paid,0
1443,907,2,2026-09-30,149.0,Paid,0
1444,725,3,2026-09-30,499.0,Paid,0
1445,564,3,2026-09-30,499.0,Paid,0
1446,655,2,2026-09-30,149.0,Paid,0
1447,519,1,2026-09-30,49.0,Paid,0
1448,495,2,2026-09-30,149.0,Paid,0
1449,1230,2,2026-09-30,149.0,Paid,0
1450,1392,3,2026-09-30,0.0,Failed,1
1451,465,2,2026-09-30,149.0,Paid,0
1452,682,3,2026-09-30,499.0,Paid,0
1453,904,3,2026-09-30,499.0,Paid,0
1454,573,2,2026-09-30,149.0,Paid,0
1455,988,2,2026-09-30,149.0,Paid,0
1456,471,2,2026-09-30,149.0,Paid,0
1457,1494,2,2026-09-30,0.0,Failed,1
1458,383,2,2026-09-30,149.0,Paid,0
1459,508,2,2026-09-30,0.0,Failed,1
1460,1075,1,2026-09-30,49.0,Paid,0
1461,60,2,2026-09-30,0.0,Failed,1
1462,563,1,2026-09-30,49.0,Paid,0
1463,1479,3,2026-09-30,499.0,Paid,0
1464,362,3,2026-09-30,499.0,Paid,0
1465,61,1,2026-09-30,49.0,Paid,0
1466,290,2,2026-09-30,149.0,Paid,0
1467,1092,2,2026-09-30,0.0,Failed,1
1468,597,3,2026-09-30,0.0,Failed,1
1469,875,1,2026-09-30,0.0,Failed,0
1470,77,1,2026-09-30,49.0,Paid,0
1471,995,1,2026-09-30,0.0,Failed,1
1472,688,2,2026-09-30,149.0,Paid,0
1473,1452,4,2026-09-30,4990.0,Paid,0
1474,143,1,2026-09-30,49.0,Paid,0
1475,44,1,2026-09-30,0.0,Failed,1
1476,990,3,2026-09-30,499.0,Paid,0
1477,1397,3,2026-09-30,499.0,Paid,0
1478,236,1,2026-09-30,49.0,Paid,0
1479,1213,3,2026-09-30,0.0,Failed,1
1480,962,1,2026-09-30,49.0,Paid,0
1481,484,3,2026-09-30,499.0,Paid,0
1482,875,1,2026-09-30,49.0,Paid,0
1483,441,3,2026-09-30,0.0,Failed,0
1484,761,1,2026-09-30,0.0,Failed,1
1485,431,3,2026-09-30,499.0,Paid,0
1486,705,2,2026-09-30,149.0,Paid,0
1487,840,1,2026-09-30,0.0,Failed,1
1488,827,3,2026-09-30,0.0,Failed,1
1489,964,1,2026-09-30,49.0,Paid,0
1490,1304,3,2026-09-30,499.0,Paid,0
1491,328,2,2026-09-30,149.0,Paid,0
1492,1473,1,2026-09-30,49.0,Paid,0
1493,448,2,2026-09-30,149.0,Paid,0
1494,385,2,2026-09-30,149.0,Paid,0
1495,746,2,2026-09-30,149.0,Paid,0
1496,1377,1,2026-09-30,49.0,Paid,0
1497,509,2,2026-09-30,0.0,Failed,1
1498,1421,2,2026-09-30,149.0,Paid,0
1499,1003,2,2026-09-30,149.0,Paid,0
1500,1287,3,2026-09-30,0.0,Failed,0
1501,745,1,2026-09-30,49.0,Paid,0
1502,876,1,2026-09-30,0.0,Failed,1
1503,932,2,2026-09-30,149.0,Paid,0
1504,904,2,2026-09-30,149.0,Paid,0
1505,1050,4,2026-09-30,4990.0,Paid,0
1506,467,1,2026-09-30,49.0,Paid,0
1507,948,1,2026-09-30,49.0,Paid,0
1508,1352,1,2026-09-30,49.0,Paid,0
1509,597,3,2026-09-30,499.0,Paid,0
1510,982,1,2026-09-30,49.0,Paid,0
1511,1259,1,2026-09-30,49.0,Paid,0
1512,926,2,2026-09-30,149.0,Paid,0
1513,1359,3,2026-09-30,499.0,Paid,0
1514,504,2,2026-09-30,149.0,Paid,0
1515,877,2,2026-09-30,149.0,Paid,0
1516,1279,2,2026-09-30,149.0,Paid,0
1517,535,4,2026-09-30,4990.0,Paid,0
1518,1129,2,2026-09-30,149.0,Paid,0
1519,1204,1,2026-09-30,49.0,Paid,0
1520,382,4,2026-09-30,4990.0,Paid,0
1521,945,2,2026-09-30,149.0,Paid,0
1522,893,1,2026-09-30,49.0,Paid,0
1523,317,2,2026-09-30,149.0,Paid,0
1524,255,2,2026-09-30,149.0,Paid,0
1525,424,3,2026-09-30,499.0,Paid,0
1526,267,2,2026-09-30,0.0,Failed,1
1527,449,1,2026-09-30,49.0,Paid,0
1528,504,1,2026-09-30,0.0,Failed,1
1529,7,4,2026-09-30,4990.0,Paid,0
1530,902,2,2026-09-30,149.0,Paid,0
1531,724,1,2026-09-30,49.0,Paid,0
1532,369,2,2026-09-30,149.0,Paid,0
1533,335,1,2026-09-30,49.0,Paid,0
1534,1287,2,2026-09-30,149.0,Paid,0
1535,192,2,2026-09-30,149.0,Paid,0
1536,9,1,2026-09-30,49.0,Paid,0
1537,411,1,2026-09-30,49.0,Paid,0
1538,1434,1,2026-09-30,0.0,Failed,0
1539,259,3,2026-09-30,499.0,Paid,0
1540,617,2,2026-09-30,149.0,Paid,0
1541,1420,1,2026-09-30,49.0,Paid,0
1542,115,3,2026-09-30,499.0,Paid,0
1543,609,2,2026-09-30,0.0,Failed,1
1544,1058,1,2026-09-30,0.0,Failed,0
1545,419,2,2026-09-30,149.0,Paid,0
1546,555,3,2026-09-30,499.0,Paid,0
1547,1307,2,2026-09-30,149.0,Paid,0
1548,1078,3,2026-09-30,499.0,Paid,0
1549,174,2,2026-09-30,0.0,Failed,1
1550,1390,1,2026-09-30,49.0,Paid,0
1551,895,3,2026-09-30,499.0,Paid,0
1552,1202,1,2026-09-30,49.0,Paid,0
1553,1034,1,2026-09-30,49.0,Paid,0
1554,748,2,2026-09-30,0.0,Failed,0
1555,1078,2,2026-09-30,149.0,Paid,0
1556,690,3,2026-09-30,499.0,Paid,0
1557,500,1,2026-09-30,49.0,Paid,0
1558,1178,2,2026-09-30,149.0,Paid,0
1559,622,1,2026-09-30,0.0,Failed,1
1560,1383,3,2026-09-30,499.0,Paid,0
1561,1452,3,2026-09-30,499.0,Paid,0
1562,1199,2,2026-09-30,149.0,Paid,0
1563,63,2,2026-09-30,149.0,Paid,0
1564,1341,1,2026-09-30,0.0,Failed,0
1565,85,1,2026-09-30,49.0,Paid,0
1566,55,2,2026-09-30,0.0,Failed,1
1567,740,1,2026-09-30,49.0,Paid,0
1568,1232,2,2026-09-30,149.0,Paid,0
1569,755,3,2026-09-30,499.0,Paid,0
1570,127,2,2026-09-30,149.0,Paid,0
1571,1360,1,2026-09-30,0.0,Failed,0
1572,615,2,2026-09-30,0.0,Failed,0
1573,1010,1,2026-09-30,49.0,Paid,0
1574,758,1,2026-09-30,49.0,Paid,0
1575,259,1,2026-09-30,0.0,Failed,1
1576,591,2,2026-09-30,149.0,Paid,0
1577,989,2,2026-09-30,149.0,Paid,0
1578,35,2,2026-09-30,149.0,Paid,0
1579,678,3,2026-09-30,499.0,Paid,0
1580,1122,3,2026-09-30,0.0,Failed,1
1581,544,3,2026-09-30,499.0,Paid,0
1582,894,2,2026-09-30,149.0,Paid,0
1583,1389,2,2026-09-30,0.0,Failed,0
1584,1001,1,2026-09-30,49.0,Paid,0
1585,746,2,2026-09-30,149.0,Paid,0
1586,62,3,2026-09-30,0.0,Failed,1
1587,540,2,2026-09-30,149.0,Paid,0
1588,770,1,2026-09-30,49.0,Paid,0
1589,314,2,2026-09-30,0.0,Failed,1
1590,405,3,2026-09-30,499.0,Paid,0
1591,754,3,2026-09-30,499.0,Paid,0
1592,566,1,2026-09-30,49.0,Paid,0
1593,115,1,2026-09-30,49.0,Paid,0
1594,689,2,2026-09-30,149.0,Paid,0
1595,724,1,2026-09-30,49.0,Paid,0
1596,745,3,2026-09-30,499.0,Paid,0
1597,252,2,2026-09-30,149.0,Paid,0
1598,417,1,2026-09-30,0.0,Failed,0
1599,850,2,2026-09-30,149.0,Paid,0
1600,1148,3,2026-09-30,499.0,Paid,0
1601,16,1,2026-09-30,49.0,Paid,0
1602,62,2,2026-09-30,149.0,Paid,0
1603,602,1,2026-09-30,0.0,Failed,1
1604,676,2,2026-09-30,149.0,Paid,0
1605,325,1,2026-09-30,0.0,Failed,1
1606,457,1,2026-09-30,0.0,Failed,0
1607,1262,2,2026-09-30,149.0,Paid,0
1608,141,2,2026-09-30,0.0,Failed,1
1609,1180,4,2026-09-30,4990.0,Paid,0
1610,1324,2,2026-09-30,149.0,Paid,0
1611,69,1,2026-09-30,49.0,Paid,0
1612,1224,1,2026-09-30,49.0,Paid,0
1613,757,3,2026-09-30,499.0,Paid,0
1614,90,1,2026-09-30,49.0,Paid,0
1615,100,1,2026-09-30,49.0,Paid,0
1616,1405,2,2026-09-30,149.0,Paid,0
1617,1450,1,2026-09-30,0.0,Failed,1
1618,1204,1,2026-09-30,49.0,Paid,0
1619,1364,2,2026-09-30,149.0,Paid,0
1620,1113,2,2026-09-30,0.0,Failed,1
1621,1342,4,2026-09-30,4990.0,Paid,0
1622,1147,2,2026-09-30,149.0,Paid,0
1623,1082,1,2026-09-30,0.0,Failed,1
1624,845,3,2026-09-30,0.0,Failed,1
1625,560,3,2026-09-30,499.0,Paid,0
1626,17,2,2026-09-30,149.0,Paid,0
1627,1050,2,2026-09-30,149.0,Paid,0
1628,603,1,2026-09-30,0.0,Failed,1
1629,985,1,2026-09-30,0.0,Failed,1
1630,62,1,2026-09-30,49.0,Paid,0
1631,1402,3,2026-09-30,0.0,Failed,1
1632,890,2,2026-09-30,0.0,Failed,1
1633,1334,1,2026-09-30,49.0,Paid,0
1634,1399,2,2026-09-30,0.0,Failed,1
1635,620,1,2026-09-30,49.0,Paid,0
1636,638,1,2026-09-30,0.0,Failed,0
1637,627,3,2026-09-30,499.0,Paid,0
1638,787,3,2026-09-30,499.0,Paid,0
1639,1166,2,2026-09-30,149.0,Paid,0
1640,511,1,2026-09-30,49.0,Paid,0
1641,677,3,2026-09-30,0.0,Failed,1
1642,296,1,2026-09-30,49.0,Paid,0
1643,21,3,2026-09-30,0.0,Failed,0
1644,1195,3,2026-09-30,0.0,Failed,1
1645,1207,1,2026-09-30,0.0,Failed,0
1646,1064,1,2026-09-30,49.0,Paid,0
1647,1355,4,2026-09-30,4990.0,Paid,0
1648,285,2,2026-09-30,149.0,Paid,0
1649,498,2,2026-09-30,149.0,Paid,0
1650,546,1,2026-09-30,0.0,Failed,1
1651,108,1,2026-09-30,49.0,Paid,0
1652,472,2,2026-09-30,149.0,Paid,0
1653,110,4,2026-09-30,4990.0,Paid,0
1654,418,2,2026-09-30,0.0,Failed,0
1655,1448,3,2026-09-30,499.0,Paid,0
1656,1016,2,2026-09-30,149.0,Paid,0
1657,544,3,2026-09-30,499.0,Paid,0
1658,1197,1,2026-09-30,49.0,Paid,0
1659,1384,3,2026-09-30,0.0,Failed,0
1660,1365,3,2026-09-30,499.0,Paid,0
1661,943,2,2026-09-30,149.0,Paid,0
1662,111,3,2026-09-30,499.0,Paid,0
1663,138,3,2026-09-30,499.0,Paid,0
1664,811,2,2026-09-30,0.0,Failed,0
1665,535,2,2026-09-30,149.0,Paid,0
1666,440,4,2026-09-30,4990.0,Paid,0
1667,340,2,2026-09-30,149.0,Paid,0
1668,842,1,2026-09-30,0.0,Failed,1
1669,515,3,2026-09-30,499.0,Paid,0
1670,87,1,2026-09-30,49.0,Paid,0
1671,180,4,2026-09-30,0.0,Failed,1
1672,934,2,2026-09-30,149.0,Paid,0
1673,282,1,2026-09-30,49.0,Paid,0
1674,170,2,2026-09-30,149.0,Paid,0
1675,1171,4,2026-09-30,4990.0,Paid,0
1676,1374,3,2026-09-30,499.0,Paid,0
1677,697,2,2026-09-30,149.0,Paid,0
1678,483,1,2026-09-30,49.0,Paid,0
1679,102,2,2026-09-30,149.0,Paid,0
1680,385,3,2026-09-30,499.0,Paid,0
1681,1454,2,2026-09-30,0.0,Failed,0
1682,842,2,2026-09-30,149.0,Paid,0
1683,382,3,2026-09-30,499.0,Paid,0
1684,572,1,2026-09-30,49.0,Paid,0
1685,1123,1,2026-09-30,0.0,Failed,1
1686,1036,2,2026-09-30,149.0,Paid,0
1687,1006,1,2026-09-30,49.0,Paid,0
1688,310,1,2026-09-30,49.0,Paid,0
1689,1083,1,2026-09-30,0.0,Failed,0
1690,1341,3,2026-09-30,499.0,Paid,0
1691,1189,3,2026-09-30,0.0,Failed,1
1692,1226,1,2026-09-30,49.0,Paid,0
1693,969,1,2026-09-30,49.0,Paid,0
1694,720,2,2026-09-30,0.0,Failed,1
1695,232,3,2026-09-30,499.0,Paid,0
1696,649,3,2026-09-30,499.0,Paid,0
1697,92,1,2026-09-30,49.0,Paid,0
1698,1286,2,2026-09-30,149.0,Paid,0
1699,253,1,2026-09-30,0.0,Failed,1
1700,1220,3,2026-09-30,499.0,Paid,0
1701,223,2,2026-09-30,0.0,Failed,1
1702,412,3,2026-09-30,499.0,Paid,0
1703,579,4,2026-09-30,4990.0,Paid,0
1704,318,1,2026-09-30,49.0,Paid,0
1705,170,2,2026-09-30,0.0,Failed,1
1706,179,1,2026-09-30,0.0,Failed,1
1707,816,3,2026-09-30,499.0,Paid,0
1708,454,1,2026-09-30,49.0,Paid,0
1709,848,4,2026-09-30,4990.0,Paid,0
1710,1045,1,2026-09-30,49.0,Paid,0
1711,514,2,2026-09-30,149.0,Paid,0
1712,693,1,2026-09-30,0.0,Failed,0
1713,111,2,2026-09-30,0.0,Failed,0
1714,969,2,2026-09-30,149.0,Paid,0
1715,932,2,2026-09-30,149.0,Paid,0
1716,16,1,2026-09-30,49.0,Paid,0
1717,1404,3,2026-09-30,0.0,Failed,1
1718,1186,1,2026-09-30,0.0,Failed,0
1719,146,4,2026-09-30,4990.0,Paid,0
1720,1430,2,2026-09-30,0.0,Failed,1
1721,1410,2,2026-09-30,149.0,Paid,0
1722,494,1,2026-09-30,49.0,Paid,0
1723,1177,3,2026-09-30,499.0,Paid,0
1724,35,2,2026-09-30,149.0,Paid,0
1725,559,2,2026-09-30,149.0,Paid,0
1726,168,3,2026-09-30,0.0,Failed,1
1727,115,3,2026-09-30,499.0,Paid,0
1728,386,1,2026-09-30,49.0,Paid,0
1729,1447,2,2026-09-30,149.0,Paid,0
1730,303,1,2026-09-30,0.0,Failed,0
1731,845,2,2026-09-30,149.0,Paid,0
1732,1287,3,2026-09-30,499.0,Paid,0
1733,227,2,2026-09-30,149.0,Paid,0
1734,1477,1,2026-09-30,49.0,Paid,0
1735,1337,3,2026-09-30,499.0,Paid,0
1736,1455,1,2026-09-30,49.0,Paid,0
1737,648,1,2026-09-30,49.0,Paid,0
1738,390,1,2026-09-30,49.0,Paid,0
1739,1482,1,2026-09-30,0.0,Failed,1
1740,488,1,2026-09-30,0.0,Failed,0
1741,755,2,2026-09-30,149.0,Paid,0
1742,954,2,2026-09-30,149.0,Paid,0
1743,6,2,2026-09-30,149.0,Paid,0
1744,245,2,2026-09-30,149.0,Paid,0
1745,478,2,2026-09-30,0.0,Failed,1
1746,1325,1,2026-09-30,0.0,Failed,1
1747,553,2,2026-09-30,149.0,Paid,0
1748,377,1,2026-09-30,49.0,Paid,0
1749,1131,3,2026-09-30,499.0,Paid,0
1750,435,3,2026-09-30,0.0,Failed,1
1751,1315,3,2026-09-30,499.0,Paid,0
1752,780,2,2026-09-30,0.0,Failed,1
1753,911,1,2026-09-30,49.0,Paid,0
1754,1238,1,2026-09-30,49.0,Paid,0
1755,1412,3,2026-09-30,499.0,Paid,0
1756,63,3,2026-09-30,499.0,Paid,0
1757,118,2,2026-09-30,149.0,Paid,0
1758,1208,1,2026-09-30,0.0,Failed,0
1759,1123,1,2026-09-30,49.0,Paid,0
1760,1000,2,2026-09-30,0.0,Failed,1
1761,1024,1,2026-09-30,49.0,Paid,0
1762,1481,1,2026-09-30,0.0,Failed,1
1763,1470,3,2026-09-30,499.0,Paid,0
1764,727,3,2026-09-30,499.0,Paid,0
1765,1170,1,2026-09-30,49.0,Paid,0
1766,957,1,2026-09-30,0.0,Failed,0
1767,783,3,2026-09-30,499.0,Paid,0
1768,1181,1,2026-09-30,49.0,Paid,0
1769,26,2,2026-09-30,149.0,Paid,0
1770,872,1,2026-09-30,49.0,Paid,0
1771,922,1,2026-09-30,49.0,Paid,0
1772,842,1,2026-09-30,49.0,Paid,0
1773,1294,2,2026-09-30,149.0,Paid,0
1774,249,2,2026-09-30,149.0,Paid,0
1775,241,1,2026-09-30,49.0,Paid,0
1776,893,3,2026-09-30,499.0,Paid,0
1777,1208,1,2026-09-30,49.0,Paid,0
1778,1139,1,2026-09-30,0.0,Failed,1
1779,403,4,2026-09-30,0.0,Failed,0
1780,1366,1,2026-09-30,49.0,Paid,0
1781,706,3,2026-09-30,0.0,Failed,1
1782,1006,3,2026-09-30,499.0,Paid,0
1783,174,1,2026-09-30,0.0,Failed,1
1784,790,2,2026-09-30,149.0,Paid,0
1785,216,2,2026-09-30,0.0,Failed,0
1786,1229,3,2026-09-30,499.0,Paid,0
1787,889,1,2026-09-30,0.0,Failed,1
1788,1302,1,2026-09-30,49.0,Paid,0
1789,800,2,2026-09-30,149.0,Paid,0
1790,1215,3,2026-09-30,499.0,Paid,0
1791,76,1,2026-09-30,49.0,Paid,0
1792,420,1,2026-09-30,49.0,Paid,0
1793,1494,3,2026-09-30,0.0,Failed,0
1794,1497,2,2026-09-30,149.0,Paid,0
1795,721,1,2026-09-30,0.0,Failed,1
1796,870,2,2026-09-30,149.0,Paid,0
1797,1480,2,2026-09-30,0.0,Failed,1
1798,1109,1,2026-09-30,49.0,Paid,0
1799,1497,1,2026-09-30,0.0,Failed,1
1800,921,3,2026-09-30,499.0,Paid,0
1801,1023,2,2026-09-30,149.0,Paid,0
1802,766,3,2026-09-30,499.0,Paid,0
1803,1341,2,2026-09-30,149.0,Paid,0
1804,1100,1,2026-09-30,0.0,Failed,0
1805,1209,2,2026-09-30,149.0,Paid,0
1806,364,1,2026-09-30,49.0,Paid,0
1807,165,2,2026-09-30,149.0,Paid,0
1808,1428,1,2026-09-30,49.0,Paid,0
1809,873,2,2026-09-30,149.0,Paid,0
1810,305,1,2026-09-30,0.0,Failed,1
1811,183,2,2026-09-30,149.0,Paid,0
1812,432,1,2026-09-30,49.0,Paid,0
1813,436,2,2026-09-30,149.0,Paid,0
1814,1137,2,2026-09-30,149.0,Paid,0
1815,82,1,2026-09-30,0.0,Failed,1
1816,1056,3,2026-09-30,0.0,Failed,1
1817,483,1,2026-09-30,49.0,Paid,0
1818,365,2,2026-09-30,149.0,Paid,0
1819,110,1,2026-09-30,49.0,Paid,0
1820,1125,4,2026-09-30,4990.0,Paid,0
1821,984,2,2026-09-30,149.0,Paid,0
1822,382,2,2026-09-30,0.0,Failed,1
1823,1361,2,2026-09-30,149.0,Paid,0
1824,755,1,2026-09-30,49.0,Paid,0
1825,1169,4,2026-09-30,4990.0,Paid,0
1826,282,2,2026-09-30,149.0,Paid,0
1827,903,2,2026-09-30,0.0,Failed,1
1828,17,3,2026-09-30,499.0,Paid,0
1829,1405,2,2026-09-30,0.0,Failed,1
1830,1320,2,2026-09-30,149.0,Paid,0
1831,667,4,2026-09-30,0.0,Failed,0
1832,1153,1,2026-09-30,49.0,Paid,0
1833,418,1,2026-09-30,49.0,Paid,0
1834,1371,1,2026-09-30,49.0,Paid,0
1835,1313,1,2026-09-30,49.0,Paid,0
1836,508,2,2026-09-30,149.0,Paid,0
1837,141,2,2026-09-30,0.0,Failed,1
1838,1204,1,2026-09-30,0.0,Failed,1
1839,1268,1,2026-09-30,49.0,Paid,0
1840,386,1,2026-09-30,49.0,Paid,0
1841,924,2,2026-09-30,0.0,Failed,1
1842,1253,1,2026-09-30,49.0,Paid,0
1843,1181,1,2026-09-30,0.0,Failed,0
1844,944,4,2026-09-30,4990.0,Paid,0
1845,665,1,2026-09-30,49.0,Paid,0
1846,467,3,2026-09-30,499.0,Paid,0
1847,545,3,2026-09-30,499.0,Paid,0
1848,1469,1,2026-09-30,49.0,Paid,0
1849,299,3,2026-09-30,0.0,Failed,1
1850,396,1,2026-09-30,49.0,Paid,0
1851,235,3,2026-09-30,499.0,Paid,0
1852,219,3,2026-09-30,499.0,Paid,0
1853,1035,2,2026-09-30,0.0,Failed,0
1854,1275,2,2026-09-30,149.0,Paid,0
1855,319,3,2026-09-30,499.0,Paid,0
1856,758,2,2026-09-30,149.0,Paid,0
1857,431,2,2026-09-30,149.0,Paid,0
1858,207,1,2026-09-30,0.0,Failed,1
1859,387,1,2026-09-30,49.0,Paid,0
1860,811,1,2026-09-30,49.0,Paid,0
1861,844,1,2026-09-30,49.0,Paid,0
1862,788,1,2026-09-30,49.0,Paid,0
1863,663,1,2026-09-30,49.0,Paid,0
1864,7,3,2026-09-30,499.0,Paid,0
1865,473,1,2026-09-30,49.0,Paid,0
1866,798,2,2026-09-30,149.0,Paid,0
1867,296,2,2026-09-30,149.0,Paid,0
1868,9,2,2026-09-30,149.0,Paid,0
1869,911,1,2026-09-30,49.0,Paid,0
1870,470,1,2026-09-30,0.0,Failed,0
1871,1279,3,2026-09-30,499.0,Paid,0
1872,968,2,2026-09-30,149.0,Paid,0
1873,855,1,2026-09-30,49.0,Paid,0
1874,1169,2,2026-09-30,149.0,Paid,0
1875,106,2,2026-09-30,149.0,Paid,0
1876,222,1,2026-09-30,49.0,Paid,0
1877,274,1,2026-09-30,49.0,Paid,0
1878,364,1,2026-09-30,49.0,Paid,0
1879,339,1,2026-09-30,49.0,Paid,0
1880,999,1,2026-09-30,49.0,Paid,0
1881,785,2,2026-09-30,149.0,Paid,0
1882,894,1,2026-09-30,49.0,Paid,0
1883,1083,2,2026-09-30,149.0,Paid,0
1884,553,1,2026-09-30,49.0,Paid,0
1885,1381,1,2026-09-30,0.0,Failed,1
1886,26,1,2026-09-30,49.0,Paid,0
1887,1224,3,2026-09-30,499.0,Paid,0
1888,674,3,2026-09-30,499.0,Paid,0
1889,1131,1,2026-09-30,49.0,Paid,0
1890,1366,1,2026-09-30,0.0,Failed,1
1891,1159,1,2026-09-30,49.0,Paid,0
1892,364,2,2026-09-30,149.0,Paid,0
1893,1214,1,2026-09-30,49.0,Paid,0
1894,1198,3,2026-09-30,499.0,Paid,0
1895,1333,1,2026-09-30,49.0,Paid,0
1896,1032,1,2026-09-30,49.0,Paid,0
1897,583,1,2026-09-30,49.0,Paid,0
1898,444,3,2026-09-30,499.0,Paid,0
1899,1421,2,2026-09-30,149.0,Paid,0
1900,1189,1,2026-09-30,49.0,Paid,0
1901,845,1,2026-09-30,49.0,Paid,0
1902,248,3,2026-09-30,499.0,Paid,0
1903,222,2,2026-09-30,149.0,Paid,0
1904,312,1,2026-09-30,49.0,Paid,0
1905,1438,1,2026-09-30,0.0,Failed,1
1906,1279,1,2026-09-30,49.0,Paid,0
1907,1416,2,2026-09-30,0.0,Failed,1
1908,1229,1,2026-09-30,0.0,Failed,1
1909,1369,1,2026-09-30,49.0,Paid,0
1910,853,1,2026-09-30,49.0,Paid,0
1911,1422,2,2026-09-30,149.0,Paid,0
1912,642,1,2026-09-30,49.0,Paid,0
1913,1474,1,2026-09-30,49.0,Paid,0
1914,195,1,2026-09-30,49.0,Paid,0
1915,1060,1,2026-09-30,49.0,Paid,0
1916,446,1,2026-09-30,0.0,Failed,0
1917,1093,3,2026-09-30,499.0,Paid,0
1918,594,1,2026-09-30,49.0,Paid,0
1919,1465,4,2026-09-30,4990.0,Paid,0
1920,303,3,2026-09-30,499.0,Paid,0
1921,809,1,2026-09-30,0.0,Failed,1
1922,168,2,2026-09-30,149.0,Paid,0
1923,21,4,2026-09-30,4990.0,Paid,0
1924,506,3,2026-09-30,499.0,Paid,0
1925,326,1,2026-09-30,0.0,Failed,1
1926,81,3,2026-09-30,0.0,Failed,1
1927,637,3,2026-09-30,499.0,Paid,0
1928,1335,4,2026-09-30,0.0,Failed,0
1929,874,2,2026-09-30,0.0,Failed,1
1930,1105,2,2026-09-30,0.0,Failed,1
1931,275,1,2026-09-30,0.0,Failed,0
1932,366,3,2026-09-30,499.0,Paid,0
1933,42,1,2026-09-30,49.0,Paid,0
1934,1432,1,2026-09-30,49.0,Paid,0
1935,150,1,2026-09-30,0.0,Failed,0
1936,297,1,2026-09-30,0.0,Failed,0
1937,282,1,2026-09-30,49.0,Paid,0
1938,886,1,2026-09-30,49.0,Paid,0
1939,895,2,2026-09-30,149.0,Paid,0
1940,1216,1,2026-09-30,0.0,Failed,0
1941,1454,2,2026-09-30,149.0,Paid,0
1942,1433,1,2026-09-30,49.0,Paid,0
1943,1130,1,2026-09-30,49.0,Paid,0
1944,781,2,2026-09-30,149.0,Paid,0
1945,941,2,2026-09-30,0.0,Failed,1
1946,980,3,2026-09-30,499.0,Paid,0
1947,562,1,2026-09-30,49.0,Paid,0
1948,722,3,2026-09-30,0.0,Failed,0
1949,474,1,2026-09-30,49.0,Paid,0
1950,1186,1,2026-09-30,49.0,Paid,0
1951,1486,2,2026-09-30,149.0,Paid,0
1952,1382,1,2026-09-30,49.0,Paid,0
1953,653,1,2026-09-30,0.0,Failed,0
1954,709,1,2026-09-30,0.0,Failed,0
1955,1343,1,2026-09-30,0.0,Failed,1
1956,1482,2,2026-09-30,149.0,Paid,0
1957,1160,1,2026-09-30,0.0,Failed,1
1958,710,2,2026-09-30,0.0,Failed,0
1959,850,1,2026-09-30,49.0,Paid,0
1960,487,2,2026-09-30,149.0,Paid,0
1961,667,3,2026-09-30,499.0,Paid,0
1962,150,2,2026-09-30,149.0,Paid,0
1963,1132,1,2026-09-30,49.0,Paid,0
1964,570,2,2026-09-30,149.0,Paid,0
1965,760,2,2026-09-30,149.0,Paid,0
1966,207,1,2026-09-30,49.0,Paid,0
1967,1450,1,2026-09-30,49.0,Paid,0
1968,1255,1,2026-09-30,49.0,Paid,0
1969,198,2,2026-09-30,149.0,Paid,0
1970,1351,2,2026-09-30,149.0,Paid,0
1971,1442,3,2026-09-30,499.0,Paid,0
1972,54,2,2026-09-30,0.0,Failed,1
1973,220,2,2026-09-30,0.0,Failed,1
1974,729,2,2026-09-30,149.0,Paid,0
1975,687,2,2026-09-30,149.0,Paid,0
1976,133,2,2026-09-30,0.0,Failed,0
1977,292,1,2026-09-30,49.0,Paid,0
1978,276,2,2026-09-30,0.0,Failed,0
1979,955,3,2026-09-30,499.0,Paid,0
1980,1453,1,2026-09-30,49.0,Paid,0
1981,444,2,2026-09-30,149.0,Paid,0
1982,287,2,2026-09-30,0.0,Failed,1
1983,1078,3,2026-09-30,499.0,Paid,0
1984,724,3,2026-09-30,499.0,Paid,0
1985,1382,2,2026-09-30,149.0,Paid,0
1986,285,4,2026-09-30,4990.0,Paid,0
1987,145,3,2026-09-30,0.0,Failed,0
1988,1191,2,2026-09-30,0.0,Failed,0
1989,446,1,2026-09-30,49.0,Paid,0
1990,1242,3,2026-09-30,499.0,Paid,0
1991,489,4,2026-09-30,4990.0,Paid,0
1992,34,4,2026-09-30,0.0,Failed,1
1993,494,1,2026-09-30,0.0,Failed,0
1994,685,3,2026-09-30,499.0,Paid,0
1995,1379,3,2026-09-30,499.0,Paid,0
1996,482,3,2026-09-30,499.0,Paid,0
1997,1044,3,2026-09-30,499.0,Paid,0
1998,1444,2,2026-09-30,149.0,Paid,0
1999,1465,1,2026-09-30,49.0,Paid,0
2000,92,1,2026-09-30,49.0,Paid,0
2001,624,1,2026-09-30,49.0,Paid,0
2002,49,2,2026-09-30,0.0,Failed,1
2003,1061,1,2026-09-30,0.0,Failed,1
2004,1300,2,2026-09-30,0.0,Failed,0
2005,1296,1,2026-09-30,49.0,Paid,0
2006,577,2,2026-09-30,0.0,Failed,0
2007,23,1,2026-09-30,49.0,Paid,0
2008,43,1,2026-09-30,49.0,Paid,0
2009,1361,2,2026-09-30,149.0,Paid,0
2010,1484,1,2026-09-30,49.0,Paid,0
2011,266,1,2026-09-30,0.0,Failed,1
2012,93,3,2026-09-30,499.0,Paid,0
2013,810,1,2026-09-30,49.0,Paid,0
2014,1289,1,2026-09-30,49.0,Paid,0
2015,250,1,2026-09-30,49.0,Paid,0
2016,684,4,2026-09-30,0.0,Failed,1
2017,273,1,2026-09-30,0.0,Failed,0
2018,301,2,2026-09-30,149.0,Paid,0
2019,1391,1,2026-09-30,49.0,Paid,0
2020,867,3,2026-09-30,0.0,Failed,1
2021,175,2,2026-09-30,149.0,Paid,0
2022,1456,2,2026-09-30,0.0,Failed,0
2023,930,2,2026-09-30,0.0,Failed,0
2024,760,3,2026-09-30,499.0,Paid,0
2025,1025,2,2026-09-30,149.0,Paid,0
2026,264,3,2026-09-30,499.0,Paid,0
2027,1092,4,2026-09-30,4990.0,Paid,0
2028,1259,2,2026-09-30,149.0,Paid,0
2029,86,1,2026-09-30,0.0,Failed,1
2030,564,1,2026-09-30,49.0,Paid,0
2031,654,1,2026-09-30,0.0,Failed,0
2032,174,2,2026-09-30,0.0,Failed,0
2033,458,1,2026-09-30,49.0,Paid,0
2034,1022,4,2026-09-30,0.0,Failed,0
2035,1491,2,2026-09-30,149.0,Paid,0
2036,1283,2,2026-09-30,149.0,Paid,0
2037,713,3,2026-09-30,499.0,Paid,0
2038,1045,1,2026-09-30,49.0,Paid,0
2039,1165,1,2026-09-30,49.0,Paid,0
2040,489,2,2026-09-30,149.0,Paid,0
2041,68,1,2026-09-30,49.0,Paid,0
2042,627,2,2026-09-30,149.0,Paid,0
2043,1196,1,2026-09-30,49.0,Paid,0
2044,1381,2,2026-09-30,149.0,Paid,0
2045,64,3,2026-09-30,499.0,Paid,0
2046,1058,1,2026-09-30,0.0,Failed,0
2047,18,1,2026-09-30,49.0,Paid,0
2048,959,4,2026-09-30,4990.0,Paid,0
2049,728,1,2026-09-30,49.0,Paid,0
2050,381,1,2026-09-30,49.0,Paid,0
2051,736,2,2026-09-30,149.0,Paid,0
2052,1473,1,2026-09-30,49.0,Paid,0
2053,1380,1,2026-09-30,49.0,Paid,0
2054,74,2,2026-09-30,0.0,Failed,1
2055,1431,4,2026-09-30,4990.0,Paid,0
2056,1320,2,2026-09-30,149.0,Paid,0
2057,217,3,2026-09-30,499.0,Paid,0
2058,80,2,2026-09-30,149.0,Paid,0
2059,1391,2,2026-09-30,149.0,Paid,0
2060,45,3,2026-09-30,499.0,Paid,0
2061,1013,3,2026-09-30,499.0,Paid,0
2062,256,3,2026-09-30,499.0,Paid,0
2063,825,1,2026-09-30,0.0,Failed,1
2064,1008,2,2026-09-30,149.0,Paid,0
2065,573,1,2026-09-30,49.0,Paid,0
2066,1422,4,2026-09-30,0.0,Failed,1
2067,168,2,2026-09-30,149.0,Paid,0
2068,560,1,2026-09-30,0.0,Failed,1
2069,599,1,2026-09-30,0.0,Failed,1
2070,530,2,2026-09-30,0.0,Failed,1
2071,236,3,2026-09-30,499.0,Paid,0
2072,1029,2,2026-09-30,149.0,Paid,0
2073,473,1,2026-09-30,49.0,Paid,0
2074,949,3,2026-09-30,499.0,Paid,0
2075,1351,1,2026-09-30,49.0,Paid,0
2076,950,1,2026-09-30,49.0,Paid,0
2077,771,2,2026-09-30,0.0,Failed,0
2078,526,2,2026-09-30,149.0,Paid,0
2079,438,2,2026-09-30,149.0,Paid,0
2080,535,3,2026-09-30,499.0,Paid,0
2081,1052,4,2026-09-30,0.0,Failed,1
2082,1219,3,2026-09-30,499.0,Paid,0
2083,535,2,2026-09-30,149.0,Paid,0
2084,581,2,2026-09-30,149.0,Paid,0
2085,1081,1,2026-09-30,49.0,Paid,0
2086,122,1,2026-09-30,0.0,Failed,0
2087,591,1,2026-09-30,49.0,Paid,0
2088,172,3,2026-09-30,499.0,Paid,0
2089,1412,1,2026-09-30,49.0,Paid,0
2090,199,2,2026-09-30,149.0,Paid,0
2091,341,2,2026-09-30,149.0,Paid,0
2092,973,1,2026-09-30,49.0,Paid,0
2093,556,1,2026-09-30,0.0,Failed,1
2094,1493,3,2026-09-30,499.0,Paid,0
2095,781,3,2026-09-30,0.0,Failed,1
2096,1411,1,2026-09-30,0.0,Failed,1
2097,188,3,2026-09-30,499.0,Paid,0
2098,421,1,2026-09-30,49.0,Paid,0
2099,529,1,2026-09-30,49.0,Paid,0
2100,233,2,2026-09-30,149.0,Paid,0
2101,1311,1,2026-09-30,0.0,Failed,1
2102,210,1,2026-09-30,0.0,Failed,0
2103,418,1,2026-09-30,49.0,Paid,0
2104,739,3,2026-09-30,499.0,Paid,0
2105,155,4,2026-09-30,4990.0,Paid,0
2106,543,1,2026-09-30,0.0,Failed,0
2107,897,2,2026-09-30,149.0,Paid,0
2108,749,3,2026-09-30,499.0,Paid,0
2109,1372,1,2026-09-30,0.0,Failed,1
2110,839,1,2026-09-30,49.0,Paid,0
2111,1369,3,2026-09-30,499.0,Paid,0
2112,554,2,2026-09-30,0.0,Failed,0
2113,175,2,2026-09-30,149.0,Paid,0
2114,645,1,2026-09-30,49.0,Paid,0
2115,1097,4,2026-09-30,0.0,Failed,1
2116,1475,2,2026-09-30,149.0,Paid,0
2117,123,2,2026-09-30,149.0,Paid,0
2118,1254,2,2026-09-30,149.0,Paid,0
2119,65,1,2026-09-30,49.0,Paid,0
2120,274,1,2026-09-30,49.0,Paid,0
2121,1215,1,2026-09-30,49.0,Paid,0
2122,1047,1,2026-09-30,49.0,Paid,0
2123,1372,2,2026-09-30,149.0,Paid,0
2124,1321,1,2026-09-30,49.0,Paid,0
2125,689,1,2026-09-30,0.0,Failed,1
2126,1019,2,2026-09-30,149.0,Paid,0
2127,1200,2,2026-09-30,0.0,Failed,0
2128,739,1,2026-09-30,49.0,Paid,0
2129,270,1,2026-09-30,49.0,Paid,0
2130,1442,2,2026-09-30,0.0,Failed,1
2131,519,1,2026-09-30,49.0,Paid,0
2132,1159,1,2026-09-30,49.0,Paid,0
2133,70,1,2026-09-30,49.0,Paid,0
2134,109,1,2026-09-30,49.0,Paid,0
2135,792,2,2026-09-30,149.0,Paid,0
2136,800,1,2026-09-30,0.0,Failed,1
2137,1376,2,2026-09-30,149.0,Paid,0
2138,426,2,2026-09-30,149.0,Paid,0
2139,1152,1,2026-09-30,49.0,Paid,0
2140,1338,3,2026-09-30,499.0,Paid,0
2141,1194,1,2026-09-30,49.0,Paid,0
2142,46,3,2026-09-30,499.0,Paid,0
2143,50,2,2026-09-30,149.0,Paid,0
2144,519,3,2026-09-30,499.0,Paid,0
2145,1498,1,2026-09-30,0.0,Failed,1
2146,890,1,2026-09-30,49.0,Paid,0
2147,290,3,2026-09-30,499.0,Paid,0
2148,960,1,2026-09-30,49.0,Paid,0
2149,814,4,2026-09-30,4990.0,Paid,0
2150,1369,3,2026-09-30,499.0,Paid,0
2151,1448,2,2026-09-30,149.0,Paid,0
2152,255,2,2026-09-30,149.0,Paid,0
2153,446,1,2026-09-30,49.0,Paid,0
2154,1330,3,2026-09-30,499.0,Paid,0
2155,505,2,2026-09-30,149.0,Paid,0
2156,548,3,2026-09-30,0.0,Failed,1
2157,733,1,2026-09-30,49.0,Paid,0
2158,876,1,2026-09-30,0.0,Failed,1
2159,542,2,2026-09-30,149.0,Paid,0
2160,689,3,2026-09-30,499.0,Paid,0
2161,1239,2,2026-09-30,149.0,Paid,0
2162,1457,2,2026-09-30,0.0,Failed,0
2163,238,1,2026-09-30,49.0,Paid,0
2164,1487,1,2026-09-30,49.0,Paid,0
2165,1395,2,2026-09-30,149.0,Paid,0
2166,900,2,2026-09-30,149.0,Paid,0
2167,272,3,2026-09-30,499.0,Paid,0
2168,49,1,2026-09-30,49.0,Paid,0
2169,808,3,2026-09-30,499.0,Paid,0
2170,975,1,2026-09-30,0.0,Failed,1
2171,555,2,2026-09-30,149.0,Paid,0
2172,83,1,2026-09-30,0.0,Failed,1
2173,751,1,2026-09-30,49.0,Paid,0
2174,1132,1,2026-09-30,49.0,Paid,0
2175,252,4,2026-09-30,4990.0,Paid,0
2176,14,3,2026-09-30,499.0,Paid,0
2177,1090,2,2026-09-30,149.0,Paid,0
2178,78,2,2026-09-30,149.0,Paid,0
2179,1391,2,2026-09-30,149.0,Paid,0
2180,348,3,2026-09-30,499.0,Paid,0
2181,906,3,2026-09-30,0.0,Failed,1
2182,559,1,2026-09-30,49.0,Paid,0
2183,652,2,2026-09-30,149.0,Paid,0
2184,470,3,2026-09-30,0.0,Failed,1
2185,273,2,2026-09-30,149.0,Paid,0
2186,1246,2,2026-09-30,149.0,Paid,0
2187,164,3,2026-09-30,499.0,Paid,0
2188,246,1,2026-09-30,49.0,Paid,0
2189,777,1,2026-09-30,0.0,Failed,0
2190,139,1,2026-09-30,49.0,Paid,0
2191,1428,2,2026-09-30,0.0,Failed,0
2192,704,1,2026-09-30,0.0,Failed,1
2193,731,2,2026-09-30,149.0,Paid,0
2194,54,1,2026-09-30,49.0,Paid,0
2195,1148,2,2026-09-30,149.0,Paid,0
2196,135,2,2026-09-30,149.0,Paid,0
2197,63,2,2026-09-30,149.0,Paid,0
2198,106,2,2026-09-30,149.0,Paid,0
2199,478,2,2026-09-30,149.0,Paid,0
2200,216,4,2026-09-30,0.0,Failed,0
2201,564,3,2026-09-30,499.0,Paid,0
2202,1060,1,2026-09-30,49.0,Paid,0
2203,1402,2,2026-09-30,149.0,Paid,0
2204,1243,2,2026-09-30,149.0,Paid,0
2205,1077,1,2026-09-30,49.0,Paid,0
2206,1,2,2026-09-30,0.0,Failed,1
2207,57,2,2026-09-30,0.0,Failed,1
2208,321,3,2026-09-30,499.0,Paid,0
2209,1070,2,2026-09-30,149.0,Paid,0
2210,712,1,2026-09-30,49.0,Paid,0
2211,1168,2,2026-09-30,149.0,Paid,0
2212,270,1,2026-09-30,49.0,Paid,0
2213,672,3,2026-09-30,0.0,Failed,0
2214,236,2,2026-09-30,0.0,Failed,0
2215,61,1,2026-09-30,49.0,Paid,0
2216,29,3,2026-09-30,499.0,Paid,0
2217,889,3,2026-09-30,499.0,Paid,0
2218,138,2,2026-09-30,149.0,Paid,0
2219,347,4,2026-09-30,4990.0,Paid,0
2220,250,3,2026-09-30,499.0,Paid,0
2221,97,2,2026-09-30,0.0,Failed,1
2222,716,2,2026-09-30,0.0,Failed,1
2223,1399,2,2026-09-30,149.0,Paid,0
2224,1204,1,2026-09-30,49.0,Paid,0
2225,622,1,2026-09-30,49.0,Paid,0
2226,1267,3,2026-09-30,0.0,Failed,1
2227,509,1,2026-09-30,49.0,Paid,0
2228,1387,1,2026-09-30,0.0,Failed,1
2229,880,4,2026-09-30,4990.0,Paid,0
2230,1107,3,2026-09-30,499.0,Paid,0
2231,1413,1,2026-09-30,49.0,Paid,0
2232,463,2,2026-09-30,149.0,Paid,0
2233,1357,1,2026-09-30,49.0,Paid,0
2234,1397,4,2026-09-30,4990.0,Paid,0
2235,822,1,2026-09-30,0.0,Failed,0
2236,535,2,2026-09-30,149.0,Paid,0
2237,1239,3,2026-09-30,499.0,Paid,0
2238,219,2,2026-09-30,0.0,Failed,1
2239,69,2,2026-09-30,0.0,Failed,1
2240,1427,3,2026-09-30,499.0,Paid,0
2241,1092,1,2026-09-30,49.0,Paid,0
2242,1271,1,2026-09-30,49.0,Paid,0
2243,112,1,2026-09-30,0.0,Failed,1
2244,310,4,2026-09-30,4990.0,Paid,0
2245,188,2,2026-09-30,149.0,Paid,0
2246,1338,2,2026-09-30,149.0,Paid,0
2247,444,2,2026-09-30,149.0,Paid,0
2248,149,4,2026-09-30,4990.0,Paid,0
2249,1178,1,2026-09-30,49.0,Paid,0
2250,884,2,2026-09-30,149.0,Paid,0
2251,1385,2,2026-09-30,149.0,Paid,0
2252,530,4,2026-09-30,0.0,Failed,1
2253,554,2,2026-09-30,149.0,Paid,0
2254,81,2,2026-09-30,149.0,Paid,0
2255,797,1,2026-09-30,0.0,Failed,1
2256,1188,1,2026-09-30,0.0,Failed,0
2257,1208,1,2026-09-30,49.0,Paid,0
2258,452,2,2026-09-30,149.0,Paid,0
2259,962,4,2026-09-30,4990.0,Paid,0
2260,1017,1,2026-09-30,49.0,Paid,0
2261,798,3,2026-09-30,499.0,Paid,0
2262,149,1,2026-09-30,49.0,Paid,0
2263,10,1,2026-09-30,49.0,Paid,0
2264,938,2,2026-09-30,149.0,Paid,0
2265,1203,1,2026-09-30,49.0,Paid,0
2266,291,2,2026-09-30,149.0,Paid,0
2267,698,3,2026-09-30,0.0,Failed,1
2268,1189,2,2026-09-30,149.0,Paid,0
2269,684,3,2026-09-30,499.0,Paid,0
2270,835,2,2026-09-30,149.0,Paid,0
2271,1430,4,2026-09-30,4990.0,Paid,0
2272,415,3,2026-09-30,499.0,Paid,0
2273,150,3,2026-09-30,499.0,Paid,0
2274,1305,2,2026-09-30,149.0,Paid,0
2275,257,2,2026-09-30,149.0,Paid,0
2276,889,2,2026-09-30,149.0,Paid,0
2277,1263,3,2026-09-30,0.0,Failed,0
2278,904,3,2026-09-30,499.0,Paid,0
2279,1021,3,2026-09-30,0.0,Failed,1
2280,1022,1,2026-09-30,0.0,Failed,1
2281,570,3,2026-09-30,499.0,Paid,0
2282,912,1,2026-09-30,49.0,Paid,0
2283,569,2,2026-09-30,149.0,Paid,0
2284,1495,3,2026-09-30,0.0,Failed,0
2285,582,1,2026-09-30,0.0,Failed,1
2286,1492,2,2026-09-30,0.0,Failed,1
2287,1439,2,2026-09-30,149.0,Paid,0
2288,163,3,2026-09-30,0.0,Failed,0
2289,617,3,2026-09-30,499.0,Paid,0
2290,523,4,2026-09-30,0.0,Failed,1
2291,1073,1,2026-09-30,0.0,Failed,1
2292,562,1,2026-09-30,49.0,Paid,0
2293,479,2,2026-09-30,149.0,Paid,0
2294,223,2,2026-09-30,0.0,Failed,1
2295,425,2,2026-09-30,149.0,Paid,0
2296,169,2,2026-09-30,149.0,Paid,0
2297,420,2,2026-09-30,149.0,Paid,0
2298,252,1,2026-09-30,49.0,Paid,0
2299,30,2,2026-09-30,149.0,Paid,0
2300,434,3,2026-09-30,499.0,Paid,0
2301,1356,2,2026-09-30,149.0,Paid,0
2302,1472,1,2026-09-30,49.0,Paid,0
2303,720,2,2026-09-30,0.0,Failed,1
2304,1366,1,2026-09-30,0.0,Failed,0
2305,778,1,2026-09-30,49.0,Paid,0
2306,647,2,2026-09-30,149.0,Paid,0
2307,1182,1,2026-09-30,49.0,Paid,0
2308,824,2,2026-09-30,149.0,Paid,0
2309,759,2,2026-09-30,0.0,Failed,1
2310,1367,3,2026-09-30,0.0,Failed,0
2311,971,2,2026-09-30,0.0,Failed,1
2312,516,2,2026-09-30,0.0,Failed,1
2313,723,1,2026-09-30,49.0,Paid,0
2314,1313,1,2026-09-30,0.0,Failed,1
2315,657,3,2026-09-30,499.0,Paid,0
2316,1006,1,2026-09-30,49.0,Paid,0
2317,1174,2,2026-09-30,0.0,Failed,1
2318,1216,2,2026-09-30,0.0,Failed,0
2319,959,1,2026-09-30,49.0,Paid,0
2320,291,1,2026-09-30,0.0,Failed,1
2321,1434,2,2026-09-30,149.0,Paid,0
2322,849,3,2026-09-30,499.0,Paid,0
2323,1219,3,2026-09-30,0.0,Failed,0
2324,476,2,2026-09-30,0.0,Failed,0
2325,565,1,2026-09-30,0.0,Failed,0
2326,287,1,2026-09-30,0.0,Failed,1
2327,77,1,2026-09-30,49.0,Paid,0
2328,527,1,2026-09-30,49.0,Paid,0
2329,183,2,2026-09-30,149.0,Paid,0
2330,1161,3,2026-09-30,499.0,Paid,0
2331,496,3,2026-09-30,499.0,Paid,0
2332,223,3,2026-09-30,499.0,Paid,0
2333,1370,1,2026-09-30,49.0,Paid,0
2334,516,2,2026-09-30,149.0,Paid,0
2335,703,2,2026-09-30,149.0,Paid,0
2336,761,1,2026-09-30,49.0,Paid,0
2337,729,1,2026-09-30,0.0,Failed,1
2338,154,1,2026-09-30,0.0,Failed,0
2339,519,1,2026-09-30,49.0,Paid,0
2340,650,1,2026-09-30,0.0,Failed,0
2341,1119,1,2026-09-30,0.0,Failed,0
2342,183,2,2026-09-30,149.0,Paid,0
2343,715,4,2026-09-30,0.0,Failed,0
2344,885,4,2026-09-30,4990.0,Paid,0
2345,1346,4,2026-09-30,4990.0,Paid,0
2346,1456,3,2026-09-30,0.0,Failed,0
2347,140,2,2026-09-30,149.0,Paid,0
2348,670,3,2026-09-30,0.0,Failed,0
2349,1419,1,2026-09-30,49.0,Paid,0
2350,886,1,2026-09-30,0.0,Failed,0
2351,628,2,2026-09-30,0.0,Failed,0
2352,345,2,2026-09-30,0.0,Failed,0
2353,1401,3,2026-09-30,499.0,Paid,0
2354,282,2,2026-09-30,149.0,Paid,0
2355,240,2,2026-09-30,0.0,Failed,1
2356,986,2,2026-09-30,149.0,Paid,0
2357,186,3,2026-09-30,499.0,Paid,0
2358,269,2,2026-09-30,0.0,Failed,0
2359,1243,3,2026-09-30,499.0,Paid,0
2360,1476,2,2026-09-30,149.0,Paid,0
2361,19,1,2026-09-30,0.0,Failed,1
2362,264,1,2026-09-30,49.0,Paid,0
2363,1305,1,2026-09-30,49.0,Paid,0
2364,1299,1,2026-09-30,49.0,Paid,0
2365,1498,3,2026-09-30,499.0,Paid,0
2366,625,3,2026-09-30,499.0,Paid,0
2367,855,2,2026-09-30,149.0,Paid,0
2368,74,1,2026-09-30,49.0,Paid,0
2369,871,2,2026-09-30,149.0,Paid,0
2370,1233,1,2026-09-30,49.0,Paid,0
2371,75,2,2026-09-30,149.0,Paid,0
2372,387,2,2026-09-30,0.0,Failed,1
2373,493,2,2026-09-30,149.0,Paid,0
2374,567,1,2026-09-30,49.0,Paid,0
2375,1318,2,2026-09-30,149.0,Paid,0
2376,1220,3,2026-09-30,499.0,Paid,0
2377,135,2,2026-09-30,149.0,Paid,0
2378,126,1,2026-09-30,49.0,Paid,0
2379,1084,1,2026-09-30,49.0,Paid,0
2380,101,2,2026-09-30,149.0,Paid,0
2381,30,3,2026-09-30,499.0,Paid,0
2382,506,3,2026-09-30,499.0,Paid,0
2383,1197,2,2026-09-30,0.0,Failed,1
2384,543,1,2026-09-30,49.0,Paid,0
2385,415,1,2026-09-30,49.0,Paid,0
2386,959,2,2026-09-30,149.0,Paid,0
2387,483,2,2026-09-30,149.0,Paid,0
2388,265,3,2026-09-30,0.0,Failed,1
2389,1318,1,2026-09-30,0.0,Failed,1
2390,527,2,2026-09-30,149.0,Paid,0
2391,897,1,2026-09-30,49.0,Paid,0
2392,975,3,2026-09-30,499.0,Paid,0
2393,657,1,2026-09-30,49.0,Paid,0
2394,591,2,2026-09-30,149.0,Paid,0
2395,369,3,2026-09-30,0.0,Failed,1
2396,696,3,2026-09-30,499.0,Paid,0
2397,1189,1,2026-09-30,49.0,Paid,0
2398,1244,1,2026-09-30,0.0,Failed,0
2399,285,4,2026-09-30,4990.0,Paid,0
2400,121,3,2026-09-30,499.0,Paid,0
2401,426,3,2026-09-30,499.0,Paid,0
2402,1304,1,2026-09-30,49.0,Paid,0
2403,895,1,2026-09-30,49.0,Paid,0
2404,1033,1,2026-09-30,49.0,Paid,0
2405,915,2,2026-09-30,149.0,Paid,0
2406,1444,3,2026-09-30,499.0,Paid,0
2407,270,2,2026-09-30,149.0,Paid,0
2408,453,2,2026-09-30,149.0,Paid,0
2409,1411,2,2026-09-30,149.0,Paid,0
2410,905,1,2026-09-30,49.0,Paid,0
2411,1162,2,2026-09-30,149.0,Paid,0
2412,646,2,2026-09-30,149.0,Paid,0
2413,590,3,2026-09-30,499.0,Paid,0
2414,184,2,2026-09-30,149.0,Paid,0
2415,364,1,2026-09-30,0.0,Failed,0
2416,1478,2,2026-09-30,149.0,Paid,0
2417,94,1,2026-09-30,49.0,Paid,0
2418,515,1,2026-09-30,49.0,Paid,0
2419,442,1,2026-09-30,49.0,Paid,0
2420,515,1,2026-09-30,49.0,Paid,0
2421,1154,3,2026-09-30,0.0,Failed,1
2422,518,1,2026-09-30,49.0,Paid,0
2423,1294,1,2026-09-30,49.0,Paid,0
2424,339,3,2026-09-30,0.0,Failed,1
2425,1025,1,2026-09-30,49.0,Paid,0
2426,946,2,2026-09-30,0.0,Failed,0
2427,655,2,2026-09-30,149.0,Paid,0
2428,116,2,2026-09-30,149.0,Paid,0
2429,386,2,2026-09-30,149.0,Paid,0
2430,447,1,2026-09-30,49.0,Paid,0
2431,1205,1,2026-09-30,49.0,Paid,0
2432,1364,2,2026-09-30,149.0,Paid,0
2433,701,2,2026-09-30,0.0,Failed,0
2434,975,3,2026-09-30,499.0,Paid,0
2435,581,2,2026-09-30,0.0,Failed,1
2436,340,2,2026-09-30,149.0,Paid,0
2437,948,2,2026-09-30,149.0,Paid,0
2438,593,1,2026-09-30,0.0,Failed,0
2439,452,1,2026-09-30,49.0,Paid,0
2440,776,1,2026-09-30,0.0,Failed,0
2441,1083,1,2026-09-30,49.0,Paid,0
2442,685,1,2026-09-30,0.0,Failed,0
2443,682,1,2026-09-30,49.0,Paid,0
2444,1014,1,2026-09-30,49.0,Paid,0
2445,1055,1,2026-09-30,0.0,Failed,1
2446,1382,1,2026-09-30,49.0,Paid,0
2447,1188,2,2026-09-30,0.0,Failed,1
2448,1312,3,2026-09-30,499.0,Paid,0
2449,1445,1,2026-09-30,49.0,Paid,0
2450,315,1,2026-09-30,0.0,Failed,0
2451,1057,1,2026-09-30,49.0,Paid,0
2452,181,1,2026-09-30,49.0,Paid,0
2453,377,4,2026-09-30,4990.0,Paid,0
2454,668,1,2026-09-30,49.0,Paid,0
2455,694,1,2026-09-30,49.0,Paid,0
2456,1476,1,2026-09-30,49.0,Paid,0
2457,471,2,2026-09-30,0.0,Failed,1
2458,144,1,2026-09-30,0.0,Failed,1
2459,118,1,2026-09-30,0.0,Failed,1
2460,159,1,2026-09-30,0.0,Failed,1
2461,1210,2,2026-09-30,149.0,Paid,0
2462,34,2,2026-09-30,149.0,Paid,0
2463,741,2,2026-09-30,149.0,Paid,0
2464,638,3,2026-09-30,499.0,Paid,0
2465,1242,1,2026-09-30,49.0,Paid,0
2466,68,1,2026-09-30,49.0,Paid,0
2467,1163,1,2026-09-30,49.0,Paid,0
2468,1141,1,2026-09-30,0.0,Failed,0
2469,1387,2,2026-09-30,149.0,Paid,0
2470,406,2,2026-09-30,0.0,Failed,1
2471,436,2,2026-09-30,149.0,Paid,0
2472,1022,2,2026-09-30,149.0,Paid,0
2473,104,4,2026-09-30,0.0,Failed,1
2474,637,1,2026-09-30,0.0,Failed,0
2475,773,2,2026-09-30,149.0,Paid,0
2476,884,3,2026-09-30,499.0,Paid,0
2477,1393,4,2026-09-30,4990.0,Paid,0
2478,431,2,2026-09-30,149.0,Paid,0
2479,1398,2,2026-09-30,149.0,Paid,0
2480,1085,1,2026-09-30,49.0,Paid,0
2481,685,3,2026-09-30,0.0,Failed,1
2482,977,3,2026-09-30,0.0,Failed,1
2483,300,1,2026-09-30,49.0,Paid,0
2484,671,2,2026-09-30,149.0,Paid,0
2485,1000,1,2026-09-30,49.0,Paid,0
2486,1471,3,2026-09-30,0.0,Failed,0
2487,1470,2,2026-09-30,149.0,Paid,0
2488,970,4,2026-09-30,4990.0,Paid,0
2489,958,1,2026-09-30,49.0,Paid,0
2490,519,2,2026-09-30,0.0,Failed,1
2491,216,1,2026-09-30,49.0,Paid,0
2492,611,2,2026-09-30,0.0,Failed,1
2493,99,4,2026-09-30,0.0,Failed,1
2494,1125,1,2026-09-30,0.0,Failed,0
2495,1262,4,2026-09-30,4990.0,Paid,0
2496,514,2,2026-09-30,149.0,Paid,0
2497,39,3,2026-09-30,499.0,Paid,0
2498,171,2,2026-09-30,0.0,Failed,0
2499,664,2,2026-09-30,149.0,Paid,0
2500,471,2,2026-09-30,149.0,Paid,0
2501,97,3,2026-09-30,499.0,Paid,0
2502,1425,2,2026-09-30,149.0,Paid,0
2503,1116,1,2026-09-30,49.0,Paid,0
2504,249,1,2026-09-30,49.0,Paid,0
2505,549,2,2026-09-30,149.0,Paid,0
2506,277,2,2026-09-30,149.0,Paid,0
2507,1012,4,2026-09-30,4990.0,Paid,0
2508,1294,4,2026-09-30,4990.0,Paid,0
2509,187,3,2026-09-30,499.0,Paid,0
2510,328,3,2026-09-30,499.0,Paid,0
2511,158,1,2026-09-30,49.0,Paid,0
2512,1027,3,2026-09-30,499.0,Paid,0
2513,64,1,2026-09-30,49.0,Paid,0
2514,493,2,2026-09-30,149.0,Paid,0
2515,312,1,2026-09-30,49.0,Paid,0
2516,497,3,2026-09-30,0.0,Failed,0
2517,1405,1,2026-09-30,49.0,Paid,0
2518,597,3,2026-09-30,499.0,Paid,0
2519,163,1,2026-09-30,49.0,Paid,0
2520,376,1,2026-09-30,0.0,Failed,1
2521,72,3,2026-09-30,499.0,Paid,0
2522,1275,1,2026-09-30,49.0,Paid,0
2523,502,1,2026-09-30,0.0,Failed,1
2524,656,1,2026-09-30,49.0,Paid,0
2525,16,2,2026-09-30,149.0,Paid,0
2526,1344,2,2026-09-30,149.0,Paid,0
2527,949,1,2026-09-30,49.0,Paid,0
2528,436,3,2026-09-30,499.0,Paid,0
2529,603,3,2026-09-30,499.0,Paid,0
2530,527,4,2026-09-30,0.0,Failed,1
2531,149,1,2026-09-30,0.0,Failed,1
2532,1268,1,2026-09-30,0.0,Failed,0
2533,120,3,2026-09-30,0.0,Failed,1
2534,989,1,2026-09-30,49.0,Paid,0
2535,68,3,2026-09-30,499.0,Paid,0
2536,96,2,2026-09-30,149.0,Paid,0
2537,1117,3,2026-09-30,499.0,Paid,0
2538,580,2,2026-09-30,149.0,Paid,0
2539,367,3,2026-09-30,499.0,Paid,0
2540,232,1,2026-09-30,49.0,Paid,0
2541,52,1,2026-09-30,49.0,Paid,0
2542,365,1,2026-09-30,49.0,Paid,0
2543,1119,1,2026-09-30,49.0,Paid,0
2544,383,2,2026-09-30,0.0,Failed,1
2545,303,2,2026-09-30,149.0,Paid,0
2546,336,1,2026-09-30,49.0,Paid,0
2547,203,2,2026-09-30,149.0,Paid,0
2548,1486,1,2026-09-30,49.0,Paid,0
2549,343,3,2026-09-30,0.0,Failed,0
2550,208,2,2026-09-30,149.0,Paid,0
2551,822,2,2026-09-30,149.0,Paid,0
2552,232,3,2026-09-30,0.0,Failed,0
2553,1100,2,2026-09-30,149.0,Paid,0
2554,1225,1,2026-09-30,49.0,Paid,0
2555,197,1,2026-09-30,0.0,Failed,0
2556,347,2,2026-09-30,149.0,Paid,0
2557,33,1,2026-09-30,49.0,Paid,0
2558,1260,2,2026-09-30,149.0,Paid,0
2559,990,2,2026-09-30,149.0,Paid,0
2560,428,2,2026-09-30,149.0,Paid,0
2561,580,3,2026-09-30,499.0,Paid,0
2562,740,3,2026-09-30,499.0,Paid,0
2563,1246,2,2026-09-30,149.0,Paid,0
2564,125,2,2026-09-30,149.0,Paid,0
2565,917,1,2026-09-30,49.0,Paid,0
2566,6,2,2026-09-30,149.0,Paid,0
2567,336,2,2026-09-30,0.0,Failed,0
2568,915,1,2026-09-30,0.0,Failed,1
2569,894,2,2026-09-30,0.0,Failed,1
2570,15,2,2026-09-30,149.0,Paid,0
2571,49,2,2026-09-30,0.0,Failed,1
2572,603,3,2026-09-30,499.0,Paid,0
2573,1045,1,2026-09-30,49.0,Paid,0
2574,1471,3,2026-09-30,499.0,Paid,0
2575,1019,3,2026-09-30,0.0,Failed,1
2576,1314,2,2026-09-30,0.0,Failed,1
2577,1485,1,2026-09-30,49.0,Paid,0
2578,1157,1,2026-09-30,49.0,Paid,0
2579,268,1,2026-09-30,49.0,Paid,0
2580,185,3,2026-09-30,499.0,Paid,0
2581,396,1,2026-09-30,0.0,Failed,0
2582,786,2,2026-09-30,149.0,Paid,0
2583,1266,2,2026-09-30,149.0,Paid,0
2584,61,1,2026-09-30,49.0,Paid,0
2585,822,1,2026-09-30,49.0,Paid,0
2586,1382,2,2026-09-30,149.0,Paid,0
2587,973,3,2026-09-30,499.0,Paid,0
2588,944,1,2026-09-30,0.0,Failed,1
2589,721,3,2026-09-30,0.0,Failed,1
2590,1045,2,2026-09-30,149.0,Paid,0
2591,1292,2,2026-09-30,149.0,Paid,0
2592,522,3,2026-09-30,0.0,Failed,0
2593,1238,1,2026-09-30,49.0,Paid,0
2594,1113,2,2026-09-30,149.0,Paid,0
2595,1111,4,2026-09-30,4990.0,Paid,0
2596,1183,1,2026-09-30,49.0,Paid,0
2597,205,4,2026-09-30,4990.0,Paid,0
2598,687,2,2026-09-30,0.0,Failed,0
2599,824,2,2026-09-30,0.0,Failed,0
2600,1197,3,2026-09-30,499.0,Paid,0
2601,549,2,2026-09-30,149.0,Paid,0
2602,198,2,2026-09-30,149.0,Paid,0
2603,194,2,2026-09-30,149.0,Paid,0
2604,679,1,2026-09-30,0.0,Failed,0
2605,956,3,2026-09-30,499.0,Paid,0
2606,265,3,2026-09-30,499.0,Paid,0
2607,1137,1,2026-09-30,49.0,Paid,0
2608,472,1,2026-09-30,49.0,Paid,0
2609,902,2,2026-09-30,149.0,Paid,0
2610,661,3,2026-09-30,499.0,Paid,0
2611,122,2,2026-09-30,149.0,Paid,0
2612,1303,2,2026-09-30,149.0,Paid,0
2613,1090,1,2026-09-30,0.0,Failed,0
2614,739,2,2026-09-30,0.0,Failed,1
2615,940,4,2026-09-30,4990.0,Paid,0
2616,441,2,2026-09-30,149.0,Paid,0
2617,1435,2,2026-09-30,149.0,Paid,0
2618,335,2,2026-09-30,149.0,Paid,0
2619,62,3,2026-09-30,499.0,Paid,0
2620,1179,2,2026-09-30,0.0,Failed,1
2621,1242,3,2026-09-30,499.0,Paid,0
2622,787,1,2026-09-30,49.0,Paid,0
2623,546,1,2026-09-30,0.0,Failed,1
2624,1142,1,2026-09-30,0.0,Failed,0
2625,711,1,2026-09-30,49.0,Paid,0
2626,1235,1,2026-09-30,0.0,Failed,0
2627,830,1,2026-09-30,49.0,Paid,0
2628,970,1,2026-09-30,49.0,Paid,0
2629,481,3,2026-09-30,499.0,Paid,0
2630,800,2,2026-09-30,149.0,Paid,0
2631,214,2,2026-09-30,149.0,Paid,0
2632,504,1,2026-09-30,49.0,Paid,0
2633,239,1,2026-09-30,49.0,Paid,0
2634,189,1,2026-09-30,49.0,Paid,0
2635,524,3,2026-09-30,499.0,Paid,0
2636,363,4,2026-09-30,0.0,Failed,1
2637,351,3,2026-09-30,0.0,Failed,1
2638,445,1,2026-09-30,0.0,Failed,1
2639,566,1,2026-09-30,49.0,Paid,0
2640,1468,1,2026-09-30,49.0,Paid,0
2641,417,1,2026-09-30,49.0,Paid,0
2642,302,1,2026-09-30,49.0,Paid,0
2643,957,1,2026-09-30,49.0,Paid,0
2644,601,4,2026-09-30,4990.0,Paid,0
2645,980,2,2026-09-30,149.0,Paid,0
2646,166,2,2026-09-30,149.0,Paid,0
2647,368,3,2026-09-30,499.0,Paid,0
2648,776,1,2026-09-30,49.0,Paid,0
2649,752,1,2026-09-30,49.0,Paid,0
2650,252,4,2026-09-30,0.0,Failed,1
2651,1006,2,2026-09-30,149.0,Paid,0
2652,516,2,2026-09-30,149.0,Paid,0
2653,365,2,2026-09-30,0.0,Failed,1
2654,904,2,2026-09-30,149.0,Paid,0
2655,440,2,2026-09-30,0.0,Failed,1
2656,1322,2,2026-09-30,149.0,Paid,0
2657,738,1,2026-09-30,49.0,Paid,0
2658,126,2,2026-09-30,149.0,Paid,0
2659,535,1,2026-09-30,49.0,Paid,0
2660,1084,1,2026-09-30,49.0,Paid,0
2661,984,3,2026-09-30,499.0,Paid,0
2662,1408,3,2026-09-30,499.0,Paid,0
2663,696,4,2026-09-30,4990.0,Paid,0
2664,533,1,2026-09-30,49.0,Paid,0
2665,157,1,2026-09-30,49.0,Paid,0
2666,288,1,2026-09-30,49.0,Paid,0
2667,489,2,2026-09-30,0.0,Failed,0
2668,632,1,2026-09-30,49.0,Paid,0
2669,1302,1,2026-09-30,49.0,Paid,0
2670,1295,2,2026-09-30,0.0,Failed,1
2671,1210,1,2026-09-30,49.0,Paid,0
2672,774,3,2026-09-30,0.0,Failed,1
2673,914,3,2026-09-30,499.0,Paid,0
2674,302,3,2026-09-30,499.0,Paid,0
2675,1063,3,2026-09-30,499.0,Paid,0
2676,791,1,2026-09-30,0.0,Failed,1
2677,546,2,2026-09-30,149.0,Paid,0
2678,1191,1,2026-09-30,49.0,Paid,0
2679,338,1,2026-09-30,49.0,Paid,0
2680,1490,4,2026-09-30,4990.0,Paid,0
2681,851,1,2026-09-30,49.0,Paid,0
2682,108,1,2026-09-30,0.0,Failed,1
2683,1272,2,2026-09-30,149.0,Paid,0
2684,1309,1,2026-09-30,49.0,Paid,0
2685,124,2,2026-09-30,149.0,Paid,0
2686,542,2,2026-09-30,149.0,Paid,0
2687,289,1,2026-09-30,0.0,Failed,0
2688,780,2,2026-09-30,0.0,Failed,1
2689,536,1,2026-09-30,49.0,Paid,0
2690,1326,1,2026-09-30,49.0,Paid,0
2691,570,3,2026-09-30,499.0,Paid,0
2692,528,1,2026-09-30,0.0,Failed,1
2693,1001,1,2026-09-30,0.0,Failed,1
2694,725,2,2026-09-30,149.0,Paid,0
2695,1063,2,2026-09-30,149.0,Paid,0
2696,1227,2,2026-09-30,149.0,Paid,0
2697,936,4,2026-09-30,0.0,Failed,0
2698,437,3,2026-09-30,0.0,Failed,0
2699,1247,2,2026-09-30,149.0,Paid,0
2700,59,1,2026-09-30,0.0,Failed,1
2701,961,2,2026-09-30,149.0,Paid,0
2702,799,2,2026-09-30,149.0,Paid,0
2703,961,1,2026-09-30,49.0,Paid,0
2704,83,1,2026-09-30,49.0,Paid,0
2705,1240,1,2026-09-30,49.0,Paid,0
2706,649,1,2026-09-30,49.0,Paid,0
2707,471,2,2026-09-30,149.0,Paid,0
2708,699,4,2026-09-30,0.0,Failed,0
2709,274,2,2026-09-30,0.0,Failed,0
2710,785,2,2026-09-30,149.0,Paid,0
2711,1265,2,2026-09-30,149.0,Paid,0
2712,630,2,2026-09-30,0.0,Failed,1
2713,996,1,2026-09-30,49.0,Paid,0
2714,352,1,2026-09-30,49.0,Paid,0
2715,1025,1,2026-09-30,0.0,Failed,1
2716,281,1,2026-09-30,49.0,Paid,0
2717,213,2,2026-09-30,149.0,Paid,0
2718,569,1,2026-09-30,49.0,Paid,0
2719,125,2,2026-09-30,149.0,Paid,0
2720,659,2,2026-09-30,149.0,Paid,0
2721,689,1,2026-09-30,49.0,Paid,0
2722,1313,1,2026-09-30,0.0,Failed,0
2723,1210,1,2026-09-30,0.0,Failed,0
2724,855,3,2026-09-30,499.0,Paid,0
2725,661,2,2026-09-30,149.0,Paid,0
2726,996,3,2026-09-30,499.0,Paid,0
2727,1148,3,2026-09-30,499.0,Paid,0
2728,1490,3,2026-09-30,499.0,Paid,0
2729,677,1,2026-09-30,49.0,Paid,0
2730,678,3,2026-09-30,499.0,Paid,0
2731,859,2,2026-09-30,149.0,Paid,0
2732,169,2,2026-09-30,149.0,Paid,0
2733,348,3,2026-09-30,0.0,Failed,1
2734,1300,3,2026-09-30,499.0,Paid,0
2735,1153,2,2026-09-30,0.0,Failed,1
2736,332,1,2026-09-30,0.0,Failed,1
2737,1390,3,2026-09-30,499.0,Paid,0
2738,292,1,2026-09-30,49.0,Paid,0
2739,1362,2,2026-09-30,149.0,Paid,0
2740,78,2,2026-09-30,149.0,Paid,0
2741,1148,1,2026-09-30,49.0,Paid,0
2742,702,2,2026-09-30,149.0,Paid,0
2743,264,1,2026-09-30,0.0,Failed,1
2744,656,2,2026-09-30,149.0,Paid,0
2745,454,3,2026-09-30,499.0,Paid,0
2746,142,2,2026-09-30,149.0,Paid,0
2747,1384,3,2026-09-30,0.0,Failed,1
2748,508,1,2026-09-30,49.0,Paid,0
2749,855,1,2026-09-30,49.0,Paid,0
2750,1481,2,2026-09-30,149.0,Paid,0
2751,45,1,2026-09-30,49.0,Paid,0
2752,289,1,2026-09-30,49.0,Paid,0
2753,419,1,2026-09-30,0.0,Failed,1
2754,1080,2,2026-09-30,0.0,Failed,1
2755,295,2,2026-09-30,0.0,Failed,0
2756,1236,3,2026-09-30,499.0,Paid,0
2757,1350,1,2026-09-30,49.0,Paid,0
2758,588,1,2026-09-30,49.0,Paid,0
2759,986,1,2026-09-30,0.0,Failed,1
2760,503,1,2026-09-30,49.0,Paid,0
2761,126,2,2026-09-30,149.0,Paid,0
2762,598,1,2026-09-30,49.0,Paid,0
2763,512,2,2026-09-30,0.0,Failed,1
2764,371,2,2026-09-30,149.0,Paid,0
2765,179,1,2026-09-30,49.0,Paid,0
2766,1498,1,2026-09-30,49.0,Paid,0
2767,65,2,2026-09-30,0.0,Failed,1
2768,1482,3,2026-09-30,0.0,Failed,0
2769,950,2,2026-09-30,0.0,Failed,1
2770,935,1,2026-09-30,49.0,Paid,0
2771,714,1,2026-09-30,49.0,Paid,0
2772,427,1,2026-09-30,49.0,Paid,0
2773,1257,1,2026-09-30,49.0,Paid,0
2774,414,1,2026-09-30,49.0,Paid,0
2775,221,3,2026-09-30,499.0,Paid,0
2776,782,2,2026-09-30,149.0,Paid,0
2777,761,1,2026-09-30,49.0,Paid,0
2778,1101,2,2026-09-30,149.0,Paid,0
2779,394,2,2026-09-30,149.0,Paid,0
2780,1337,3,2026-09-30,499.0,Paid,0
2781,422,1,2026-09-30,49.0,Paid,0
2782,638,4,2026-09-30,4990.0,Paid,0
2783,689,2,2026-09-30,149.0,Paid,0
2784,952,1,2026-09-30,0.0,Failed,1
2785,886,1,2026-09-30,0.0,Failed,1
2786,902,1,2026-09-30,49.0,Paid,0
2787,656,2,2026-09-30,149.0,Paid,0
2788,609,1,2026-09-30,0.0,Failed,1
2789,220,3,2026-09-30,0.0,Failed,0
2790,1152,4,2026-09-30,4990.0,Paid,0
2791,1354,1,2026-09-30,0.0,Failed,1
2792,357,2,2026-09-30,149.0,Paid,0
2793,895,2,2026-09-30,0.0,Failed,0
2794,707,1,2026-09-30,49.0,Paid,0
2795,323,1,2026-09-30,49.0,Paid,0
2796,1039,2,2026-09-30,0.0,Failed,1
2797,229,1,2026-09-30,49.0,Paid,0
2798,1100,1,2026-09-30,49.0,Paid,0
2799,1212,2,2026-09-30,149.0,Paid,0
2800,1236,1,2026-09-30,49.0,Paid,0
2801,787,2,2026-09-30,149.0,Paid,0
2802,1280,2,2026-09-30,149.0,Paid,0
2803,643,3,2026-09-30,0.0,Failed,0
2804,601,4,2026-09-30,0.0,Failed,1
2805,659,1,2026-09-30,49.0,Paid,0
2806,62,1,2026-09-30,49.0,Paid,0
2807,348,1,2026-09-30,49.0,Paid,0
2808,1078,1,2026-09-30,49.0,Paid,0
2809,677,1,2026-09-30,49.0,Paid,0
2810,142,2,2026-09-30,0.0,Failed,0
2811,1227,2,2026-09-30,149.0,Paid,0
2812,256,3,2026-09-30,499.0,Paid,0
2813,770,2,2026-09-30,149.0,Paid,0
2814,1262,2,2026-09-30,149.0,Paid,0
2815,868,2,2026-09-30,149.0,Paid,0
2816,92,2,2026-09-30,149.0,Paid,0
2817,118,3,2026-09-30,499.0,Paid,0
2818,1365,1,2026-09-30,0.0,Failed,0
2819,67,3,2026-09-30,0.0,Failed,1
2820,1436,3,2026-09-30,499.0,Paid,0
2821,1379,1,2026-09-30,0.0,Failed,1
2822,1360,1,2026-09-30,0.0,Failed,1
2823,262,3,2026-09-30,499.0,Paid,0
2824,790,3,2026-09-30,499.0,Paid,0
2825,986,1,2026-09-30,49.0,Paid,0
2826,1000,1,2026-09-30,49.0,Paid,0
2827,1470,2,2026-09-30,149.0,Paid,0
2828,258,3,2026-09-30,0.0,Failed,1
2829,1029,1,2026-09-30,49.0,Paid,0
2830,728,2,2026-09-30,0.0,Failed,0
2831,802,2,2026-09-30,149.0,Paid,0
2832,712,1,2026-09-30,0.0,Failed,1
2833,666,1,2026-09-30,0.0,Failed,0
2834,166,3,2026-09-30,0.0,Failed,1
2835,1193,3,2026-09-30,499.0,Paid,0
2836,1159,1,2026-09-30,49.0,Paid,0
2837,795,1,2026-09-30,49.0,Paid,0
2838,700,2,2026-09-30,149.0,Paid,0
2839,643,1,2026-09-30,0.0,Failed,1
2840,147,1,2026-09-30,49.0,Paid,0
2841,851,4,2026-09-30,4990.0,Paid,0
2842,270,1,2026-09-30,49.0,Paid,0
2843,153,2,2026-09-30,149.0,Paid,0
2844,809,2,2026-09-30,149.0,Paid,0
2845,1216,1,2026-09-30,49.0,Paid,0
2846,1314,2,2026-09-30,0.0,Failed,0
2847,639,2,2026-09-30,0.0,Failed,1
2848,1134,1,2026-09-30,0.0,Failed,1
2849,1040,2,2026-09-30,0.0,Failed,0
2850,175,2,2026-09-30,149.0,Paid,0
2851,120,1,2026-09-30,0.0,Failed,0
2852,533,2,2026-09-30,0.0,Failed,1
2853,376,1,2026-09-30,49.0,Paid,0
2854,1154,2,2026-09-30,0.0,Failed,1
2855,482,1,2026-09-30,49.0,Paid,0
2856,275,2,2026-09-30,0.0,Failed,1
2857,1472,3,2026-09-30,499.0,Paid,0
2858,1000,1,2026-09-30,49.0,Paid,0
2859,1241,1,2026-09-30,0.0,Failed,1
2860,1398,2,2026-09-30,149.0,Paid,0
2861,1367,1,2026-09-30,0.0,Failed,1
2862,308,1,2026-09-30,49.0,Paid,0
2863,847,1,2026-09-30,0.0,Failed,1
2864,1314,2,2026-09-30,0.0,Failed,1
2865,802,2,2026-09-30,149.0,Paid,0
2866,341,3,2026-09-30,499.0,Paid,0
2867,133,1,2026-09-30,49.0,Paid,0
2868,18,3,2026-09-30,499.0,Paid,0
2869,445,3,2026-09-30,499.0,Paid,0
2870,961,1,2026-09-30,49.0,Paid,0
2871,262,1,2026-09-30,49.0,Paid,0
2872,1453,2,2026-09-30,0.0,Failed,1
2873,666,1,2026-09-30,49.0,Paid,0
2874,700,3,2026-09-30,499.0,Paid,0
2875,238,2,2026-09-30,149.0,Paid,0
2876,27,4,2026-09-30,4990.0,Paid,0
2877,1407,3,2026-09-30,499.0,Paid,0
2878,1036,2,2026-09-30,0.0,Failed,0
2879,1355,1,2026-09-30,49.0,Paid,0
2880,410,3,2026-09-30,499.0,Paid,0
2881,1455,1,2026-09-30,49.0,Paid,0
2882,1030,3,2026-09-30,0.0,Failed,1
2883,1235,1,2026-09-30,49.0,Paid,0
2884,1306,1,2026-09-30,0.0,Failed,1
2885,804,2,2026-09-30,149.0,Paid,0
2886,984,1,2026-09-30,49.0,Paid,0
2887,1332,1,2026-09-30,0.0,Failed,0
2888,669,2,2026-09-30,149.0,Paid,0
2889,689,1,2026-09-30,49.0,Paid,0
2890,1401,2,2026-09-30,149.0,Paid,0
2891,1469,1,2026-09-30,49.0,Paid,0
2892,64,3,2026-09-30,0.0,Failed,1
2893,707,2,2026-09-30,149.0,Paid,0
2894,1365,2,2026-09-30,149.0,Paid,0
2895,319,2,2026-09-30,149.0,Paid,0
2896,259,3,2026-09-30,0.0,Failed,0
2897,676,2,2026-09-30,149.0,Paid,0
2898,1193,2,2026-09-30,149.0,Paid,0
2899,1499,1,2026-09-30,49.0,Paid,0
2900,825,2,2026-09-30,149.0,Paid,0
2901,935,3,2026-09-30,499.0,Paid,0
2902,1436,3,2026-09-30,0.0,Failed,1
2903,582,3,2026-09-30,499.0,Paid,0
2904,1110,2,2026-09-30,149.0,Paid,0
2905,328,3,2026-09-30,499.0,Paid,0
2906,1040,2,2026-09-30,149.0,Paid,0
2907,9,3,2026-09-30,499.0,Paid,0
2908,672,1,2026-09-30,0.0,Failed,1
2909,848,1,2026-09-30,49.0,Paid,0
2910,504,1,2026-09-30,49.0,Paid,0
2911,837,3,2026-09-30,0.0,Failed,1
2912,710,1,2026-09-30,49.0,Paid,0
2913,275,2,2026-09-30,0.0,Failed,1
2914,1163,2,2026-09-30,149.0,Paid,0
2915,1451,3,2026-09-30,499.0,Paid,0
2916,269,2,2026-09-30,149.0,Paid,0
2917,1189,3,2026-09-30,499.0,Paid,0
2918,1375,3,2026-09-30,499.0,Paid,0
2919,656,2,2026-09-30,0.0,Failed,0
2920,158,2,2026-09-30,149.0,Paid,0
2921,1111,2,2026-09-30,0.0,Failed,1
2922,697,1,2026-09-30,49.0,Paid,0
2923,1449,3,2026-09-30,499.0,Paid,0
2924,1429,1,2026-09-30,49.0,Paid,0
2925,1476,2,2026-09-30,0.0,Failed,1
2926,291,3,2026-09-30,499.0,Paid,0
2927,1211,3,2026-09-30,0.0,Failed,0
2928,240,2,2026-09-30,149.0,Paid,0
2929,179,1,2026-09-30,0.0,Failed,1
2930,785,1,2026-09-30,49.0,Paid,0
2931,1375,1,2026-09-30,49.0,Paid,0
2932,1445,2,2026-09-30,149.0,Paid,0
2933,898,1,2026-09-30,49.0,Paid,0
2934,60,3,2026-09-30,499.0,Paid,0
2935,1299,2,2026-09-30,149.0,Paid,0
2936,137,1,2026-09-30,0.0,Failed,1
2937,977,2,2026-09-30,149.0,Paid,0
2938,908,1,2026-09-30,49.0,Paid,0
2939,409,2,2026-09-30,149.0,Paid,0
2940,605,3,2026-09-30,499.0,Paid,0
2941,769,1,2026-09-30,0.0,Failed,1
2942,1312,1,2026-09-30,49.0,Paid,0
2943,712,2,2026-09-30,149.0,Paid,0
2944,1005,3,2026-09-30,499.0,Paid,0
2945,1207,2,2026-09-30,0.0,Failed,1
2946,534,1,2026-09-30,0.0,Failed,1
2947,500,1,2026-09-30,49.0,Paid,0
2948,1487,2,2026-09-30,149.0,Paid,0
2949,555,4,2026-09-30,0.0,Failed,0
2950,494,2,2026-09-30,149.0,Paid,0
2951,725,2,2026-09-30,0.0,Failed,1
2952,120,3,2026-09-30,499.0,Paid,0
2953,435,4,2026-09-30,4990.0,Paid,0
2954,1208,3,2026-09-30,0.0,Failed,0
2955,860,1,2026-09-30,49.0,Paid,0
2956,1015,3,2026-09-30,499.0,Paid,0
2957,1406,1,2026-09-30,49.0,Paid,0
2958,1057,1,2026-09-30,49.0,Paid,0
2959,186,3,2026-09-30,0.0,Failed,1
2960,647,2,2026-09-30,0.0,Failed,0
2961,27,1,2026-09-30,49.0,Paid,0
2962,1188,2,2026-09-30,149.0,Paid,0
2963,924,1,2026-09-30,49.0,Paid,0
2964,528,1,2026-09-30,49.0,Paid,0
2965,1292,1,2026-09-30,0.0,Failed,1
2966,824,3,2026-09-30,499.0,Paid,0
2967,1176,2,2026-09-30,149.0,Paid,0
2968,1136,2,2026-09-30,149.0,Paid,0
2969,432,1,2026-09-30,49.0,Paid,0
2970,1179,1,2026-09-30,49.0,Paid,0
2971,1073,1,2026-09-30,49.0,Paid,0
2972,412,4,2026-09-30,4990.0,Paid,0
2973,602,1,2026-09-30,49.0,Paid,0
2974,1341,3,2026-09-30,499.0,Paid,0
2975,735,2,2026-09-30,149.0,Paid,0
2976,178,4,2026-09-30,4990.0,Paid,0
2977,403,3,2026-09-30,499.0,Paid,0
2978,30,2,2026-09-30,149.0,Paid,0
2979,1356,2,2026-09-30,149.0,Paid,0
2980,372,1,2026-09-30,0.0,Failed,0
2981,1208,1,2026-09-30,49.0,Paid,0
2982,286,1,2026-09-30,0.0,Failed,0
2983,959,1,2026-09-30,0.0,Failed,1
2984,1296,1,2026-09-30,49.0,Paid,0
2985,1491,2,2026-09-30,149.0,Paid,0
2986,146,3,2026-09-30,499.0,Paid,0
2987,35,2,2026-09-30,0.0,Failed,1
2988,1094,2,2026-09-30,149.0,Paid,0
2989,1371,2,2026-09-30,149.0,Paid,0
2990,44,2,2026-09-30,149.0,Paid,0
2991,835,1,2026-09-30,49.0,Paid,0
2992,1298,2,2026-09-30,0.0,Failed,0
2993,370,1,2026-09-30,0.0,Failed,1
2994,342,3,2026-09-30,0.0,Failed,1
2995,633,2,2026-09-30,149.0,Paid,0
2996,241,1,2026-09-30,49.0,Paid,0
2997,160,3,2026-09-30,0.0,Failed,1
2998,897,3,2026-09-30,0.0,Failed,0
2999,1011,1,2026-09-30,49.0,Paid,0
3000,1443,3,2026-09-30,499.0,Paid,0
3001,69,3,2026-09-30,499.0,Paid,0
3002,320,2,2026-09-30,0.0,Failed,1
3003,897,1,2026-09-30,49.0,Paid,0
3004,1032,2,2026-09-30,149.0,Paid,0
3005,488,2,2026-09-30,149.0,Paid,0
3006,429,2,2026-09-30,0.0,Failed,1
3007,1086,2,2026-09-30,149.0,Paid,0
3008,546,3,2026-09-30,0.0,Failed,0
3009,359,1,2026-09-30,49.0,Paid,0
3010,954,1,2026-09-30,0.0,Failed,1
3011,849,2,2026-09-30,149.0,Paid,0
3012,1430,1,2026-09-30,49.0,Paid,0
3013,648,1,2026-09-30,49.0,Paid,0
3014,364,1,2026-09-30,49.0,Paid,0
3015,609,2,2026-09-30,149.0,Paid,0
3016,662,1,2026-09-30,0.0,Failed,0
3017,1237,2,2026-09-30,149.0,Paid,0
3018,1449,1,2026-09-30,49.0,Paid,0
3019,214,3,2026-09-30,499.0,Paid,0
3020,230,1,2026-09-30,0.0,Failed,1
3021,512,3,2026-09-30,499.0,Paid,0
3022,153,1,2026-09-30,0.0,Failed,1
3023,862,2,2026-09-30,149.0,Paid,0
3024,1330,1,2026-09-30,0.0,Failed,0
3025,1090,1,2026-09-30,49.0,Paid,0
3026,1033,2,2026-09-30,149.0,Paid,0
3027,1194,1,2026-09-30,0.0,Failed,1
3028,124,1,2026-09-30,0.0,Failed,1
3029,878,1,2026-09-30,49.0,Paid,0
3030,705,1,2026-09-30,49.0,Paid,0
3031,424,3,2026-09-30,499.0,Paid,0
3032,501,1,2026-09-30,49.0,Paid,0
3033,284,1,2026-09-30,49.0,Paid,0
3034,926,1,2026-09-30,49.0,Paid,0
3035,649,3,2026-09-30,499.0,Paid,0
3036,1480,2,2026-09-30,149.0,Paid,0
3037,825,1,2026-09-30,49.0,Paid,0
3038,1311,1,2026-09-30,49.0,Paid,0
3039,552,4,2026-09-30,4990.0,Paid,0
3040,951,1,2026-09-30,49.0,Paid,0
3041,1363,2,2026-09-30,0.0,Failed,0
3042,1465,3,2026-09-30,0.0,Failed,1
3043,948,4,2026-09-30,4990.0,Paid,0
3044,986,2,2026-09-30,149.0,Paid,0
3045,442,2,2026-09-30,149.0,Paid,0
3046,429,2,2026-09-30,149.0,Paid,0
3047,1335,4,2026-09-30,0.0,Failed,1
3048,910,3,2026-09-30,499.0,Paid,0
3049,847,2,2026-09-30,149.0,Paid,0
3050,252,3,2026-09-30,499.0,Paid,0
3051,367,2,2026-09-30,149.0,Paid,0
3052,185,3,2026-09-30,499.0,Paid,0
3053,1438,1,2026-09-30,49.0,Paid,0
3054,803,1,2026-09-30,49.0,Paid,0
3055,1404,2,2026-09-30,149.0,Paid,0
3056,1028,1,2026-09-30,49.0,Paid,0
3057,754,1,2026-09-30,49.0,Paid,0
3058,652,2,2026-09-30,149.0,Paid,0
3059,176,1,2026-09-30,49.0,Paid,0
3060,105,3,2026-09-30,499.0,Paid,0
3061,824,1,2026-09-30,49.0,Paid,0
3062,325,2,2026-09-30,0.0,Failed,1
3063,669,2,2026-09-30,149.0,Paid,0
3064,632,4,2026-09-30,0.0,Failed,1
3065,206,2,2026-09-30,0.0,Failed,0
3066,190,1,2026-09-30,49.0,Paid,0
3067,123,2,2026-09-30,149.0,Paid,0
3068,1106,2,2026-09-30,149.0,Paid,0
3069,791,1,2026-09-30,49.0,Paid,0
3070,611,2,2026-09-30,149.0,Paid,0
3071,1404,2,2026-09-30,149.0,Paid,0
3072,432,1,2026-09-30,49.0,Paid,0
3073,741,2,2026-09-30,149.0,Paid,0
3074,1067,2,2026-09-30,149.0,Paid,0
3075,810,2,2026-09-30,149.0,Paid,0
3076,805,1,2026-09-30,0.0,Failed,1
3077,34,3,2026-09-30,499.0,Paid,0
3078,794,1,2026-09-30,0.0,Failed,1
3079,808,4,2026-09-30,4990.0,Paid,0
3080,1053,3,2026-09-30,499.0,Paid,0
3081,425,2,2026-09-30,0.0,Failed,1
3082,101,2,2026-09-30,149.0,Paid,0
3083,1368,2,2026-09-30,149.0,Paid,0
3084,1294,1,2026-09-30,49.0,Paid,0
3085,521,3,2026-09-30,499.0,Paid,0
3086,1393,1,2026-09-30,49.0,Paid,0
3087,126,2,2026-09-30,149.0,Paid,0
3088,796,2,2026-09-30,0.0,Failed,1
3089,295,2,2026-09-30,149.0,Paid,0
3090,652,1,2026-09-30,49.0,Paid,0
3091,6,2,2026-09-30,149.0,Paid,0
3092,930,2,2026-09-30,0.0,Failed,1
3093,1178,1,2026-09-30,49.0,Paid,0
3094,1299,1,2026-09-30,49.0,Paid,0
3095,1080,2,2026-09-30,149.0,Paid,0
3096,784,2,2026-09-30,0.0,Failed,0
3097,1352,3,2026-09-30,499.0,Paid,0
3098,798,3,2026-09-30,499.0,Paid,0
3099,858,2,2026-09-30,149.0,Paid,0
3100,906,1,2026-09-30,49.0,Paid,0
3101,409,2,2026-09-30,149.0,Paid,0
3102,1473,1,2026-09-30,49.0,Paid,0
3103,640,1,2026-09-30,49.0,Paid,0
3104,853,1,2026-09-30,0.0,Failed,1
3105,590,1,2026-09-30,0.0,Failed,0
3106,453,3,2026-09-30,499.0,Paid,0
3107,156,2,2026-09-30,149.0,Paid,0
3108,364,3,2026-09-30,499.0,Paid,0
3109,314,3,2026-09-30,499.0,Paid,0
3110,710,1,2026-09-30,49.0,Paid,0
3111,29,2,2026-09-30,149.0,Paid,0
3112,1316,3,2026-09-30,0.0,Failed,0
3113,1263,2,2026-09-30,149.0,Paid,0
3114,346,1,2026-09-30,49.0,Paid,0
3115,709,2,2026-09-30,149.0,Paid,0
3116,872,2,2026-09-30,149.0,Paid,0
3117,518,2,2026-09-30,149.0,Paid,0
3118,456,2,2026-09-30,149.0,Paid,0
3119,1024,3,2026-09-30,499.0,Paid,0
3120,933,2,2026-09-30,149.0,Paid,0
3121,731,1,2026-09-30,49.0,Paid,0
3122,350,2,2026-09-30,149.0,Paid,0
3123,600,3,2026-09-30,499.0,Paid,0
3124,321,1,2026-09-30,49.0,Paid,0
3125,1040,4,2026-09-30,4990.0,Paid,0
3126,731,3,2026-09-30,499.0,Paid,0
3127,98,2,2026-09-30,149.0,Paid,0
3128,285,1,2026-09-30,0.0,Failed,0
3129,1122,1,2026-09-30,49.0,Paid,0
3130,855,2,2026-09-30,149.0,Paid,0
3131,685,4,2026-09-30,4990.0,Paid,0
3132,117,2,2026-09-30,149.0,Paid,0
3133,1460,1,2026-09-30,49.0,Paid,0
3134,475,3,2026-09-30,499.0,Paid,0
3135,489,1,2026-09-30,49.0,Paid,0
3136,749,1,2026-09-30,49.0,Paid,0
3137,997,1,2026-09-30,0.0,Failed,0
3138,491,2,2026-09-30,149.0,Paid,0
3139,606,1,2026-09-30,49.0,Paid,0
3140,987,2,2026-09-30,149.0,Paid,0
3141,527,1,2026-09-30,49.0,Paid,0
3142,317,3,2026-09-30,499.0,Paid,0
3143,1075,1,2026-09-30,49.0,Paid,0
3144,54,2,2026-09-30,149.0,Paid,0
3145,197,1,2026-09-30,0.0,Failed,0
3146,263,2,2026-09-30,149.0,Paid,0
3147,1056,1,2026-09-30,49.0,Paid,0
3148,682,4,2026-09-30,4990.0,Paid,0
3149,1375,2,2026-09-30,0.0,Failed,0
3150,686,2,2026-09-30,149.0,Paid,0
3151,242,2,2026-09-30,149.0,Paid,0
3152,956,2,2026-09-30,149.0,Paid,0
3153,122,2,2026-09-30,0.0,Failed,1
3154,527,2,2026-09-30,149.0,Paid,0
3155,1164,1,2026-09-30,49.0,Paid,0
3156,966,1,2026-09-30,49.0,Paid,0
3157,1463,1,2026-09-30,49.0,Paid,0
3158,1455,1,2026-09-30,0.0,Failed,1
3159,1033,2,2026-09-30,0.0,Failed,1
3160,997,3,2026-09-30,0.0,Failed,1
3161,570,2,2026-09-30,0.0,Failed,1
3162,11,2,2026-09-30,149.0,Paid,0
3163,807,1,2026-09-30,49.0,Paid,0
3164,599,3,2026-09-30,0.0,Failed,1
3165,304,1,2026-09-30,49.0,Paid,0
3166,1113,1,2026-09-30,0.0,Failed,1
3167,432,2,2026-09-30,149.0,Paid,0
3168,729,3,2026-09-30,499.0,Paid,0
3169,1093,2,2026-09-30,149.0,Paid,0
3170,10,1,2026-09-30,49.0,Paid,0
3171,748,1,2026-09-30,49.0,Paid,0
3172,281,1,2026-09-30,49.0,Paid,0
3173,990,4,2026-09-30,4990.0,Paid,0
3174,272,2,2026-09-30,0.0,Failed,1
3175,594,3,2026-09-30,499.0,Paid,0
3176,445,2,2026-09-30,149.0,Paid,0
3177,876,1,2026-09-30,0.0,Failed,1
3178,942,1,2026-09-30,49.0,Paid,0
3179,1327,2,2026-09-30,149.0,Paid,0
3180,693,1,2026-09-30,0.0,Failed,0
3181,321,2,2026-09-30,149.0,Paid,0
3182,1256,1,2026-09-30,49.0,Paid,0
3183,1279,3,2026-09-30,499.0,Paid,0
3184,493,2,2026-09-30,149.0,Paid,0
3185,1430,3,2026-09-30,0.0,Failed,1
3186,1339,2,2026-09-30,149.0,Paid,0
3187,386,1,2026-09-30,0.0,Failed,0
3188,595,2,2026-09-30,149.0,Paid,0
3189,191,1,2026-09-30,0.0,Failed,0
3190,624,2,2026-09-30,149.0,Paid,0
3191,558,2,2026-09-30,149.0,Paid,0
3192,1377,3,2026-09-30,0.0,Failed,0
3193,76,1,2026-09-30,49.0,Paid,0
3194,1180,4,2026-09-30,0.0,Failed,1
3195,1236,1,2026-09-30,0.0,Failed,0
3196,689,2,2026-09-30,0.0,Failed,1
3197,789,1,2026-09-30,49.0,Paid,0
3198,1359,1,2026-09-30,49.0,Paid,0
3199,44,1,2026-09-30,49.0,Paid,0
3200,823,2,2026-09-30,149.0,Paid,0
3201,105,2,2026-09-30,149.0,Paid,0
3202,601,3,2026-09-30,0.0,Failed,0
3203,643,2,2026-09-30,149.0,Paid,0
3204,440,1,2026-09-30,49.0,Paid,0
3205,214,3,2026-09-30,0.0,Failed,0
3206,140,2,2026-09-30,0.0,Failed,0
3207,1181,2,2026-09-30,0.0,Failed,1
3208,948,1,2026-09-30,0.0,Failed,1
3209,144,1,2026-09-30,49.0,Paid,0
3210,1102,3,2026-09-30,0.0,Failed,0
3211,1463,2,2026-09-30,149.0,Paid,0
3212,298,1,2026-09-30,0.0,Failed,0
3213,1125,3,2026-09-30,499.0,Paid,0
3214,1202,3,2026-09-30,499.0,Paid,0
3215,1005,3,2026-09-30,499.0,Paid,0
3216,1329,1,2026-09-30,49.0,Paid,0
3217,1280,3,2026-09-30,499.0,Paid,0
3218,1307,2,2026-09-30,149.0,Paid,0
3219,1473,2,2026-09-30,149.0,Paid,0
3220,754,1,2026-09-30,49.0,Paid,0
3221,127,2,2026-09-30,149.0,Paid,0
3222,440,2,2026-09-30,0.0,Failed,1
3223,1085,1,2026-09-30,0.0,Failed,0
3224,45,2,2026-09-30,149.0,Paid,0
3225,892,3,2026-09-30,499.0,Paid,0
3226,523,2,2026-09-30,149.0,Paid,0
3227,555,2,2026-09-30,149.0,Paid,0
3228,10,1,2026-09-30,49.0,Paid,0
3229,75,3,2026-09-30,499.0,Paid,0
3230,841,1,2026-09-30,49.0,Paid,0
3231,252,1,2026-09-30,0.0,Failed,1
3232,83,2,2026-09-30,0.0,Failed,1
3233,842,2,2026-09-30,149.0,Paid,0
3234,362,2,2026-09-30,149.0,Paid,0
3235,626,1,2026-09-30,49.0,Paid,0
3236,548,1,2026-09-30,0.0,Failed,1
3237,1228,1,2026-09-30,49.0,Paid,0
3238,236,3,2026-09-30,0.0,Failed,0
3239,842,2,2026-09-30,149.0,Paid,0
3240,565,2,2026-09-30,149.0,Paid,0
3241,1042,3,2026-09-30,0.0,Failed,0
3242,1439,4,2026-09-30,4990.0,Paid,0
3243,1366,2,2026-09-30,149.0,Paid,0
3244,123,3,2026-09-30,499.0,Paid,0
3245,385,4,2026-09-30,4990.0,Paid,0
3246,727,2,2026-09-30,149.0,Paid,0
3247,881,2,2026-09-30,0.0,Failed,1
3248,1144,1,2026-09-30,0.0,Failed,1
3249,1301,1,2026-09-30,49.0,Paid,0
3250,460,2,2026-09-30,149.0,Paid,0
3251,126,4,2026-09-30,4990.0,Paid,0
3252,718,1,2026-09-30,49.0,Paid,0
3253,96,1,2026-09-30,49.0,Paid,0
3254,204,2,2026-09-30,0.0,Failed,0
3255,953,1,2026-09-30,0.0,Failed,0
3256,2,2,2026-09-30,149.0,Paid,0
3257,918,2,2026-09-30,0.0,Failed,1
3258,881,1,2026-09-30,49.0,Paid,0
3259,19,2,2026-09-30,149.0,Paid,0
3260,366,4,2026-09-30,0.0,Failed,1
3261,1476,2,2026-09-30,149.0,Paid,0
3262,1409,1,2026-09-30,49.0,Paid,0
3263,998,3,2026-09-30,0.0,Failed,1
3264,278,3,2026-09-30,499.0,Paid,0
3265,898,1,2026-09-30,49.0,Paid,0
3266,639,1,2026-09-30,49.0,Paid,0
3267,812,2,2026-09-30,149.0,Paid,0
3268,1177,1,2026-09-30,49.0,Paid,0
3269,863,1,2026-09-30,0.0,Failed,1
3270,858,1,2026-09-30,49.0,Paid,0
3271,787,3,2026-09-30,499.0,Paid,0
3272,1339,1,2026-09-30,49.0,Paid,0
3273,893,2,2026-09-30,0.0,Failed,0
3274,221,1,2026-09-30,49.0,Paid,0
3275,68,2,2026-09-30,149.0,Paid,0
3276,805,3,2026-09-30,499.0,Paid,0
3277,528,1,2026-09-30,0.0,Failed,1
3278,277,1,2026-09-30,49.0,Paid,0
3279,1459,2,2026-09-30,0.0,Failed,1
3280,662,1,2026-09-30,49.0,Paid,0
3281,665,1,2026-09-30,49.0,Paid,0
3282,569,1,2026-09-30,49.0,Paid,0
3283,1417,3,2026-09-30,499.0,Paid,0
3284,454,1,2026-09-30,49.0,Paid,0
3285,1026,2,2026-09-30,149.0,Paid,0
3286,956,2,2026-09-30,149.0,Paid,0
3287,749,2,2026-09-30,149.0,Paid,0
3288,492,4,2026-09-30,4990.0,Paid,0
3289,682,2,2026-09-30,149.0,Paid,0
3290,238,1,2026-09-30,0.0,Failed,0
3291,1339,2,2026-09-30,149.0,Paid,0
3292,731,1,2026-09-30,49.0,Paid,0
3293,274,2,2026-09-30,149.0,Paid,0
3294,245,1,2026-09-30,49.0,Paid,0
3295,713,2,2026-09-30,0.0,Failed,1
3296,321,2,2026-09-30,149.0,Paid,0
3297,74,2,2026-09-30,0.0,Failed,0
3298,547,1,2026-09-30,49.0,Paid,0
3299,392,1,2026-09-30,0.0,Failed,0
3300,652,2,2026-09-30,149.0,Paid,0
3301,818,1,2026-09-30,0.0,Failed,1
3302,785,2,2026-09-30,149.0,Paid,0
3303,1363,1,2026-09-30,49.0,Paid,0
3304,179,2,2026-09-30,0.0,Failed,0
3305,744,1,2026-09-30,49.0,Paid,0
3306,973,3,2026-09-30,499.0,Paid,0
3307,1205,1,2026-09-30,49.0,Paid,0
3308,354,2,2026-09-30,149.0,Paid,0
3309,548,3,2026-09-30,499.0,Paid,0
3310,685,2,2026-09-30,149.0,Paid,0
3311,1371,1,2026-09-30,0.0,Failed,1
3312,327,1,2026-09-30,49.0,Paid,0
3313,854,3,2026-09-30,0.0,Failed,1
3314,772,1,2026-09-30,49.0,Paid,0
3315,1434,3,2026-09-30,0.0,Failed,0
3316,509,1,2026-09-30,49.0,Paid,0
3317,262,3,2026-09-30,499.0,Paid,0
3318,921,1,2026-09-30,49.0,Paid,0
3319,5,1,2026-09-30,49.0,Paid,0
3320,344,2,2026-09-30,0.0,Failed,1
3321,1144,2,2026-09-30,149.0,Paid,0
3322,1138,2,2026-09-30,149.0,Paid,0
3323,505,2,2026-09-30,149.0,Paid,0
3324,1135,2,2026-09-30,149.0,Paid,0
3325,279,3,2026-09-30,499.0,Paid,0
3326,999,3,2026-09-30,499.0,Paid,0
3327,17,2,2026-09-30,149.0,Paid,0
3328,663,2,2026-09-30,149.0,Paid,0
3329,676,3,2026-09-30,499.0,Paid,0
3330,1120,1,2026-09-30,49.0,Paid,0
3331,395,1,2026-09-30,49.0,Paid,0
3332,697,4,2026-09-30,4990.0,Paid,0
3333,1424,2,2026-09-30,149.0,Paid,0
3334,695,1,2026-09-30,49.0,Paid,0
3335,699,4,2026-09-30,0.0,Failed,0
3336,1212,2,2026-09-30,149.0,Paid,0
3337,217,3,2026-09-30,499.0,Paid,0
3338,200,2,2026-09-30,0.0,Failed,1
3339,857,1,2026-09-30,49.0,Paid,0
3340,1304,1,2026-09-30,49.0,Paid,0
3341,881,4,2026-09-30,0.0,Failed,0
3342,296,2,2026-09-30,149.0,Paid,0
3343,1446,2,2026-09-30,149.0,Paid,0
3344,1160,2,2026-09-30,149.0,Paid,0
3345,813,3,2026-09-30,499.0,Paid,0
3346,937,3,2026-09-30,499.0,Paid,0
3347,1274,2,2026-09-30,149.0,Paid,0
3348,1198,3,2026-09-30,499.0,Paid,0
3349,1227,1,2026-09-30,49.0,Paid,0
3350,797,1,2026-09-30,49.0,Paid,0
3351,1,1,2026-09-30,49.0,Paid,0
3352,1483,3,2026-09-30,0.0,Failed,1
3353,1407,1,2026-09-30,49.0,Paid,0
3354,860,1,2026-09-30,0.0,Failed,0
3355,1050,2,2026-09-30,149.0,Paid,0
3356,47,1,2026-09-30,49.0,Paid,0
3357,118,1,2026-09-30,0.0,Failed,1
3358,206,1,2026-09-30,49.0,Paid,0
3359,81,2,2026-09-30,149.0,Paid,0
3360,1483,2,2026-09-30,149.0,Paid,0
3361,390,3,2026-09-30,499.0,Paid,0
3362,261,3,2026-09-30,499.0,Paid,0
3363,967,4,2026-09-30,4990.0,Paid,0
3364,1490,4,2026-09-30,0.0,Failed,1
3365,193,3,2026-09-30,0.0,Failed,1
3366,446,2,2026-09-30,149.0,Paid,0
3367,744,2,2026-09-30,149.0,Paid,0
3368,1115,1,2026-09-30,49.0,Paid,0
3369,1409,1,2026-09-30,49.0,Paid,0
3370,1181,1,2026-09-30,49.0,Paid,0
3371,1062,1,2026-09-30,49.0,Paid,0
3372,1298,3,2026-09-30,499.0,Paid,0
3373,289,2,2026-09-30,0.0,Failed,1
3374,723,2,2026-09-30,149.0,Paid,0
3375,1208,1,2026-09-30,0.0,Failed,0
3376,764,1,2026-09-30,49.0,Paid,0
3377,365,1,2026-09-30,0.0,Failed,0
3378,939,2,2026-09-30,149.0,Paid,0
3379,285,1,2026-09-30,49.0,Paid,0
3380,170,3,2026-09-30,0.0,Failed,1
3381,521,1,2026-09-30,49.0,Paid,0
3382,1256,2,2026-09-30,149.0,Paid,0
3383,695,2,2026-09-30,0.0,Failed,0
3384,68,1,2026-09-30,49.0,Paid,0
3385,1053,1,2026-09-30,0.0,Failed,1
3386,1389,4,2026-09-30,0.0,Failed,1
3387,607,1,2026-09-30,49.0,Paid,0
3388,274,2,2026-09-30,149.0,Paid,0
3389,548,2,2026-09-30,149.0,Paid,0
3390,1366,1,2026-09-30,49.0,Paid,0
3391,1316,1,2026-09-30,49.0,Paid,0
3392,1273,1,2026-09-30,49.0,Paid,0
3393,382,3,2026-09-30,499.0,Paid,0
3394,1083,2,2026-09-30,0.0,Failed,0
3395,1174,2,2026-09-30,0.0,Failed,1
3396,997,4,2026-09-30,4990.0,Paid,0
3397,964,2,2026-09-30,149.0,Paid,0
3398,106,2,2026-09-30,149.0,Paid,0
3399,163,2,2026-09-30,149.0,Paid,0
3400,605,1,2026-09-30,49.0,Paid,0
3401,1044,1,2026-09-30,0.0,Failed,0
3402,356,1,2026-09-30,49.0,Paid,0
3403,1316,2,2026-09-30,0.0,Failed,0
3404,1272,3,2026-09-30,499.0,Paid,0
3405,386,3,2026-09-30,499.0,Paid,0
3406,292,1,2026-09-30,49.0,Paid,0
3407,1212,1,2026-09-30,49.0,Paid,0
3408,275,1,2026-09-30,49.0,Paid,0
3409,1009,2,2026-09-30,149.0,Paid,0
3410,934,2,2026-09-30,149.0,Paid,0
3411,914,2,2026-09-30,149.0,Paid,0
3412,338,4,2026-09-30,4990.0,Paid,0
3413,383,1,2026-09-30,49.0,Paid,0
3414,1078,1,2026-09-30,49.0,Paid,0
3415,466,2,2026-09-30,149.0,Paid,0
3416,1088,1,2026-09-30,0.0,Failed,0
3417,1095,2,2026-09-30,149.0,Paid,0
3418,362,3,2026-09-30,499.0,Paid,0
3419,1367,1,2026-09-30,49.0,Paid,0
3420,1410,2,2026-09-30,149.0,Paid,0
3421,755,2,2026-09-30,149.0,Paid,0
3422,916,3,2026-09-30,499.0,Paid,0
3423,786,2,2026-09-30,149.0,Paid,0
3424,1398,2,2026-09-30,149.0,Paid,0
3425,495,1,2026-09-30,49.0,Paid,0
3426,308,4,2026-09-30,4990.0,Paid,0
3427,636,2,2026-09-30,0.0,Failed,0
3428,1442,2,2026-09-30,149.0,Paid,0
3429,843,2,2026-09-30,0.0,Failed,0
3430,1076,2,2026-09-30,149.0,Paid,0
3431,1065,4,2026-09-30,0.0,Failed,1
3432,849,2,2026-09-30,149.0,Paid,0
3433,461,3,2026-09-30,499.0,Paid,0
3434,1267,2,2026-09-30,149.0,Paid,0
3435,1200,1,2026-09-30,49.0,Paid,0
3436,236,2,2026-09-30,149.0,Paid,0
3437,898,1,2026-09-30,49.0,Paid,0
3438,1291,1,2026-09-30,49.0,Paid,0
3439,944,1,2026-09-30,0.0,Failed,1
3440,282,2,2026-09-30,149.0,Paid,0
3441,1035,3,2026-09-30,0.0,Failed,0
3442,724,1,2026-09-30,0.0,Failed,0
3443,1168,1,2026-09-30,0.0,Failed,1
3444,1294,1,2026-09-30,49.0,Paid,0
3445,42,1,2026-09-30,49.0,Paid,0
3446,48,3,2026-09-30,499.0,Paid,0
3447,524,1,2026-09-30,0.0,Failed,0
3448,1221,1,2026-09-30,49.0,Paid,0
3449,655,1,2026-09-30,0.0,Failed,1
3450,697,1,2026-09-30,49.0,Paid,0
3451,1158,2,2026-09-30,0.0,Failed,1
3452,1429,3,2026-09-30,499.0,Paid,0
3453,1360,2,2026-09-30,149.0,Paid,0
3454,1461,1,2026-09-30,49.0,Paid,0
3455,1055,2,2026-09-30,149.0,Paid,0
3456,559,1,2026-09-30,49.0,Paid,0
3457,991,3,2026-09-30,499.0,Paid,0
3458,1476,2,2026-09-30,0.0,Failed,1
3459,1442,2,2026-09-30,149.0,Paid,0
3460,1058,1,2026-09-30,49.0,Paid,0
3461,708,1,2026-09-30,49.0,Paid,0
3462,1201,2,2026-09-30,149.0,Paid,0
3463,131,1,2026-09-30,49.0,Paid,0
3464,525,1,2026-09-30,49.0,Paid,0
3465,671,1,2026-09-30,0.0,Failed,1
3466,1384,2,2026-09-30,0.0,Failed,1
3467,436,1,2026-09-30,49.0,Paid,0
3468,795,3,2026-09-30,499.0,Paid,0
3469,1090,3,2026-09-30,499.0,Paid,0
3470,99,1,2026-09-30,49.0,Paid,0
3471,19,1,2026-09-30,0.0,Failed,1
3472,526,1,2026-09-30,0.0,Failed,1
3473,1405,2,2026-09-30,149.0,Paid,0
3474,846,1,2026-09-30,49.0,Paid,0
3475,986,3,2026-09-30,0.0,Failed,1
3476,1450,4,2026-09-30,0.0,Failed,0
3477,560,2,2026-09-30,149.0,Paid,0
3478,941,1,2026-09-30,49.0,Paid,0
3479,594,3,2026-09-30,499.0,Paid,0
3480,799,2,2026-09-30,149.0,Paid,0
3481,104,1,2026-09-30,49.0,Paid,0
3482,404,1,2026-09-30,49.0,Paid,0
3483,1465,1,2026-09-30,49.0,Paid,0
3484,668,2,2026-09-30,0.0,Failed,1
3485,656,2,2026-09-30,0.0,Failed,0
3486,192,2,2026-09-30,0.0,Failed,1
3487,1411,1,2026-09-30,49.0,Paid,0
3488,945,3,2026-09-30,499.0,Paid,0
3489,1487,2,2026-09-30,149.0,Paid,0
3490,376,2,2026-09-30,149.0,Paid,0
3491,534,2,2026-09-30,149.0,Paid,0
3492,1345,2,2026-09-30,149.0,Paid,0
3493,220,3,2026-09-30,0.0,Failed,1
3494,904,1,2026-09-30,49.0,Paid,0
3495,524,1,2026-09-30,49.0,Paid,0
3496,1195,1,2026-09-30,49.0,Paid,0
3497,806,3,2026-09-30,0.0,Failed,1
3498,34,1,2026-09-30,0.0,Failed,1
3499,298,2,2026-09-30,149.0,Paid,0
3500,111,1,2026-09-30,49.0,Paid,0
3501,797,1,2026-09-30,0.0,Failed,1
3502,1459,3,2026-09-30,499.0,Paid,0
3503,616,3,2026-09-30,499.0,Paid,0
3504,186,1,2026-09-30,49.0,Paid,0
3505,401,3,2026-09-30,0.0,Failed,0
3506,1374,2,2026-09-30,0.0,Failed,1
3507,328,2,2026-09-30,149.0,Paid,0
3508,1220,1,2026-09-30,0.0,Failed,1
3509,961,2,2026-09-30,149.0,Paid,0
3510,739,1,2026-09-30,49.0,Paid,0
3511,972,1,2026-09-30,49.0,Paid,0
3512,1421,2,2026-09-30,0.0,Failed,0
3513,1232,3,2026-09-30,499.0,Paid,0
3514,599,2,2026-09-30,149.0,Paid,0
3515,980,1,2026-09-30,49.0,Paid,0
3516,1176,1,2026-09-30,49.0,Paid,0
3517,435,4,2026-09-30,0.0,Failed,1
3518,400,2,2026-09-30,149.0,Paid,0
3519,862,1,2026-09-30,49.0,Paid,0
3520,512,2,2026-09-30,149.0,Paid,0
3521,156,1,2026-09-30,0.0,Failed,1
3522,278,2,2026-09-30,149.0,Paid,0
3523,1078,1,2026-09-30,49.0,Paid,0
3524,130,2,2026-09-30,149.0,Paid,0
3525,848,3,2026-09-30,0.0,Failed,1
3526,747,1,2026-09-30,49.0,Paid,0
3527,318,1,2026-09-30,49.0,Paid,0
3528,741,3,2026-09-30,499.0,Paid,0
3529,1140,2,2026-09-30,149.0,Paid,0
3530,896,1,2026-09-30,49.0,Paid,0
3531,303,2,2026-09-30,149.0,Paid,0
3532,1246,3,2026-09-30,499.0,Paid,0
3533,731,4,2026-09-30,0.0,Failed,1
3534,1020,1,2026-09-30,49.0,Paid,0
3535,719,3,2026-09-30,0.0,Failed,1
3536,321,2,2026-09-30,149.0,Paid,0
3537,1022,1,2026-09-30,49.0,Paid,0
3538,1385,1,2026-09-30,49.0,Paid,0
3539,932,2,2026-09-30,149.0,Paid,0
3540,211,3,2026-09-30,499.0,Paid,0
3541,1128,3,2026-09-30,499.0,Paid,0
3542,1078,2,2026-09-30,0.0,Failed,1
3543,636,3,2026-09-30,499.0,Paid,0
3544,53,2,2026-09-30,149.0,Paid,0
3545,1112,1,2026-09-30,49.0,Paid,0
3546,656,2,2026-09-30,149.0,Paid,0
3547,4,2,2026-09-30,0.0,Failed,1
3548,1008,3,2026-09-30,499.0,Paid,0
3549,520,2,2026-09-30,149.0,Paid,0
3550,1205,1,2026-09-30,0.0,Failed,1
3551,787,3,2026-09-30,499.0,Paid,0
3552,796,3,2026-09-30,499.0,Paid,0
3553,450,1,2026-09-30,0.0,Failed,1
3554,1176,2,2026-09-30,149.0,Paid,0
3555,407,4,2026-09-30,4990.0,Paid,0
3556,320,3,2026-09-30,0.0,Failed,0
3557,349,2,2026-09-30,149.0,Paid,0
3558,707,1,2026-09-30,49.0,Paid,0
3559,994,1,2026-09-30,0.0,Failed,1
3560,642,1,2026-09-30,49.0,Paid,0
3561,237,2,2026-09-30,149.0,Paid,0
3562,655,3,2026-09-30,499.0,Paid,0
3563,518,2,2026-09-30,0.0,Failed,1
3564,980,3,2026-09-30,0.0,Failed,1
3565,156,1,2026-09-30,0.0,Failed,1
3566,840,1,2026-09-30,49.0,Paid,0
3567,1190,1,2026-09-30,49.0,Paid,0
3568,900,3,2026-09-30,0.0,Failed,0
3569,475,1,2026-09-30,49.0,Paid,0
3570,420,2,2026-09-30,149.0,Paid,0
3571,1074,2,2026-09-30,149.0,Paid,0
3572,1037,2,2026-09-30,149.0,Paid,0
3573,1341,3,2026-09-30,0.0,Failed,1
3574,232,3,2026-09-30,499.0,Paid,0
3575,538,1,2026-09-30,0.0,Failed,1
3576,892,1,2026-09-30,49.0,Paid,0
3577,371,1,2026-09-30,49.0,Paid,0
3578,978,2,2026-09-30,149.0,Paid,0
3579,486,2,2026-09-30,149.0,Paid,0
3580,163,1,2026-09-30,49.0,Paid,0
3581,1056,2,2026-09-30,149.0,Paid,0
3582,786,3,2026-09-30,499.0,Paid,0
3583,1272,1,2026-09-30,0.0,Failed,1
3584,1010,2,2026-09-30,149.0,Paid,0
3585,260,2,2026-09-30,149.0,Paid,0
3586,1310,3,2026-09-30,499.0,Paid,0
3587,663,2,2026-09-30,149.0,Paid,0
3588,588,1,2026-09-30,49.0,Paid,0
3589,898,1,2026-09-30,49.0,Paid,0
3590,1128,1,2026-09-30,49.0,Paid,0
3591,661,2,2026-09-30,149.0,Paid,0
3592,1171,1,2026-09-30,49.0,Paid,0
3593,379,1,2026-09-30,49.0,Paid,0
3594,1347,2,2026-09-30,0.0,Failed,1
3595,276,1,2026-09-30,49.0,Paid,0
3596,506,3,2026-09-30,499.0,Paid,0
3597,833,1,2026-09-30,49.0,Paid,0
3598,762,3,2026-09-30,499.0,Paid,0
3599,1462,1,2026-09-30,0.0,Failed,1
3600,1199,2,2026-09-30,149.0,Paid,0
3601,1169,1,2026-09-30,49.0,Paid,0
3602,1032,1,2026-09-30,49.0,Paid,0
3603,1218,2,2026-09-30,149.0,Paid,0
3604,1076,2,2026-09-30,0.0,Failed,0
3605,667,2,2026-09-30,149.0,Paid,0
3606,1437,3,2026-09-30,499.0,Paid,0
3607,953,3,2026-09-30,0.0,Failed,1
3608,1205,3,2026-09-30,0.0,Failed,1
3609,1314,3,2026-09-30,499.0,Paid,0
3610,896,3,2026-09-30,0.0,Failed,1
3611,1024,2,2026-09-30,0.0,Failed,1
3612,668,3,2026-09-30,499.0,Paid,0
3613,114,2,2026-09-30,149.0,Paid,0
3614,569,4,2026-09-30,4990.0,Paid,0
3615,909,2,2026-09-30,0.0,Failed,1
3616,1249,3,2026-09-30,499.0,Paid,0
3617,1406,1,2026-09-30,0.0,Failed,0
3618,1456,1,2026-09-30,49.0,Paid,0
3619,829,1,2026-09-30,0.0,Failed,1
3620,708,1,2026-09-30,49.0,Paid,0
3621,33,1,2026-09-30,49.0,Paid,0
3622,1374,1,2026-09-30,49.0,Paid,0
3623,872,2,2026-09-30,149.0,Paid,0
3624,940,2,2026-09-30,149.0,Paid,0
3625,1197,2,2026-09-30,0.0,Failed,1
3626,1306,1,2026-09-30,49.0,Paid,0
3627,1468,3,2026-09-30,0.0,Failed,0
3628,1037,2,2026-09-30,149.0,Paid,0
3629,15,2,2026-09-30,149.0,Paid,0
3630,411,2,2026-09-30,149.0,Paid,0
3631,747,1,2026-09-30,0.0,Failed,1
3632,1284,2,2026-09-30,0.0,Failed,1
3633,1269,3,2026-09-30,499.0,Paid,0
3634,929,2,2026-09-30,149.0,Paid,0
3635,716,1,2026-09-30,49.0,Paid,0
3636,94,2,2026-09-30,0.0,Failed,1
3637,133,3,2026-09-30,499.0,Paid,0
3638,651,1,2026-09-30,49.0,Paid,0
3639,1133,2,2026-09-30,149.0,Paid,0
3640,376,2,2026-09-30,149.0,Paid,0
3641,460,2,2026-09-30,149.0,Paid,0
3642,229,1,2026-09-30,49.0,Paid,0
3643,636,1,2026-09-30,0.0,Failed,1
3644,495,1,2026-09-30,0.0,Failed,0
3645,1160,1,2026-09-30,49.0,Paid,0
3646,1087,1,2026-09-30,0.0,Failed,1
3647,1400,3,2026-09-30,499.0,Paid,0
3648,871,3,2026-09-30,499.0,Paid,0
3649,868,2,2026-09-30,149.0,Paid,0
3650,1098,1,2026-09-30,49.0,Paid,0
3651,1366,2,2026-09-30,0.0,Failed,1
3652,761,4,2026-09-30,4990.0,Paid,0
3653,1156,1,2026-09-30,49.0,Paid,0
3654,670,1,2026-09-30,49.0,Paid,0
3655,653,3,2026-09-30,0.0,Failed,1
3656,1350,1,2026-09-30,49.0,Paid,0
3657,602,1,2026-09-30,49.0,Paid,0
3658,1410,3,2026-09-30,499.0,Paid,0
3659,53,2,2026-09-30,149.0,Paid,0
3660,667,2,2026-09-30,149.0,Paid,0
3661,433,1,2026-09-30,49.0,Paid,0
3662,737,3,2026-09-30,499.0,Paid,0
3663,96,2,2026-09-30,149.0,Paid,0
3664,591,3,2026-09-30,499.0,Paid,0
3665,587,1,2026-09-30,49.0,Paid,0
3666,957,2,2026-09-30,149.0,Paid,0
3667,1188,1,2026-09-30,0.0,Failed,1
3668,1072,2,2026-09-30,0.0,Failed,0
3669,235,1,2026-09-30,49.0,Paid,0
3670,1290,1,2026-09-30,0.0,Failed,1
3671,1327,1,2026-09-30,49.0,Paid,0
3672,903,2,2026-09-30,149.0,Paid,0
3673,93,1,2026-09-30,49.0,Paid,0
3674,688,2,2026-09-30,149.0,Paid,0
3675,1313,2,2026-09-30,149.0,Paid,0
3676,267,2,2026-09-30,149.0,Paid,0
3677,832,3,2026-09-30,499.0,Paid,0
3678,1333,1,2026-09-30,49.0,Paid,0
3679,1278,1,2026-09-30,0.0,Failed,0
3680,1426,3,2026-09-30,499.0,Paid,0
3681,1389,1,2026-09-30,0.0,Failed,1
3682,446,2,2026-09-30,0.0,Failed,1
3683,338,1,2026-09-30,49.0,Paid,0
3684,1045,3,2026-09-30,499.0,Paid,0
3685,993,1,2026-09-30,49.0,Paid,0
3686,483,1,2026-09-30,49.0,Paid,0
3687,1317,2,2026-09-30,149.0,Paid,0
3688,558,2,2026-09-30,0.0,Failed,1
3689,508,2,2026-09-30,149.0,Paid,0
3690,84,2,2026-09-30,149.0,Paid,0
3691,732,1,2026-09-30,49.0,Paid,0
3692,560,2,2026-09-30,0.0,Failed,1
3693,340,3,2026-09-30,499.0,Paid,0
3694,618,1,2026-09-30,0.0,Failed,1
3695,897,1,2026-09-30,0.0,Failed,1
3696,1020,3,2026-09-30,499.0,Paid,0
3697,816,4,2026-09-30,4990.0,Paid,0
3698,457,3,2026-09-30,499.0,Paid,0
3699,1284,2,2026-09-30,0.0,Failed,0
3700,1392,1,2026-09-30,49.0,Paid,0
3701,748,1,2026-09-30,0.0,Failed,1
3702,535,3,2026-09-30,0.0,Failed,0
3703,758,2,2026-09-30,149.0,Paid,0
3704,318,3,2026-09-30,499.0,Paid,0
3705,864,1,2026-09-30,0.0,Failed,1
3706,1026,2,2026-09-30,149.0,Paid,0
3707,332,3,2026-09-30,499.0,Paid,0
3708,1021,3,2026-09-30,499.0,Paid,0
3709,1001,1,2026-09-30,49.0,Paid,0
3710,1138,1,2026-09-30,0.0,Failed,1
3711,475,2,2026-09-30,149.0,Paid,0
3712,690,3,2026-09-30,499.0,Paid,0
3713,869,1,2026-09-30,49.0,Paid,0
3714,354,1,2026-09-30,49.0,Paid,0
3715,543,3,2026-09-30,499.0,Paid,0
3716,918,1,2026-09-30,0.0,Failed,1
3717,543,1,2026-09-30,49.0,Paid,0
3718,758,1,2026-09-30,49.0,Paid,0
3719,582,4,2026-09-30,4990.0,Paid,0
3720,1228,3,2026-09-30,0.0,Failed,0
3721,586,2,2026-09-30,149.0,Paid,0
3722,527,1,2026-09-30,49.0,Paid,0
3723,449,3,2026-09-30,0.0,Failed,1
3724,521,2,2026-09-30,0.0,Failed,0
3725,277,1,2026-09-30,49.0,Paid,0
3726,1122,3,2026-09-30,0.0,Failed,1
3727,804,3,2026-09-30,499.0,Paid,0
3728,640,3,2026-09-30,0.0,Failed,0
3729,5,2,2026-09-30,0.0,Failed,1
3730,1385,1,2026-09-30,0.0,Failed,1
3731,554,1,2026-09-30,49.0,Paid,0
3732,892,2,2026-09-30,149.0,Paid,0
3733,722,1,2026-09-30,49.0,Paid,0
3734,667,1,2026-09-30,0.0,Failed,1
3735,405,1,2026-09-30,0.0,Failed,0
3736,181,1,2026-09-30,49.0,Paid,0
3737,252,3,2026-09-30,499.0,Paid,0
3738,706,1,2026-09-30,49.0,Paid,0
3739,1179,2,2026-09-30,149.0,Paid,0
3740,272,3,2026-09-30,499.0,Paid,0
3741,290,3,2026-09-30,499.0,Paid,0
3742,14,1,2026-09-30,49.0,Paid,0
3743,1046,3,2026-09-30,499.0,Paid,0
3744,1428,1,2026-09-30,49.0,Paid,0
3745,965,1,2026-09-30,0.0,Failed,1
3746,629,1,2026-09-30,49.0,Paid,0
3747,1345,2,2026-09-30,0.0,Failed,1
3748,216,2,2026-09-30,149.0,Paid,0
3749,311,2,2026-09-30,149.0,Paid,0
3750,925,1,2026-09-30,49.0,Paid,0
3751,839,1,2026-09-30,0.0,Failed,0
3752,880,2,2026-09-30,0.0,Failed,0
3753,688,3,2026-09-30,499.0,Paid,0
3754,1190,2,2026-09-30,149.0,Paid,0
3755,789,2,2026-09-30,0.0,Failed,0
3756,938,3,2026-09-30,499.0,Paid,0
3757,1178,1,2026-09-30,49.0,Paid,0
3758,150,1,2026-09-30,0.0,Failed,1
3759,1014,1,2026-09-30,0.0,Failed,1
3760,534,2,2026-09-30,149.0,Paid,0
3761,1407,1,2026-09-30,0.0,Failed,0
3762,900,2,2026-09-30,149.0,Paid,0
3763,383,1,2026-09-30,49.0,Paid,0
3764,813,1,2026-09-30,49.0,Paid,0
3765,220,2,2026-09-30,149.0,Paid,0
3766,700,1,2026-09-30,49.0,Paid,0
3767,425,2,2026-09-30,149.0,Paid,0
3768,388,1,2026-09-30,49.0,Paid,0
3769,1362,3,2026-09-30,499.0,Paid,0
3770,1049,1,2026-09-30,0.0,Failed,1
3771,1108,3,2026-09-30,499.0,Paid,0
3772,512,2,2026-09-30,149.0,Paid,0
3773,245,3,2026-09-30,499.0,Paid,0
3774,1026,2,2026-09-30,149.0,Paid,0
3775,398,1,2026-09-30,49.0,Paid,0
3776,566,3,2026-09-30,499.0,Paid,0
3777,1154,2,2026-09-30,149.0,Paid,0
3778,737,2,2026-09-30,149.0,Paid,0
3779,178,3,2026-09-30,499.0,Paid,0
3780,45,2,2026-09-30,0.0,Failed,1
3781,861,3,2026-09-30,499.0,Paid,0
3782,1466,1,2026-09-30,49.0,Paid,0
3783,594,1,2026-09-30,49.0,Paid,0
3784,841,3,2026-09-30,499.0,Paid,0
3785,294,1,2026-09-30,0.0,Failed,1
3786,1240,1,2026-09-30,49.0,Paid,0
3787,215,2,2026-09-30,149.0,Paid,0
3788,873,4,2026-09-30,4990.0,Paid,0
3789,502,1,2026-09-30,0.0,Failed,1
3790,124,2,2026-09-30,149.0,Paid,0
3791,159,1,2026-09-30,0.0,Failed,0
3792,1192,2,2026-09-30,149.0,Paid,0
3793,809,1,2026-09-30,49.0,Paid,0
3794,77,2,2026-09-30,0.0,Failed,0
3795,377,3,2026-09-30,0.0,Failed,1
3796,857,3,2026-09-30,499.0,Paid,0
3797,1093,1,2026-09-30,49.0,Paid,0
3798,802,2,2026-09-30,149.0,Paid,0
3799,233,1,2026-09-30,0.0,Failed,0
3800,965,4,2026-09-30,4990.0,Paid,0
3801,1077,2,2026-09-30,0.0,Failed,1
3802,575,3,2026-09-30,499.0,Paid,0
3803,400,2,2026-09-30,149.0,Paid,0
3804,54,3,2026-09-30,499.0,Paid,0
3805,1362,1,2026-09-30,0.0,Failed,0
3806,988,1,2026-09-30,49.0,Paid,0
3807,1336,3,2026-09-30,0.0,Failed,1
3808,669,3,2026-09-30,0.0,Failed,0
3809,1467,2,2026-09-30,149.0,Paid,0
3810,130,1,2026-09-30,0.0,Failed,1
3811,241,3,2026-09-30,499.0,Paid,0
3812,313,2,2026-09-30,149.0,Paid,0
3813,355,1,2026-09-30,0.0,Failed,0
3814,358,4,2026-09-30,4990.0,Paid,0
3815,525,1,2026-09-30,49.0,Paid,0
3816,1214,2,2026-09-30,149.0,Paid,0
3817,1128,2,2026-09-30,149.0,Paid,0
3818,1003,3,2026-09-30,499.0,Paid,0
3819,598,1,2026-09-30,49.0,Paid,0
3820,1037,2,2026-09-30,149.0,Paid,0
3821,740,2,2026-09-30,0.0,Failed,1
3822,118,2,2026-09-30,149.0,Paid,0
3823,553,3,2026-09-30,499.0,Paid,0
3824,819,2,2026-09-30,149.0,Paid,0
3825,980,3,2026-09-30,499.0,Paid,0
3826,1308,2,2026-09-30,149.0,Paid,0
3827,574,3,2026-09-30,499.0,Paid,0
3828,1115,1,2026-09-30,0.0,Failed,1
3829,28,3,2026-09-30,0.0,Failed,0
3830,65,2,2026-09-30,149.0,Paid,0
3831,1499,1,2026-09-30,0.0,Failed,0
3832,195,2,2026-09-30,149.0,Paid,0
3833,465,3,2026-09-30,499.0,Paid,0
3834,580,1,2026-09-30,49.0,Paid,0
3835,226,3,2026-09-30,499.0,Paid,0
3836,1379,2,2026-09-30,0.0,Failed,1
3837,237,1,2026-09-30,49.0,Paid,0
3838,831,1,2026-09-30,49.0,Paid,0
3839,428,1,2026-09-30,49.0,Paid,0
3840,891,1,2026-09-30,49.0,Paid,0
3841,785,1,2026-09-30,49.0,Paid,0
3842,159,4,2026-09-30,4990.0,Paid,0
3843,268,3,2026-09-30,0.0,Failed,0
3844,465,1,2026-09-30,0.0,Failed,1
3845,108,3,2026-09-30,499.0,Paid,0
3846,390,1,2026-09-30,49.0,Paid,0
3847,974,1,2026-09-30,0.0,Failed,1
3848,1193,1,2026-09-30,0.0,Failed,0
3849,513,1,2026-09-30,49.0,Paid,0
3850,1237,2,2026-09-30,149.0,Paid,0
3851,60,2,2026-09-30,149.0,Paid,0
3852,12,3,2026-09-30,499.0,Paid,0
3853,846,3,2026-09-30,499.0,Paid,0
3854,1306,1,2026-09-30,0.0,Failed,0
3855,748,2,2026-09-30,149.0,Paid,0
3856,967,3,2026-09-30,499.0,Paid,0
3857,741,1,2026-09-30,49.0,Paid,0
3858,492,2,2026-09-30,149.0,Paid,0
3859,308,2,2026-09-30,0.0,Failed,1
3860,201,1,2026-09-30,0.0,Failed,1
3861,868,1,2026-09-30,49.0,Paid,0
3862,1191,1,2026-09-30,49.0,Paid,0
3863,751,3,2026-09-30,0.0,Failed,1
3864,167,2,2026-09-30,149.0,Paid,0
3865,753,2,2026-09-30,0.0,Failed,1
3866,310,1,2026-09-30,0.0,Failed,0
3867,1279,3,2026-09-30,0.0,Failed,0
3868,1388,3,2026-09-30,499.0,Paid,0
3869,807,4,2026-09-30,4990.0,Paid,0
3870,1080,2,2026-09-30,149.0,Paid,0
3871,822,3,2026-09-30,499.0,Paid,0
3872,203,2,2026-09-30,149.0,Paid,0
3873,650,3,2026-09-30,499.0,Paid,0
3874,192,1,2026-09-30,49.0,Paid,0
3875,1482,1,2026-09-30,49.0,Paid,0
3876,600,2,2026-09-30,149.0,Paid,0
3877,747,3,2026-09-30,0.0,Failed,1
3878,153,3,2026-09-30,499.0,Paid,0
3879,909,1,2026-09-30,0.0,Failed,0
3880,1463,1,2026-09-30,49.0,Paid,0
3881,1398,2,2026-09-30,149.0,Paid,0
3882,636,3,2026-09-30,499.0,Paid,0
3883,1341,1,2026-09-30,49.0,Paid,0
3884,975,2,2026-09-30,149.0,Paid,0
3885,394,1,2026-09-30,49.0,Paid,0
3886,1331,4,2026-09-30,4990.0,Paid,0
3887,1010,2,2026-09-30,149.0,Paid,0
3888,946,1,2026-09-30,49.0,Paid,0
3889,423,2,2026-09-30,149.0,Paid,0
3890,233,1,2026-09-30,49.0,Paid,0
3891,926,1,2026-09-30,49.0,Paid,0
3892,186,2,2026-09-30,149.0,Paid,0
3893,932,1,2026-09-30,49.0,Paid,0
3894,652,2,2026-09-30,0.0,Failed,1
3895,865,1,2026-09-30,49.0,Paid,0
3896,131,2,2026-09-30,149.0,Paid,0
3897,596,3,2026-09-30,0.0,Failed,0
3898,1454,3,2026-09-30,0.0,Failed,1
3899,305,3,2026-09-30,499.0,Paid,0
3900,252,2,2026-09-30,149.0,Paid,0
3901,422,1,2026-09-30,49.0,Paid,0
3902,621,4,2026-09-30,4990.0,Paid,0
3903,251,1,2026-09-30,0.0,Failed,1
3904,598,2,2026-09-30,0.0,Failed,1
3905,1082,1,2026-09-30,49.0,Paid,0
3906,128,2,2026-09-30,149.0,Paid,0
3907,259,2,2026-09-30,149.0,Paid,0
3908,866,3,2026-09-30,499.0,Paid,0
3909,820,1,2026-09-30,49.0,Paid,0
3910,201,2,2026-09-30,149.0,Paid,0
3911,1257,1,2026-09-30,49.0,Paid,0
3912,1412,2,2026-09-30,149.0,Paid,0
3913,301,1,2026-09-30,0.0,Failed,1
3914,527,1,2026-09-30,49.0,Paid,0
3915,202,3,2026-09-30,499.0,Paid,0
3916,1189,3,2026-09-30,499.0,Paid,0
3917,881,1,2026-09-30,49.0,Paid,0
3918,1323,3,2026-09-30,499.0,Paid,0
3919,197,2,2026-09-30,149.0,Paid,0
3920,975,4,2026-09-30,4990.0,Paid,0
3921,459,2,2026-09-30,149.0,Paid,0
3922,1313,2,2026-09-30,149.0,Paid,0
3923,1296,1,2026-09-30,49.0,Paid,0
3924,1017,2,2026-09-30,149.0,Paid,0
3925,1309,2,2026-09-30,0.0,Failed,1
3926,1402,2,2026-09-30,0.0,Failed,0
3927,110,1,2026-09-30,49.0,Paid,0
3928,29,1,2026-09-30,49.0,Paid,0
3929,1299,3,2026-09-30,499.0,Paid,0
3930,1309,1,2026-09-30,49.0,Paid,0
3931,1021,1,2026-09-30,49.0,Paid,0
3932,1438,1,2026-09-30,0.0,Failed,1
3933,1235,2,2026-09-30,149.0,Paid,0
3934,1362,2,2026-09-30,149.0,Paid,0
3935,320,3,2026-09-30,499.0,Paid,0
3936,495,1,2026-09-30,0.0,Failed,0
3937,655,1,2026-09-30,49.0,Paid,0
3938,1155,1,2026-09-30,49.0,Paid,0
3939,170,3,2026-09-30,499.0,Paid,0
3940,1062,1,2026-09-30,0.0,Failed,1
3941,1427,2,2026-09-30,149.0,Paid,0
3942,1271,1,2026-09-30,49.0,Paid,0
3943,671,2,2026-09-30,149.0,Paid,0
3944,67,2,2026-09-30,0.0,Failed,0
3945,314,2,2026-09-30,149.0,Paid,0
3946,916,2,2026-09-30,0.0,Failed,1
3947,102,1,2026-09-30,49.0,Paid,0
3948,1242,2,2026-09-30,149.0,Paid,0
3949,590,1,2026-09-30,49.0,Paid,0
3950,186,2,2026-09-30,149.0,Paid,0
3951,73,3,2026-09-30,0.0,Failed,1
3952,1000,2,2026-09-30,149.0,Paid,0
3953,1046,4,2026-09-30,4990.0,Paid,0
3954,807,2,2026-09-30,149.0,Paid,0
3955,183,3,2026-09-30,499.0,Paid,0
3956,1368,3,2026-09-30,0.0,Failed,0
3957,681,2,2026-09-30,149.0,Paid,0
3958,329,1,2026-09-30,49.0,Paid,0
3959,380,1,2026-09-30,0.0,Failed,1
3960,710,1,2026-09-30,49.0,Paid,0
3961,1064,3,2026-09-30,0.0,Failed,1
3962,359,2,2026-09-30,149.0,Paid,0
3963,535,1,2026-09-30,49.0,Paid,0
3964,358,2,2026-09-30,0.0,Failed,1
3965,413,1,2026-09-30,0.0,Failed,1
3966,1004,3,2026-09-30,499.0,Paid,0
3967,208,2,2026-09-30,149.0,Paid,0
3968,1480,1,2026-09-30,49.0,Paid,0
3969,380,1,2026-09-30,49.0,Paid,0
3970,986,1,2026-09-30,49.0,Paid,0
3971,1331,2,2026-09-30,149.0,Paid,0
3972,1265,2,2026-09-30,149.0,Paid,0
3973,294,1,2026-09-30,49.0,Paid,0
3974,1161,1,2026-09-30,49.0,Paid,0
3975,464,4,2026-09-30,4990.0,Paid,0
3976,1177,1,2026-09-30,0.0,Failed,1
3977,1447,2,2026-09-30,0.0,Failed,1
3978,374,2,2026-09-30,0.0,Failed,1
3979,930,1,2026-09-30,49.0,Paid,0
3980,865,4,2026-09-30,4990.0,Paid,0
3981,262,2,2026-09-30,149.0,Paid,0
3982,491,1,2026-09-30,49.0,Paid,0
3983,1352,3,2026-09-30,499.0,Paid,0
3984,491,2,2026-09-30,149.0,Paid,0
3985,219,1,2026-09-30,49.0,Paid,0
3986,385,1,2026-09-30,49.0,Paid,0
3987,365,3,2026-09-30,0.0,Failed,0
3988,572,4,2026-09-30,4990.0,Paid,0
3989,1458,2,2026-09-30,149.0,Paid,0
3990,350,1,2026-09-30,49.0,Paid,0
3991,372,1,2026-09-30,49.0,Paid,0
3992,69,2,2026-09-30,149.0,Paid,0
3993,1073,3,2026-09-30,0.0,Failed,1
3994,1474,2,2026-09-30,149.0,Paid,0
3995,1198,3,2026-09-30,499.0,Paid,0
3996,510,2,2026-09-30,149.0,Paid,0
3997,1151,3,2026-09-30,499.0,Paid,0
3998,983,2,2026-09-30,149.0,Paid,0
3999,462,3,2026-09-30,499.0,Paid,0
4000,869,3,2026-09-30,499.0,Paid,0
4001,288,1,2026-09-30,49.0,Paid,0
4002,1057,1,2026-09-30,49.0,Paid,0
4003,915,1,2026-09-30,49.0,Paid,0
4004,1280,1,2026-09-30,0.0,Failed,0
4005,618,1,2026-09-30,49.0,Paid,0
4006,1107,1,2026-09-30,0.0,Failed,0
4007,1332,2,2026-09-30,149.0,Paid,0
4008,1114,1,2026-09-30,49.0,Paid,0
4009,428,2,2026-09-30,149.0,Paid,0
4010,1178,1,2026-09-30,49.0,Paid,0
4011,628,3,2026-09-30,499.0,Paid,0
4012,632,1,2026-09-30,0.0,Failed,0
4013,32,1,2026-09-30,49.0,Paid,0
4014,730,1,2026-09-30,49.0,Paid,0
4015,419,3,2026-09-30,499.0,Paid,0
4016,1367,1,2026-09-30,49.0,Paid,0
4017,1368,2,2026-09-30,149.0,Paid,0
4018,1157,2,2026-09-30,149.0,Paid,0
4019,1060,4,2026-09-30,4990.0,Paid,0
4020,280,2,2026-09-30,149.0,Paid,0
4021,1008,2,2026-09-30,149.0,Paid,0
4022,698,2,2026-09-30,149.0,Paid,0
4023,449,2,2026-09-30,149.0,Paid,0
4024,873,3,2026-09-30,499.0,Paid,0
4025,658,3,2026-09-30,499.0,Paid,0
4026,444,2,2026-09-30,0.0,Failed,0
4027,781,2,2026-09-30,0.0,Failed,1
4028,1357,2,2026-09-30,149.0,Paid,0
4029,478,1,2026-09-30,49.0,Paid,0
4030,1472,2,2026-09-30,149.0,Paid,0
4031,214,4,2026-09-30,4990.0,Paid,0
4032,691,2,2026-09-30,149.0,Paid,0
4033,1219,1,2026-09-30,49.0,Paid,0
4034,1488,1,2026-09-30,49.0,Paid,0
4035,524,2,2026-09-30,149.0,Paid,0
4036,999,2,2026-09-30,149.0,Paid,0
4037,956,1,2026-09-30,49.0,Paid,0
4038,995,2,2026-09-30,149.0,Paid,0
4039,57,2,2026-09-30,149.0,Paid,0
4040,105,3,2026-09-30,499.0,Paid,0
4041,760,2,2026-09-30,149.0,Paid,0
4042,977,1,2026-09-30,49.0,Paid,0
4043,802,1,2026-09-30,49.0,Paid,0
4044,920,4,2026-09-30,4990.0,Paid,0
4045,261,1,2026-09-30,49.0,Paid,0
4046,980,1,2026-09-30,49.0,Paid,0
4047,658,1,2026-09-30,0.0,Failed,0
4048,276,2,2026-09-30,149.0,Paid,0
4049,687,2,2026-09-30,149.0,Paid,0
4050,788,3,2026-09-30,0.0,Failed,0
4051,246,1,2026-09-30,0.0,Failed,0
4052,1492,1,2026-09-30,49.0,Paid,0
4053,977,2,2026-09-30,149.0,Paid,0
4054,480,1,2026-09-30,49.0,Paid,0
4055,23,3,2026-09-30,499.0,Paid,0
4056,1165,2,2026-09-30,0.0,Failed,1
4057,539,1,2026-09-30,0.0,Failed,1
4058,1442,2,2026-09-30,149.0,Paid,0
4059,1494,2,2026-09-30,149.0,Paid,0
4060,380,1,2026-09-30,49.0,Paid,0
4061,534,1,2026-09-30,49.0,Paid,0
4062,174,4,2026-09-30,4990.0,Paid,0
4063,1415,2,2026-09-30,0.0,Failed,1
4064,575,1,2026-09-30,49.0,Paid,0
4065,100,1,2026-09-30,0.0,Failed,0
4066,648,2,2026-09-30,149.0,Paid,0
4067,73,3,2026-09-30,499.0,Paid,0
4068,147,1,2026-09-30,49.0,Paid,0
4069,1286,1,2026-09-30,49.0,Paid,0
4070,715,2,2026-09-30,149.0,Paid,0
4071,794,2,2026-09-30,149.0,Paid,0
4072,1170,1,2026-09-30,49.0,Paid,0
4073,557,4,2026-09-30,4990.0,Paid,0
4074,634,2,2026-09-30,149.0,Paid,0
4075,101,1,2026-09-30,49.0,Paid,0
4076,77,1,2026-09-30,0.0,Failed,1
4077,735,1,2026-09-30,0.0,Failed,1
4078,433,1,2026-09-30,0.0,Failed,1
4079,740,2,2026-09-30,149.0,Paid,0
4080,1130,2,2026-09-30,149.0,Paid,0
4081,578,1,2026-09-30,49.0,Paid,0
4082,648,2,2026-09-30,149.0,Paid,0
4083,171,4,2026-09-30,4990.0,Paid,0
4084,1427,2,2026-09-30,149.0,Paid,0
4085,163,1,2026-09-30,49.0,Paid,0
4086,350,2,2026-09-30,149.0,Paid,0
4087,787,1,2026-09-30,49.0,Paid,0
4088,123,2,2026-09-30,149.0,Paid,0
4089,754,2,2026-09-30,149.0,Paid,0
4090,632,1,2026-09-30,49.0,Paid,0
4091,45,2,2026-09-30,149.0,Paid,0
4092,1019,1,2026-09-30,0.0,Failed,0
4093,986,3,2026-09-30,0.0,Failed,0
4094,1479,2,2026-09-30,149.0,Paid,0
4095,208,2,2026-09-30,149.0,Paid,0
4096,321,2,2026-09-30,149.0,Paid,0
4097,1196,2,2026-09-30,0.0,Failed,1
4098,742,1,2026-09-30,0.0,Failed,1
4099,1045,1,2026-09-30,49.0,Paid,0
4100,570,1,2026-09-30,0.0,Failed,1
4101,1319,2,2026-09-30,149.0,Paid,0
4102,515,2,2026-09-30,149.0,Paid,0
4103,1361,2,2026-09-30,149.0,Paid,0
4104,1042,3,2026-09-30,499.0,Paid,0
4105,181,3,2026-09-30,499.0,Paid,0
4106,910,2,2026-09-30,149.0,Paid,0
4107,1399,2,2026-09-30,0.0,Failed,0
4108,1220,3,2026-09-30,499.0,Paid,0
4109,1185,2,2026-09-30,149.0,Paid,0
4110,1177,1,2026-09-30,49.0,Paid,0
4111,614,4,2026-09-30,4990.0,Paid,0
4112,41,3,2026-09-30,499.0,Paid,0
4113,788,1,2026-09-30,49.0,Paid,0
4114,830,1,2026-09-30,49.0,Paid,0
4115,1320,2,2026-09-30,0.0,Failed,1
4116,1319,4,2026-09-30,4990.0,Paid,0
4117,980,1,2026-09-30,0.0,Failed,1
4118,522,3,2026-09-30,0.0,Failed,0
4119,928,2,2026-09-30,149.0,Paid,0
4120,509,1,2026-09-30,49.0,Paid,0
4121,719,1,2026-09-30,49.0,Paid,0
4122,1102,2,2026-09-30,0.0,Failed,1
4123,1103,2,2026-09-30,149.0,Paid,0
4124,905,2,2026-09-30,0.0,Failed,1
4125,1422,4,2026-09-30,4990.0,Paid,0
4126,1418,2,2026-09-30,149.0,Paid,0
4127,1232,1,2026-09-30,49.0,Paid,0
4128,336,1,2026-09-30,49.0,Paid,0
4129,259,1,2026-09-30,49.0,Paid,0
4130,232,2,2026-09-30,0.0,Failed,0
4131,32,2,2026-09-30,149.0,Paid,0
4132,862,3,2026-09-30,0.0,Failed,1
4133,240,1,2026-09-30,49.0,Paid,0
4134,1337,2,2026-09-30,149.0,Paid,0
4135,1211,2,2026-09-30,0.0,Failed,1
4136,1355,1,2026-09-30,49.0,Paid,0
4137,913,2,2026-09-30,0.0,Failed,0
4138,228,1,2026-09-30,49.0,Paid,0
4139,923,3,2026-09-30,0.0,Failed,0
4140,114,1,2026-09-30,49.0,Paid,0
4141,38,2,2026-09-30,149.0,Paid,0
4142,755,4,2026-09-30,4990.0,Paid,0
4143,1266,1,2026-09-30,49.0,Paid,0
4144,939,3,2026-09-30,499.0,Paid,0
4145,759,1,2026-09-30,49.0,Paid,0
4146,1005,1,2026-09-30,49.0,Paid,0
4147,1126,1,2026-09-30,49.0,Paid,0
4148,690,2,2026-09-30,0.0,Failed,1
4149,1379,2,2026-09-30,149.0,Paid,0
4150,693,2,2026-09-30,149.0,Paid,0
4151,7,2,2026-09-30,149.0,Paid,0
4152,55,4,2026-09-30,4990.0,Paid,0
4153,442,3,2026-09-30,0.0,Failed,1
4154,963,1,2026-09-30,49.0,Paid,0
4155,973,1,2026-09-30,49.0,Paid,0
4156,1377,2,2026-09-30,0.0,Failed,1
4157,1470,2,2026-09-30,149.0,Paid,0
4158,323,2,2026-09-30,0.0,Failed,0
4159,47,1,2026-09-30,0.0,Failed,0
4160,1107,1,2026-09-30,49.0,Paid,0
4161,952,2,2026-09-30,149.0,Paid,0
4162,542,2,2026-09-30,149.0,Paid,0
4163,403,2,2026-09-30,149.0,Paid,0
4164,116,4,2026-09-30,0.0,Failed,0
4165,886,1,2026-09-30,0.0,Failed,1
4166,957,2,2026-09-30,149.0,Paid,0
4167,286,1,2026-09-30,49.0,Paid,0
4168,861,4,2026-09-30,4990.0,Paid,0
4169,1201,1,2026-09-30,49.0,Paid,0
4170,1394,2,2026-09-30,149.0,Paid,0
4171,45,3,2026-09-30,0.0,Failed,0
4172,703,2,2026-09-30,149.0,Paid,0
4173,74,1,2026-09-30,49.0,Paid,0
4174,715,2,2026-09-30,0.0,Failed,1
4175,984,2,2026-09-30,149.0,Paid,0
4176,427,1,2026-09-30,49.0,Paid,0
4177,44,2,2026-09-30,149.0,Paid,0
4178,442,3,2026-09-30,499.0,Paid,0
4179,1187,1,2026-09-30,49.0,Paid,0
4180,984,1,2026-09-30,49.0,Paid,0
4181,886,2,2026-09-30,149.0,Paid,0
4182,571,2,2026-09-30,149.0,Paid,0
4183,1131,1,2026-09-30,0.0,Failed,0
4184,1309,1,2026-09-30,49.0,Paid,0
4185,242,2,2026-09-30,149.0,Paid,0
4186,1173,3,2026-09-30,0.0,Failed,0
4187,81,1,2026-09-30,49.0,Paid,0
4188,1111,1,2026-09-30,0.0,Failed,0
4189,194,1,2026-09-30,49.0,Paid,0
4190,1209,1,2026-09-30,49.0,Paid,0
4191,1339,1,2026-09-30,49.0,Paid,0
4192,473,2,2026-09-30,149.0,Paid,0
4193,753,2,2026-09-30,0.0,Failed,0
4194,1393,2,2026-09-30,149.0,Paid,0
4195,316,1,2026-09-30,49.0,Paid,0
4196,387,2,2026-09-30,149.0,Paid,0
4197,1477,2,2026-09-30,149.0,Paid,0
4198,326,2,2026-09-30,149.0,Paid,0
4199,789,1,2026-09-30,0.0,Failed,1
4200,1286,2,2026-09-30,149.0,Paid,0
4201,110,2,2026-09-30,149.0,Paid,0
4202,1498,1,2026-09-30,0.0,Failed,1
4203,280,2,2026-09-30,149.0,Paid,0
4204,930,2,2026-09-30,149.0,Paid,0
4205,822,1,2026-09-30,49.0,Paid,0
4206,676,1,2026-09-30,49.0,Paid,0
4207,870,2,2026-09-30,149.0,Paid,0
4208,570,3,2026-09-30,499.0,Paid,0
4209,1384,3,2026-09-30,499.0,Paid,0
4210,1416,2,2026-09-30,0.0,Failed,0
4211,1472,2,2026-09-30,0.0,Failed,1
4212,493,2,2026-09-30,149.0,Paid,0
4213,1218,1,2026-09-30,49.0,Paid,0
4214,1079,4,2026-09-30,0.0,Failed,1
4215,999,2,2026-09-30,0.0,Failed,0
4216,786,3,2026-09-30,499.0,Paid,0
4217,107,1,2026-09-30,0.0,Failed,1
4218,339,2,2026-09-30,0.0,Failed,1
4219,577,1,2026-09-30,49.0,Paid,0
4220,996,1,2026-09-30,49.0,Paid,0
4221,289,1,2026-09-30,49.0,Paid,0
4222,541,1,2026-09-30,49.0,Paid,0
4223,943,3,2026-09-30,499.0,Paid,0
4224,276,2,2026-09-30,149.0,Paid,0
4225,511,3,2026-09-30,499.0,Paid,0
4226,935,1,2026-09-30,49.0,Paid,0
4227,865,1,2026-09-30,49.0,Paid,0
4228,597,2,2026-09-30,149.0,Paid,0
4229,733,1,2026-09-30,49.0,Paid,0
4230,1193,1,2026-09-30,49.0,Paid,0
4231,130,2,2026-09-30,149.0,Paid,0
4232,234,2,2026-09-30,149.0,Paid,0
4233,757,1,2026-09-30,49.0,Paid,0
4234,188,3,2026-09-30,0.0,Failed,1
4235,95,2,2026-09-30,149.0,Paid,0
4236,1361,2,2026-09-30,149.0,Paid,0
4237,1162,1,2026-09-30,0.0,Failed,1
4238,57,3,2026-09-30,499.0,Paid,0
4239,14,1,2026-09-30,49.0,Paid,0
4240,1446,3,2026-09-30,0.0,Failed,1
4241,437,1,2026-09-30,0.0,Failed,0
4242,1350,1,2026-09-30,49.0,Paid,0
4243,201,2,2026-09-30,149.0,Paid,0
4244,1159,1,2026-09-30,49.0,Paid,0
4245,158,3,2026-09-30,499.0,Paid,0
4246,327,3,2026-09-30,499.0,Paid,0
4247,32,4,2026-09-30,0.0,Failed,1
4248,1074,1,2026-09-30,49.0,Paid,0
4249,1419,2,2026-09-30,0.0,Failed,1
4250,1332,1,2026-09-30,49.0,Paid,0
4251,555,1,2026-09-30,49.0,Paid,0
4252,567,3,2026-09-30,499.0,Paid,0
4253,132,3,2026-09-30,499.0,Paid,0
4254,67,4,2026-09-30,4990.0,Paid,0
4255,108,1,2026-09-30,49.0,Paid,0
4256,497,3,2026-09-30,499.0,Paid,0
4257,1172,3,2026-09-30,0.0,Failed,1
4258,310,2,2026-09-30,149.0,Paid,0
4259,1440,3,2026-09-30,0.0,Failed,0
4260,1244,2,2026-09-30,149.0,Paid,0
4261,671,1,2026-09-30,49.0,Paid,0
4262,771,1,2026-09-30,0.0,Failed,1
4263,560,1,2026-09-30,49.0,Paid,0
4264,821,3,2026-09-30,499.0,Paid,0
4265,793,2,2026-09-30,149.0,Paid,0
4266,1358,2,2026-09-30,0.0,Failed,0
4267,1493,3,2026-09-30,499.0,Paid,0
4268,529,3,2026-09-30,499.0,Paid,0
4269,1022,3,2026-09-30,499.0,Paid,0
4270,238,1,2026-09-30,49.0,Paid,0
4271,784,1,2026-09-30,49.0,Paid,0
4272,155,2,2026-09-30,149.0,Paid,0
4273,726,3,2026-09-30,499.0,Paid,0
4274,1141,1,2026-09-30,0.0,Failed,0
4275,782,3,2026-09-30,499.0,Paid,0
4276,96,1,2026-09-30,49.0,Paid,0
4277,188,3,2026-09-30,499.0,Paid,0
4278,282,2,2026-09-30,149.0,Paid,0
4279,297,2,2026-09-30,0.0,Failed,0
4280,39,2,2026-09-30,149.0,Paid,0
4281,1434,1,2026-09-30,49.0,Paid,0
4282,133,1,2026-09-30,49.0,Paid,0
4283,466,2,2026-09-30,0.0,Failed,0
4284,363,2,2026-09-30,149.0,Paid,0
4285,1265,3,2026-09-30,0.0,Failed,1
4286,293,1,2026-09-30,0.0,Failed,0
4287,1363,2,2026-09-30,149.0,Paid,0
4288,307,3,2026-09-30,499.0,Paid,0
4289,912,4,2026-09-30,4990.0,Paid,0
4290,900,2,2026-09-30,149.0,Paid,0
4291,879,2,2026-09-30,149.0,Paid,0
4292,451,2,2026-09-30,0.0,Failed,1
4293,463,2,2026-09-30,0.0,Failed,1
4294,215,2,2026-09-30,149.0,Paid,0
4295,516,1,2026-09-30,0.0,Failed,0
4296,661,1,2026-09-30,0.0,Failed,1
4297,165,2,2026-09-30,0.0,Failed,1
4298,228,2,2026-09-30,149.0,Paid,0
4299,12,3,2026-09-30,0.0,Failed,1
4300,367,2,2026-09-30,149.0,Paid,0
4301,743,2,2026-09-30,149.0,Paid,0
4302,1085,2,2026-09-30,0.0,Failed,1
4303,94,2,2026-09-30,0.0,Failed,1
4304,190,2,2026-09-30,149.0,Paid,0
4305,363,2,2026-09-30,149.0,Paid,0
4306,614,2,2026-09-30,149.0,Paid,0
4307,531,1,2026-09-30,49.0,Paid,0
4308,227,1,2026-09-30,0.0,Failed,0
4309,745,2,2026-09-30,149.0,Paid,0
4310,402,2,2026-09-30,0.0,Failed,0
4311,575,3,2026-09-30,499.0,Paid,0
4312,1073,2,2026-09-30,149.0,Paid,0
4313,350,2,2026-09-30,149.0,Paid,0
4314,708,2,2026-09-30,149.0,Paid,0
4315,587,2,2026-09-30,0.0,Failed,1
4316,1093,4,2026-09-30,4990.0,Paid,0
4317,186,1,2026-09-30,49.0,Paid,0
4318,701,3,2026-09-30,499.0,Paid,0
4319,125,2,2026-09-30,0.0,Failed,1
4320,30,3,2026-09-30,499.0,Paid,0
4321,305,1,2026-09-30,49.0,Paid,0
4322,144,3,2026-09-30,499.0,Paid,0
4323,1470,1,2026-09-30,0.0,Failed,0
4324,938,1,2026-09-30,49.0,Paid,0
4325,691,2,2026-09-30,149.0,Paid,0
4326,652,1,2026-09-30,0.0,Failed,0
4327,158,2,2026-09-30,0.0,Failed,1
4328,1173,2,2026-09-30,149.0,Paid,0
4329,1110,3,2026-09-30,499.0,Paid,0
4330,791,3,2026-09-30,499.0,Paid,0
4331,272,3,2026-09-30,499.0,Paid,0
4332,770,2,2026-09-30,149.0,Paid,0
4333,296,3,2026-09-30,499.0,Paid,0
4334,365,1,2026-09-30,49.0,Paid,0
4335,737,1,2026-09-30,49.0,Paid,0
4336,794,2,2026-09-30,149.0,Paid,0
4337,1255,2,2026-09-30,0.0,Failed,0
4338,1331,3,2026-09-30,0.0,Failed,0
4339,1098,3,2026-09-30,499.0,Paid,0
4340,241,3,2026-09-30,499.0,Paid,0
4341,1311,1,2026-09-30,0.0,Failed,1
4342,600,2,2026-09-30,149.0,Paid,0
4343,1458,3,2026-09-30,499.0,Paid,0
4344,56,3,2026-09-30,499.0,Paid,0
4345,882,1,2026-09-30,49.0,Paid,0
4346,1332,2,2026-09-30,149.0,Paid,0
4347,1452,2,2026-09-30,0.0,Failed,0
4348,787,1,2026-09-30,49.0,Paid,0
4349,964,1,2026-09-30,49.0,Paid,0
4350,583,1,2026-09-30,49.0,Paid,0
4351,1302,3,2026-09-30,499.0,Paid,0
4352,1136,3,2026-09-30,499.0,Paid,0
4353,539,2,2026-09-30,149.0,Paid,0
4354,1001,2,2026-09-30,149.0,Paid,0
4355,328,3,2026-09-30,0.0,Failed,1
4356,233,4,2026-09-30,4990.0,Paid,0
4357,1405,3,2026-09-30,499.0,Paid,0
4358,657,3,2026-09-30,499.0,Paid,0
4359,243,3,2026-09-30,499.0,Paid,0
4360,1006,1,2026-09-30,0.0,Failed,1
4361,1111,2,2026-09-30,149.0,Paid,0
4362,1110,1,2026-09-30,0.0,Failed,1
4363,784,1,2026-09-30,49.0,Paid,0
4364,1027,1,2026-09-30,49.0,Paid,0
4365,911,1,2026-09-30,49.0,Paid,0
4366,459,1,2026-09-30,49.0,Paid,0
4367,1421,1,2026-09-30,49.0,Paid,0
4368,150,1,2026-09-30,49.0,Paid,0
4369,115,1,2026-09-30,49.0,Paid,0
4370,322,1,2026-09-30,49.0,Paid,0
4371,189,3,2026-09-30,0.0,Failed,0
4372,708,1,2026-09-30,49.0,Paid,0
4373,251,1,2026-09-30,49.0,Paid,0
4374,1087,2,2026-09-30,149.0,Paid,0
4375,1051,1,2026-09-30,49.0,Paid,0
4376,593,1,2026-09-30,49.0,Paid,0
4377,1461,3,2026-09-30,499.0,Paid,0
4378,1009,1,2026-09-30,49.0,Paid,0
4379,563,2,2026-09-30,149.0,Paid,0
4380,139,1,2026-09-30,49.0,Paid,0
4381,443,3,2026-09-30,499.0,Paid,0
4382,969,2,2026-09-30,149.0,Paid,0
4383,784,2,2026-09-30,149.0,Paid,0
4384,918,1,2026-09-30,0.0,Failed,0
4385,416,1,2026-09-30,49.0,Paid,0
4386,1382,1,2026-09-30,49.0,Paid,0
4387,1235,1,2026-09-30,49.0,Paid,0
4388,752,2,2026-09-30,0.0,Failed,0
4389,899,1,2026-09-30,49.0,Paid,0
4390,253,1,2026-09-30,49.0,Paid,0
4391,1249,3,2026-09-30,499.0,Paid,0
4392,281,2,2026-09-30,149.0,Paid,0
4393,1163,1,2026-09-30,0.0,Failed,1
4394,589,3,2026-09-30,0.0,Failed,1
4395,876,1,2026-09-30,49.0,Paid,0
4396,173,2,2026-09-30,149.0,Paid,0
4397,1420,4,2026-09-30,4990.0,Paid,0
4398,764,4,2026-09-30,4990.0,Paid,0
4399,754,1,2026-09-30,49.0,Paid,0
4400,223,3,2026-09-30,0.0,Failed,0
4401,1338,3,2026-09-30,499.0,Paid,0
4402,1094,2,2026-09-30,0.0,Failed,0
4403,468,1,2026-09-30,49.0,Paid,0
4404,264,1,2026-09-30,49.0,Paid,0
4405,319,3,2026-09-30,499.0,Paid,0
4406,493,3,2026-09-30,499.0,Paid,0
4407,213,2,2026-09-30,0.0,Failed,1
4408,298,1,2026-09-30,49.0,Paid,0
4409,1016,1,2026-09-30,49.0,Paid,0
4410,50,3,2026-09-30,499.0,Paid,0
4411,1119,3,2026-09-30,0.0,Failed,1
4412,621,2,2026-09-30,0.0,Failed,0
4413,797,1,2026-09-30,49.0,Paid,0
4414,951,1,2026-09-30,0.0,Failed,0
4415,415,2,2026-09-30,149.0,Paid,0
4416,731,1,2026-09-30,0.0,Failed,1
4417,119,3,2026-09-30,499.0,Paid,0
4418,413,1,2026-09-30,49.0,Paid,0
4419,1156,2,2026-09-30,149.0,Paid,0
4420,1247,3,2026-09-30,499.0,Paid,0
4421,604,2,2026-09-30,149.0,Paid,0
4422,1293,2,2026-09-30,149.0,Paid,0
4423,204,2,2026-09-30,0.0,Failed,1
4424,7,2,2026-09-30,0.0,Failed,0
4425,827,2,2026-09-30,149.0,Paid,0
4426,1036,2,2026-09-30,149.0,Paid,0
4427,868,2,2026-09-30,0.0,Failed,1
4428,775,3,2026-09-30,0.0,Failed,0
4429,1033,2,2026-09-30,149.0,Paid,0
4430,327,2,2026-09-30,149.0,Paid,0
4431,639,2,2026-09-30,149.0,Paid,0
4432,757,1,2026-09-30,49.0,Paid,0
4433,773,1,2026-09-30,49.0,Paid,0
4434,865,2,2026-09-30,149.0,Paid,0
4435,1388,2,2026-09-30,149.0,Paid,0
4436,322,2,2026-09-30,149.0,Paid,0
4437,1364,2,2026-09-30,0.0,Failed,0
4438,907,1,2026-09-30,49.0,Paid,0
4439,85,2,2026-09-30,149.0,Paid,0
4440,542,2,2026-09-30,149.0,Paid,0
4441,1266,2,2026-09-30,149.0,Paid,0
4442,1486,1,2026-09-30,0.0,Failed,1
4443,92,3,2026-09-30,499.0,Paid,0
4444,1094,1,2026-09-30,49.0,Paid,0
4445,853,3,2026-09-30,499.0,Paid,0
4446,1105,1,2026-09-30,0.0,Failed,0
4447,1300,1,2026-09-30,49.0,Paid,0
4448,375,1,2026-09-30,49.0,Paid,0
4449,1373,4,2026-09-30,4990.0,Paid,0
4450,865,2,2026-09-30,0.0,Failed,1
4451,656,3,2026-09-30,0.0,Failed,0
4452,622,1,2026-09-30,49.0,Paid,0
4453,1088,2,2026-09-30,149.0,Paid,0
4454,1440,1,2026-09-30,49.0,Paid,0
4455,1316,3,2026-09-30,499.0,Paid,0
4456,899,1,2026-09-30,0.0,Failed,0
4457,1078,2,2026-09-30,149.0,Paid,0
4458,589,4,2026-09-30,4990.0,Paid,0
4459,684,3,2026-09-30,499.0,Paid,0
4460,997,2,2026-09-30,149.0,Paid,0
4461,482,2,2026-09-30,0.0,Failed,1
4462,160,1,2026-09-30,49.0,Paid,0
4463,245,3,2026-09-30,499.0,Paid,0
4464,795,4,2026-09-30,4990.0,Paid,0
4465,985,2,2026-09-30,149.0,Paid,0
4466,1480,1,2026-09-30,49.0,Paid,0
4467,228,2,2026-09-30,149.0,Paid,0
4468,921,1,2026-09-30,49.0,Paid,0
4469,721,2,2026-09-30,0.0,Failed,1
4470,277,1,2026-09-30,49.0,Paid,0
4471,29,3,2026-09-30,0.0,Failed,1
4472,1465,3,2026-09-30,499.0,Paid,0
4473,28,3,2026-09-30,499.0,Paid,0
4474,906,2,2026-09-30,0.0,Failed,0
4475,285,1,2026-09-30,0.0,Failed,1
4476,649,3,2026-09-30,499.0,Paid,0
4477,1293,1,2026-09-30,49.0,Paid,0
4478,1360,3,2026-09-30,499.0,Paid,0
4479,539,1,2026-09-30,0.0,Failed,1
4480,358,2,2026-09-30,149.0,Paid,0
4481,949,1,2026-09-30,0.0,Failed,1
4482,556,1,2026-09-30,49.0,Paid,0
4483,203,1,2026-09-30,49.0,Paid,0
4484,214,1,2026-09-30,49.0,Paid,0
4485,898,2,2026-09-30,149.0,Paid,0
4486,1141,2,2026-09-30,149.0,Paid,0
4487,485,2,2026-09-30,149.0,Paid,0
4488,1099,2,2026-09-30,0.0,Failed,1
4489,734,2,2026-09-30,149.0,Paid,0
4490,867,2,2026-09-30,0.0,Failed,1
4491,845,3,2026-09-30,499.0,Paid,0
4492,124,1,2026-09-30,0.0,Failed,1
4493,551,2,2026-09-30,149.0,Paid,0
4494,1146,3,2026-09-30,499.0,Paid,0
4495,1005,2,2026-09-30,149.0,Paid,0
4496,1446,1,2026-09-30,49.0,Paid,0
4497,841,1,2026-09-30,49.0,Paid,0
4498,1284,1,2026-09-30,0.0,Failed,1
4499,1495,1,2026-09-30,0.0,Failed,1
4500,585,3,2026-09-30,499.0,Paid,0
4501,1200,3,2026-09-30,499.0,Paid,0
4502,584,2,2026-09-30,149.0,Paid,0
4503,1161,3,2026-09-30,499.0,Paid,0
4504,14,1,2026-09-30,49.0,Paid,0
4505,881,1,2026-09-30,49.0,Paid,0
4506,633,1,2026-09-30,49.0,Paid,0
4507,1476,1,2026-09-30,49.0,Paid,0
4508,197,2,2026-09-30,149.0,Paid,0
4509,820,1,2026-09-30,0.0,Failed,0
4510,1333,2,2026-09-30,149.0,Paid,0
4511,1325,1,2026-09-30,49.0,Paid,0
4512,697,2,2026-09-30,0.0,Failed,0
4513,405,1,2026-09-30,49.0,Paid,0
4514,324,1,2026-09-30,0.0,Failed,1
4515,819,2,2026-09-30,149.0,Paid,0
4516,94,2,2026-09-30,149.0,Paid,0
4517,1285,2,2026-09-30,0.0,Failed,0
4518,135,3,2026-09-30,0.0,Failed,1
4519,1371,3,2026-09-30,499.0,Paid,0
4520,1310,1,2026-09-30,49.0,Paid,0
4521,46,2,2026-09-30,149.0,Paid,0
4522,303,4,2026-09-30,0.0,Failed,0
4523,527,1,2026-09-30,49.0,Paid,0
4524,1376,2,2026-09-30,149.0,Paid,0
4525,883,2,2026-09-30,149.0,Paid,0
4526,125,3,2026-09-30,499.0,Paid,0
4527,583,2,2026-09-30,0.0,Failed,0
4528,540,1,2026-09-30,0.0,Failed,1
4529,1042,1,2026-09-30,49.0,Paid,0
4530,394,2,2026-09-30,0.0,Failed,1
4531,1228,2,2026-09-30,0.0,Failed,0
4532,1155,3,2026-09-30,499.0,Paid,0
4533,122,1,2026-09-30,49.0,Paid,0
4534,1379,1,2026-09-30,49.0,Paid,0
4535,336,4,2026-09-30,4990.0,Paid,0
4536,468,1,2026-09-30,49.0,Paid,0
4537,818,3,2026-09-30,499.0,Paid,0
4538,1493,1,2026-09-30,49.0,Paid,0
4539,1285,4,2026-09-30,4990.0,Paid,0
4540,1236,4,2026-09-30,0.0,Failed,0
4541,604,2,2026-09-30,149.0,Paid,0
4542,466,1,2026-09-30,49.0,Paid,0
4543,1215,2,2026-09-30,149.0,Paid,0
4544,1391,2,2026-09-30,0.0,Failed,0
4545,1022,2,2026-09-30,149.0,Paid,0
4546,1449,1,2026-09-30,0.0,Failed,0
4547,266,1,2026-09-30,0.0,Failed,0
4548,1271,2,2026-09-30,149.0,Paid,0
4549,1355,3,2026-09-30,499.0,Paid,0
4550,1153,3,2026-09-30,0.0,Failed,1
4551,1350,3,2026-09-30,499.0,Paid,0
4552,66,2,2026-09-30,0.0,Failed,1
4553,598,4,2026-09-30,4990.0,Paid,0
4554,1186,2,2026-09-30,149.0,Paid,0
4555,777,2,2026-09-30,149.0,Paid,0
4556,249,1,2026-09-30,49.0,Paid,0
4557,868,1,2026-09-30,49.0,Paid,0
4558,1238,2,2026-09-30,149.0,Paid,0
4559,369,1,2026-09-30,49.0,Paid,0
4560,4,1,2026-09-30,49.0,Paid,0
4561,962,2,2026-09-30,149.0,Paid,0
4562,741,3,2026-09-30,499.0,Paid,0
4563,469,1,2026-09-30,49.0,Paid,0
4564,776,1,2026-09-30,49.0,Paid,0
4565,1333,1,2026-09-30,49.0,Paid,0
4566,588,1,2026-09-30,49.0,Paid,0
4567,564,1,2026-09-30,0.0,Failed,0
4568,1053,3,2026-09-30,0.0,Failed,0
4569,444,1,2026-09-30,49.0,Paid,0
4570,1211,1,2026-09-30,49.0,Paid,0
4571,489,1,2026-09-30,0.0,Failed,1
4572,1344,3,2026-09-30,499.0,Paid,0
4573,1269,1,2026-09-30,0.0,Failed,1
4574,1416,2,2026-09-30,149.0,Paid,0
4575,320,2,2026-09-30,149.0,Paid,0
4576,1305,1,2026-09-30,49.0,Paid,0
4577,374,1,2026-09-30,49.0,Paid,0
4578,194,4,2026-09-30,4990.0,Paid,0
4579,655,1,2026-09-30,0.0,Failed,0
4580,1035,2,2026-09-30,0.0,Failed,0
4581,934,1,2026-09-30,49.0,Paid,0
4582,758,3,2026-09-30,0.0,Failed,1
4583,760,3,2026-09-30,499.0,Paid,0
4584,1308,2,2026-09-30,149.0,Paid,0
4585,789,2,2026-09-30,149.0,Paid,0
4586,909,2,2026-09-30,149.0,Paid,0
4587,1462,2,2026-09-30,149.0,Paid,0
4588,267,2,2026-09-30,0.0,Failed,1
4589,1016,2,2026-09-30,149.0,Paid,0
4590,523,2,2026-09-30,149.0,Paid,0
4591,986,2,2026-09-30,149.0,Paid,0
4592,904,2,2026-09-30,0.0,Failed,1
4593,674,1,2026-09-30,49.0,Paid,0
4594,1271,2,2026-09-30,0.0,Failed,0
4595,400,1,2026-09-30,49.0,Paid,0
4596,1064,1,2026-09-30,49.0,Paid,0
4597,549,1,2026-09-30,49.0,Paid,0
4598,1039,3,2026-09-30,0.0,Failed,0
4599,1165,1,2026-09-30,49.0,Paid,0
4600,819,3,2026-09-30,499.0,Paid,0
4601,207,2,2026-09-30,149.0,Paid,0
4602,215,1,2026-09-30,49.0,Paid,0
4603,340,2,2026-09-30,149.0,Paid,0
4604,915,3,2026-09-30,0.0,Failed,0
4605,740,2,2026-09-30,149.0,Paid,0
4606,396,4,2026-09-30,4990.0,Paid,0
4607,1327,2,2026-09-30,149.0,Paid,0
4608,146,3,2026-09-30,499.0,Paid,0
4609,1314,1,2026-09-30,0.0,Failed,1
4610,785,3,2026-09-30,0.0,Failed,0
4611,952,1,2026-09-30,49.0,Paid,0
4612,292,1,2026-09-30,49.0,Paid,0
4613,42,3,2026-09-30,499.0,Paid,0
4614,1022,2,2026-09-30,149.0,Paid,0
4615,1358,2,2026-09-30,149.0,Paid,0
4616,1069,2,2026-09-30,0.0,Failed,1
4617,11,1,2026-09-30,49.0,Paid,0
4618,667,1,2026-09-30,49.0,Paid,0
4619,1331,3,2026-09-30,499.0,Paid,0
4620,196,2,2026-09-30,149.0,Paid,0
4621,678,3,2026-09-30,0.0,Failed,0
4622,785,4,2026-09-30,4990.0,Paid,0
4623,350,2,2026-09-30,0.0,Failed,0
4624,1401,1,2026-09-30,0.0,Failed,1
4625,789,3,2026-09-30,499.0,Paid,0
4626,810,3,2026-09-30,0.0,Failed,1
4627,182,1,2026-09-30,49.0,Paid,0
4628,335,2,2026-09-30,149.0,Paid,0
4629,1104,2,2026-09-30,149.0,Paid,0
4630,911,1,2026-09-30,49.0,Paid,0
4631,199,1,2026-09-30,49.0,Paid,0
4632,515,2,2026-09-30,149.0,Paid,0
4633,236,2,2026-09-30,0.0,Failed,0
4634,647,4,2026-09-30,0.0,Failed,1
4635,539,2,2026-09-30,149.0,Paid,0
4636,13,4,2026-09-30,4990.0,Paid,0
4637,1010,2,2026-09-30,149.0,Paid,0
4638,727,2,2026-09-30,149.0,Paid,0
4639,1364,2,2026-09-30,149.0,Paid,0
4640,12,2,2026-09-30,149.0,Paid,0
4641,657,2,2026-09-30,149.0,Paid,0
4642,716,1,2026-09-30,49.0,Paid,0
4643,63,3,2026-09-30,499.0,Paid,0
4644,1338,2,2026-09-30,0.0,Failed,1
4645,39,2,2026-09-30,149.0,Paid,0
4646,561,1,2026-09-30,49.0,Paid,0
4647,849,2,2026-09-30,149.0,Paid,0
4648,1269,2,2026-09-30,0.0,Failed,0
4649,1406,1,2026-09-30,49.0,Paid,0
4650,189,2,2026-09-30,149.0,Paid,0
4651,1468,1,2026-09-30,49.0,Paid,0
4652,4,3,2026-09-30,499.0,Paid,0
4653,380,1,2026-09-30,49.0,Paid,0
4654,701,2,2026-09-30,149.0,Paid,0
4655,946,1,2026-09-30,0.0,Failed,1
4656,938,3,2026-09-30,499.0,Paid,0
4657,1205,2,2026-09-30,0.0,Failed,0
4658,172,3,2026-09-30,499.0,Paid,0
4659,6,2,2026-09-30,149.0,Paid,0
4660,1259,1,2026-09-30,49.0,Paid,0
4661,495,1,2026-09-30,49.0,Paid,0
4662,873,3,2026-09-30,499.0,Paid,0
4663,241,1,2026-09-30,0.0,Failed,0
4664,857,3,2026-09-30,0.0,Failed,0
4665,685,1,2026-09-30,0.0,Failed,1
4666,26,1,2026-09-30,49.0,Paid,0
4667,338,2,2026-09-30,149.0,Paid,0
4668,1006,2,2026-09-30,149.0,Paid,0
4669,1301,3,2026-09-30,0.0,Failed,1
4670,415,1,2026-09-30,0.0,Failed,1
4671,116,2,2026-09-30,149.0,Paid,0
4672,885,1,2026-09-30,0.0,Failed,0
4673,452,2,2026-09-30,0.0,Failed,1
4674,1181,1,2026-09-30,49.0,Paid,0
4675,245,2,2026-09-30,0.0,Failed,1
4676,883,2,2026-09-30,149.0,Paid,0
4677,1218,2,2026-09-30,149.0,Paid,0
4678,845,2,2026-09-30,0.0,Failed,0
4679,1126,2,2026-09-30,0.0,Failed,0
4680,305,1,2026-09-30,49.0,Paid,0
4681,38,2,2026-09-30,0.0,Failed,1
4682,637,2,2026-09-30,0.0,Failed,0
4683,1105,2,2026-09-30,149.0,Paid,0
4684,525,3,2026-09-30,0.0,Failed,1
4685,826,4,2026-09-30,0.0,Failed,1
4686,883,4,2026-09-30,0.0,Failed,0
4687,1029,1,2026-09-30,49.0,Paid,0
4688,26,3,2026-09-30,499.0,Paid,0
4689,1168,2,2026-09-30,149.0,Paid,0
4690,665,1,2026-09-30,49.0,Paid,0
4691,1210,4,2026-09-30,4990.0,Paid,0
4692,237,3,2026-09-30,499.0,Paid,0
4693,443,1,2026-09-30,49.0,Paid,0
4694,1489,2,2026-09-30,149.0,Paid,0
4695,671,1,2026-09-30,49.0,Paid,0
4696,568,1,2026-09-30,49.0,Paid,0
4697,1096,1,2026-09-30,49.0,Paid,0
4698,831,1,2026-09-30,49.0,Paid,0
4699,1313,1,2026-09-30,49.0,Paid,0
4700,861,3,2026-09-30,499.0,Paid,0
4701,1164,1,2026-09-30,49.0,Paid,0
4702,1360,3,2026-09-30,499.0,Paid,0
4703,1354,1,2026-09-30,0.0,Failed,0
4704,961,4,2026-09-30,4990.0,Paid,0
4705,457,1,2026-09-30,49.0,Paid,0
4706,747,1,2026-09-30,49.0,Paid,0
4707,1453,1,2026-09-30,49.0,Paid,0
4708,54,1,2026-09-30,0.0,Failed,1
4709,623,2,2026-09-30,149.0,Paid,0
4710,577,2,2026-09-30,149.0,Paid,0
4711,711,2,2026-09-30,149.0,Paid,0
4712,673,1,2026-09-30,49.0,Paid,0
4713,1263,1,2026-09-30,49.0,Paid,0
4714,1013,2,2026-09-30,149.0,Paid,0
4715,1441,2,2026-09-30,149.0,Paid,0
4716,1275,4,2026-09-30,4990.0,Paid,0
4717,889,3,2026-09-30,499.0,Paid,0
4718,44,2,2026-09-30,0.0,Failed,0
4719,103,2,2026-09-30,149.0,Paid,0
4720,597,1,2026-09-30,49.0,Paid,0
4721,879,3,2026-09-30,0.0,Failed,0
4722,797,1,2026-09-30,0.0,Failed,0
4723,1403,1,2026-09-30,49.0,Paid,0
4724,335,4,2026-09-30,0.0,Failed,0
4725,961,1,2026-09-30,49.0,Paid,0
4726,702,2,2026-09-30,149.0,Paid,0
4727,1136,1,2026-09-30,49.0,Paid,0
4728,523,2,2026-09-30,0.0,Failed,1
4729,1402,2,2026-09-30,149.0,Paid,0
4730,1438,2,2026-09-30,149.0,Paid,0
4731,14,1,2026-09-30,49.0,Paid,0
4732,405,1,2026-09-30,49.0,Paid,0
4733,1065,3,2026-09-30,499.0,Paid,0
4734,917,1,2026-09-30,0.0,Failed,1
4735,312,2,2026-09-30,149.0,Paid,0
4736,1298,3,2026-09-30,0.0,Failed,1
4737,206,2,2026-09-30,149.0,Paid,0
4738,1037,3,2026-09-30,499.0,Paid,0
4739,744,1,2026-09-30,49.0,Paid,0
4740,170,1,2026-09-30,0.0,Failed,1
4741,538,3,2026-09-30,499.0,Paid,0
4742,297,2,2026-09-30,0.0,Failed,0
4743,970,1,2026-09-30,49.0,Paid,0
4744,1183,1,2026-09-30,49.0,Paid,0
4745,866,2,2026-09-30,149.0,Paid,0
4746,1264,2,2026-09-30,149.0,Paid,0
4747,760,1,2026-09-30,49.0,Paid,0
4748,525,2,2026-09-30,149.0,Paid,0
4749,188,1,2026-09-30,49.0,Paid,0
4750,241,1,2026-09-30,49.0,Paid,0
4751,978,2,2026-09-30,149.0,Paid,0
4752,205,2,2026-09-30,149.0,Paid,0
4753,211,1,2026-09-30,49.0,Paid,0
4754,755,3,2026-09-30,499.0,Paid,0
4755,322,3,2026-09-30,499.0,Paid,0
4756,964,1,2026-09-30,49.0,Paid,0
4757,1249,2,2026-09-30,149.0,Paid,0
4758,948,1,2026-09-30,49.0,Paid,0
4759,655,1,2026-09-30,49.0,Paid,0
4760,302,1,2026-09-30,49.0,Paid,0
4761,1431,1,2026-09-30,49.0,Paid,0
4762,1166,1,2026-09-30,0.0,Failed,0
4763,886,1,2026-09-30,0.0,Failed,1
4764,14,2,2026-09-30,149.0,Paid,0
4765,766,1,2026-09-30,0.0,Failed,0
4766,1415,1,2026-09-30,49.0,Paid,0
4767,1476,2,2026-09-30,149.0,Paid,0
4768,1062,1,2026-09-30,49.0,Paid,0
4769,86,2,2026-09-30,149.0,Paid,0
4770,1064,1,2026-09-30,49.0,Paid,0
4771,712,2,2026-09-30,149.0,Paid,0
4772,1181,1,2026-09-30,0.0,Failed,1
4773,877,3,2026-09-30,499.0,Paid,0
4774,1291,2,2026-09-30,0.0,Failed,0
4775,780,1,2026-09-30,49.0,Paid,0
4776,753,1,2026-09-30,49.0,Paid,0
4777,1386,1,2026-09-30,49.0,Paid,0
4778,416,3,2026-09-30,499.0,Paid,0
4779,838,4,2026-09-30,4990.0,Paid,0
4780,42,1,2026-09-30,49.0,Paid,0
4781,406,3,2026-09-30,0.0,Failed,0
4782,441,3,2026-09-30,499.0,Paid,0
4783,585,3,2026-09-30,0.0,Failed,1
4784,692,3,2026-09-30,0.0,Failed,1
4785,999,1,2026-09-30,0.0,Failed,0
4786,1204,2,2026-09-30,149.0,Paid,0
4787,1076,1,2026-09-30,49.0,Paid,0
4788,509,2,2026-09-30,149.0,Paid,0
4789,361,2,2026-09-30,149.0,Paid,0
4790,1350,3,2026-09-30,0.0,Failed,0
4791,677,2,2026-09-30,149.0,Paid,0
4792,400,3,2026-09-30,0.0,Failed,0
4793,797,1,2026-09-30,49.0,Paid,0
4794,681,1,2026-09-30,49.0,Paid,0
4795,786,1,2026-09-30,49.0,Paid,0
4796,314,1,2026-09-30,49.0,Paid,0
4797,575,3,2026-09-30,499.0,Paid,0
4798,1386,1,2026-09-30,49.0,Paid,0
4799,1205,2,2026-09-30,0.0,Failed,1
4800,1061,1,2026-09-30,49.0,Paid,0
4801,1145,2,2026-09-30,0.0,Failed,1
4802,1493,2,2026-09-30,149.0,Paid,0
4803,1240,2,2026-09-30,149.0,Paid,0
4804,153,1,2026-09-30,0.0,Failed,0
4805,1084,1,2026-09-30,49.0,Paid,0
4806,1263,1,2026-09-30,0.0,Failed,1
4807,1193,2,2026-09-30,0.0,Failed,1
4808,1422,1,2026-09-30,49.0,Paid,0
4809,1436,2,2026-09-30,149.0,Paid,0
4810,118,1,2026-09-30,49.0,Paid,0
4811,1299,1,2026-09-30,0.0,Failed,1
4812,1334,4,2026-09-30,0.0,Failed,0
4813,648,2,2026-09-30,0.0,Failed,0
4814,151,1,2026-09-30,49.0,Paid,0
4815,345,2,2026-09-30,149.0,Paid,0
4816,1388,4,2026-09-30,0.0,Failed,0
4817,1076,1,2026-09-30,49.0,Paid,0
4818,943,1,2026-09-30,49.0,Paid,0
4819,419,2,2026-09-30,149.0,Paid,0
4820,501,3,2026-09-30,0.0,Failed,1
4821,1040,2,2026-09-30,149.0,Paid,0
4822,535,3,2026-09-30,499.0,Paid,0
4823,429,3,2026-09-30,0.0,Failed,1
4824,232,3,2026-09-30,499.0,Paid,0
4825,884,3,2026-09-30,0.0,Failed,0
4826,854,1,2026-09-30,49.0,Paid,0
4827,149,2,2026-09-30,149.0,Paid,0
4828,1401,3,2026-09-30,499.0,Paid,0
4829,624,1,2026-09-30,49.0,Paid,0
4830,1431,1,2026-09-30,0.0,Failed,1
4831,1000,1,2026-09-30,0.0,Failed,1
4832,536,1,2026-09-30,49.0,Paid,0
4833,1139,3,2026-09-30,499.0,Paid,0
4834,135,3,2026-09-30,0.0,Failed,1
4835,341,2,2026-09-30,149.0,Paid,0
4836,215,1,2026-09-30,0.0,Failed,1
4837,1417,2,2026-09-30,0.0,Failed,1
4838,118,1,2026-09-30,49.0,Paid,0
4839,219,1,2026-09-30,0.0,Failed,1
4840,918,3,2026-09-30,499.0,Paid,0
4841,632,1,2026-09-30,49.0,Paid,0
4842,288,2,2026-09-30,149.0,Paid,0
4843,1078,2,2026-09-30,149.0,Paid,0
4844,163,2,2026-09-30,149.0,Paid,0
4845,50,2,2026-09-30,149.0,Paid,0
4846,536,1,2026-09-30,49.0,Paid,0
4847,267,3,2026-09-30,499.0,Paid,0
4848,812,1,2026-09-30,49.0,Paid,0
4849,20,2,2026-09-30,149.0,Paid,0
4850,199,3,2026-09-30,499.0,Paid,0
4851,143,2,2026-09-30,149.0,Paid,0
4852,664,1,2026-09-30,0.0,Failed,0
4853,348,1,2026-09-30,49.0,Paid,0
4854,154,1,2026-09-30,0.0,Failed,0
4855,362,1,2026-09-30,49.0,Paid,0
4856,1223,1,2026-09-30,49.0,Paid,0
4857,568,1,2026-09-30,0.0,Failed,1
4858,1443,1,2026-09-30,0.0,Failed,1
4859,954,2,2026-09-30,0.0,Failed,1
4860,1296,2,2026-09-30,149.0,Paid,0
4861,100,2,2026-09-30,149.0,Paid,0
4862,889,2,2026-09-30,149.0,Paid,0
4863,1413,2,2026-09-30,149.0,Paid,0
4864,469,1,2026-09-30,49.0,Paid,0
4865,743,1,2026-09-30,0.0,Failed,0
4866,863,1,2026-09-30,49.0,Paid,0
4867,74,1,2026-09-30,49.0,Paid,0
4868,774,3,2026-09-30,0.0,Failed,1
4869,744,2,2026-09-30,149.0,Paid,0
4870,206,1,2026-09-30,49.0,Paid,0
4871,61,2,2026-09-30,0.0,Failed,1
4872,1202,3,2026-09-30,499.0,Paid,0
4873,601,4,2026-09-30,0.0,Failed,1
4874,1307,3,2026-09-30,499.0,Paid,0
4875,1162,2,2026-09-30,0.0,Failed,1
4876,490,1,2026-09-30,49.0,Paid,0
4877,456,3,2026-09-30,499.0,Paid,0
4878,1354,4,2026-09-30,4990.0,Paid,0
4879,985,1,2026-09-30,49.0,Paid,0
4880,1240,1,2026-09-30,49.0,Paid,0
4881,1033,1,2026-09-30,49.0,Paid,0
4882,57,3,2026-09-30,499.0,Paid,0
4883,209,1,2026-09-30,0.0,Failed,1
4884,90,1,2026-09-30,49.0,Paid,0
4885,882,2,2026-09-30,149.0,Paid,0
4886,549,1,2026-09-30,49.0,Paid,0
4887,37,1,2026-09-30,49.0,Paid,0
4888,1297,3,2026-09-30,499.0,Paid,0
4889,739,2,2026-09-30,149.0,Paid,0
4890,796,3,2026-09-30,499.0,Paid,0
4891,1317,1,2026-09-30,49.0,Paid,0
4892,1029,1,2026-09-30,49.0,Paid,0
4893,288,1,2026-09-30,49.0,Paid,0
4894,195,1,2026-09-30,49.0,Paid,0
4895,216,2,2026-09-30,149.0,Paid,0
4896,832,2,2026-09-30,149.0,Paid,0
4897,997,3,2026-09-30,499.0,Paid,0
4898,935,4,2026-09-30,4990.0,Paid,0
4899,1185,3,2026-09-30,0.0,Failed,0
4900,946,2,2026-09-30,149.0,Paid,0
4901,43,1,2026-09-30,49.0,Paid,0
4902,802,2,2026-09-30,149.0,Paid,0
4903,1380,2,2026-09-30,149.0,Paid,0
4904,402,2,2026-09-30,0.0,Failed,1
4905,1102,3,2026-09-30,0.0,Failed,0
4906,338,1,2026-09-30,49.0,Paid,0
4907,527,3,2026-09-30,0.0,Failed,1
4908,62,3,2026-09-30,0.0,Failed,0
4909,696,1,2026-09-30,0.0,Failed,1
4910,605,1,2026-09-30,49.0,Paid,0
4911,293,2,2026-09-30,0.0,Failed,1
4912,1193,3,2026-09-30,499.0,Paid,0
4913,691,1,2026-09-30,49.0,Paid,0
4914,745,2,2026-09-30,149.0,Paid,0
4915,32,4,2026-09-30,4990.0,Paid,0
4916,102,1,2026-09-30,49.0,Paid,0
4917,874,2,2026-09-30,149.0,Paid,0
4918,625,2,2026-09-30,149.0,Paid,0
4919,870,3,2026-09-30,499.0,Paid,0
4920,277,3,2026-09-30,499.0,Paid,0
4921,1216,1,2026-09-30,0.0,Failed,0
4922,78,4,2026-09-30,4990.0,Paid,0
4923,1159,2,2026-09-30,149.0,Paid,0
4924,535,1,2026-09-30,49.0,Paid,0
4925,541,2,2026-09-30,149.0,Paid,0
4926,906,1,2026-09-30,49.0,Paid,0
4927,857,1,2026-09-30,49.0,Paid,0
4928,231,2,2026-09-30,0.0,Failed,1
4929,356,1,2026-09-30,49.0,Paid,0
4930,662,3,2026-09-30,499.0,Paid,0
4931,1354,2,2026-09-30,149.0,Paid,0
4932,522,2,2026-09-30,0.0,Failed,1
4933,383,2,2026-09-30,149.0,Paid,0
4934,613,3,2026-09-30,0.0,Failed,1
4935,1391,1,2026-09-30,0.0,Failed,1
4936,920,2,2026-09-30,149.0,Paid,0
4937,1126,1,2026-09-30,49.0,Paid,0
4938,1134,1,2026-09-30,49.0,Paid,0
4939,1257,1,2026-09-30,0.0,Failed,0
4940,212,1,2026-09-30,49.0,Paid,0
4941,1199,2,2026-09-30,149.0,Paid,0
4942,889,4,2026-09-30,4990.0,Paid,0
4943,125,3,2026-09-30,0.0,Failed,1
4944,569,2,2026-09-30,0.0,Failed,1
4945,950,2,2026-09-30,149.0,Paid,0
4946,784,1,2026-09-30,49.0,Paid,0
4947,1137,1,2026-09-30,49.0,Paid,0
4948,119,2,2026-09-30,149.0,Paid,0
4949,1329,3,2026-09-30,499.0,Paid,0
4950,508,3,2026-09-30,499.0,Paid,0
4951,730,2,2026-09-30,149.0,Paid,0
4952,1189,2,2026-09-30,149.0,Paid,0
4953,1054,2,2026-09-30,149.0,Paid,0
4954,296,2,2026-09-30,149.0,Paid,0
4955,220,1,2026-09-30,49.0,Paid,0
4956,661,2,2026-09-30,149.0,Paid,0
4957,23,1,2026-09-30,0.0,Failed,1
4958,1156,1,2026-09-30,49.0,Paid,0
4959,1153,3,2026-09-30,499.0,Paid,0
4960,715,1,2026-09-30,49.0,Paid,0
4961,1239,3,2026-09-30,499.0,Paid,0
4962,694,1,2026-09-30,0.0,Failed,1
4963,31,2,2026-09-30,149.0,Paid,0
4964,109,1,2026-09-30,49.0,Paid,0
4965,39,1,2026-09-30,0.0,Failed,0
4966,951,3,2026-09-30,499.0,Paid,0
4967,1426,2,2026-09-30,149.0,Paid,0
4968,1192,3,2026-09-30,499.0,Paid,0
4969,36,1,2026-09-30,0.0,Failed,0
4970,1186,2,2026-09-30,149.0,Paid,0
4971,994,1,2026-09-30,49.0,Paid,0
4972,714,3,2026-09-30,499.0,Paid,0
4973,51,3,2026-09-30,499.0,Paid,0
4974,634,1,2026-09-30,0.0,Failed,0
4975,965,1,2026-09-30,49.0,Paid,0
4976,504,1,2026-09-30,49.0,Paid,0
4977,764,2,2026-09-30,0.0,Failed,0
4978,1228,3,2026-09-30,499.0,Paid,0
4979,1154,1,2026-09-30,0.0,Failed,1
4980,1467,2,2026-09-30,149.0,Paid,0
4981,542,3,2026-09-30,0.0,Failed,0
4982,391,2,2026-09-30,149.0,Paid,0
4983,1170,2,2026-09-30,149.0,Paid,0
4984,669,2,2026-09-30,149.0,Paid,0
4985,1400,3,2026-09-30,499.0,Paid,0
4986,544,1,2026-09-30,49.0,Paid,0
4987,632,1,2026-09-30,0.0,Failed,1
4988,1336,3,2026-09-30,499.0,Paid,0
4989,1183,3,2026-09-30,0.0,Failed,1
4990,1424,2,2026-09-30,0.0,Failed,1
4991,726,3,2026-09-30,499.0,Paid,0
4992,1195,1,2026-09-30,49.0,Paid,0
4993,328,2,2026-09-30,149.0,Paid,0
4994,487,2,2026-09-30,149.0,Paid,0
4995,905,1,2026-09-30,49.0,Paid,0
4996,948,1,2026-09-30,49.0,Paid,0
4997,138,1,2026-09-30,49.0,Paid,0
4998,1077,4,2026-09-30,4990.0,Paid,0
4999,589,1,2026-09-30,49.0,Paid,0
5000,1381,2,2026-09-30,149.0,Paid,0
5001,896,2,2026-09-30,149.0,Paid,0
5002,848,1,2026-09-30,49.0,Paid,0
5003,588,2,2026-09-30,149.0,Paid,0
5004,52,2,2026-09-30,149.0,Paid,0
5005,945,2,2026-09-30,149.0,Paid,0
5006,705,1,2026-09-30,49.0,Paid,0
5007,663,3,2026-09-30,0.0,Failed,0
5008,926,3,2026-09-30,499.0,Paid,0
5009,132,2,2026-09-30,0.0,Failed,1
5010,670,2,2026-09-30,0.0,Failed,1
5011,970,2,2026-09-30,149.0,Paid,0
5012,29,2,2026-09-30,149.0,Paid,0
5013,458,2,2026-09-30,149.0,Paid,0
5014,256,1,2026-09-30,49.0,Paid,0
5015,971,2,2026-09-30,149.0,Paid,0
5016,829,1,2026-09-30,0.0,Failed,1
5017,1085,4,2026-09-30,4990.0,Paid,0
5018,141,2,2026-09-30,149.0,Paid,0
5019,1375,1,2026-09-30,49.0,Paid,0
5020,824,3,2026-09-30,499.0,Paid,0
5021,1139,2,2026-09-30,149.0,Paid,0
5022,886,1,2026-09-30,49.0,Paid,0
5023,538,2,2026-09-30,149.0,Paid,0
5024,1117,2,2026-09-30,0.0,Failed,0
5025,161,1,2026-09-30,49.0,Paid,0
5026,1413,1,2026-09-30,49.0,Paid,0
5027,390,2,2026-09-30,149.0,Paid,0
5028,311,2,2026-09-30,149.0,Paid,0
5029,1066,2,2026-09-30,149.0,Paid,0
5030,626,1,2026-09-30,49.0,Paid,0
5031,7,3,2026-09-30,499.0,Paid,0
5032,568,2,2026-09-30,149.0,Paid,0
5033,823,1,2026-09-30,0.0,Failed,1
5034,379,2,2026-09-30,149.0,Paid,0
5035,1149,2,2026-09-30,0.0,Failed,1
5036,197,1,2026-09-30,49.0,Paid,0
5037,1492,2,2026-09-30,149.0,Paid,0
5038,1431,1,2026-09-30,0.0,Failed,0
5039,1144,1,2026-09-30,49.0,Paid,0
5040,746,1,2026-09-30,49.0,Paid,0
5041,1350,2,2026-09-30,149.0,Paid,0
5042,1410,2,2026-09-30,149.0,Paid,0
5043,70,3,2026-09-30,499.0,Paid,0
5044,410,1,2026-09-30,49.0,Paid,0
5045,836,1,2026-09-30,49.0,Paid,0
5046,501,2,2026-09-30,149.0,Paid,0
5047,1487,2,2026-09-30,0.0,Failed,1
5048,317,2,2026-09-30,149.0,Paid,0
5049,1225,4,2026-09-30,0.0,Failed,1
5050,1416,2,2026-09-30,149.0,Paid,0
5051,8,1,2026-09-30,49.0,Paid,0
5052,509,2,2026-09-30,0.0,Failed,1
5053,153,1,2026-09-30,49.0,Paid,0
5054,910,2,2026-09-30,149.0,Paid,0
5055,1233,2,2026-09-30,149.0,Paid,0
5056,1299,2,2026-09-30,149.0,Paid,0
5057,1140,3,2026-09-30,499.0,Paid,0
5058,918,2,2026-09-30,149.0,Paid,0
5059,561,2,2026-09-30,149.0,Paid,0
5060,512,2,2026-09-30,149.0,Paid,0
5061,864,2,2026-09-30,149.0,Paid,0
5062,498,3,2026-09-30,499.0,Paid,0
5063,88,2,2026-09-30,149.0,Paid,0
5064,1048,2,2026-09-30,149.0,Paid,0
5065,698,2,2026-09-30,149.0,Paid,0
5066,474,4,2026-09-30,0.0,Failed,1
5067,61,1,2026-09-30,49.0,Paid,0
5068,790,2,2026-09-30,149.0,Paid,0
5069,568,2,2026-09-30,149.0,Paid,0
5070,309,2,2026-09-30,149.0,Paid,0
5071,523,1,2026-09-30,49.0,Paid,0
5072,325,1,2026-09-30,49.0,Paid,0
5073,860,1,2026-09-30,0.0,Failed,1
5074,676,2,2026-09-30,149.0,Paid,0
5075,919,2,2026-09-30,0.0,Failed,0
5076,983,3,2026-09-30,499.0,Paid,0
5077,926,2,2026-09-30,0.0,Failed,1
5078,852,4,2026-09-30,4990.0,Paid,0
5079,1252,3,2026-09-30,499.0,Paid,0
5080,1312,1,2026-09-30,49.0,Paid,0
5081,835,2,2026-09-30,149.0,Paid,0
5082,874,1,2026-09-30,0.0,Failed,1
5083,1430,2,2026-09-30,149.0,Paid,0
5084,1320,1,2026-09-30,0.0,Failed,1
5085,1451,1,2026-09-30,49.0,Paid,0
5086,975,2,2026-09-30,149.0,Paid,0
5087,853,3,2026-09-30,499.0,Paid,0
5088,725,1,2026-09-30,0.0,Failed,1
5089,1464,2,2026-09-30,149.0,Paid,0
5090,1153,1,2026-09-30,49.0,Paid,0
5091,695,2,2026-09-30,0.0,Failed,1
5092,1395,3,2026-09-30,499.0,Paid,0
5093,901,1,2026-09-30,49.0,Paid,0
5094,390,3,2026-09-30,0.0,Failed,1
5095,268,1,2026-09-30,49.0,Paid,0
5096,9,1,2026-09-30,0.0,Failed,1
5097,128,1,2026-09-30,0.0,Failed,0
5098,355,2,2026-09-30,149.0,Paid,0
5099,816,3,2026-09-30,499.0,Paid,0
5100,480,2,2026-09-30,0.0,Failed,1
5101,332,2,2026-09-30,149.0,Paid,0
5102,457,3,2026-09-30,499.0,Paid,0
5103,623,1,2026-09-30,49.0,Paid,0
5104,185,2,2026-09-30,0.0,Failed,0
5105,1125,3,2026-09-30,0.0,Failed,1
5106,247,1,2026-09-30,0.0,Failed,0
5107,209,2,2026-09-30,0.0,Failed,0
5108,7,3,2026-09-30,499.0,Paid,0
5109,1280,3,2026-09-30,499.0,Paid,0
5110,482,1,2026-09-30,49.0,Paid,0
5111,67,1,2026-09-30,0.0,Failed,0
5112,1205,1,2026-09-30,49.0,Paid,0
5113,88,1,2026-09-30,0.0,Failed,1
5114,747,1,2026-09-30,0.0,Failed,1
5115,775,1,2026-09-30,49.0,Paid,0
5116,1138,1,2026-09-30,49.0,Paid,0
5117,1404,3,2026-09-30,0.0,Failed,0
5118,7,3,2026-09-30,0.0,Failed,1
5119,691,4,2026-09-30,0.0,Failed,1
5120,1469,2,2026-09-30,149.0,Paid,0
5121,238,1,2026-09-30,0.0,Failed,1
5122,59,2,2026-09-30,0.0,Failed,0
5123,836,3,2026-09-30,499.0,Paid,0
5124,1352,1,2026-09-30,49.0,Paid,0
5125,903,1,2026-09-30,49.0,Paid,0
5126,1420,1,2026-09-30,49.0,Paid,0
5127,1421,1,2026-09-30,0.0,Failed,0
5128,188,2,2026-09-30,149.0,Paid,0
5129,437,1,2026-09-30,0.0,Failed,0
5130,925,1,2026-09-30,49.0,Paid,0
5131,742,1,2026-09-30,49.0,Paid,0
5132,788,2,2026-09-30,149.0,Paid,0
5133,370,2,2026-09-30,149.0,Paid,0
5134,399,1,2026-09-30,49.0,Paid,0
5135,1290,1,2026-09-30,0.0,Failed,1
5136,773,2,2026-09-30,149.0,Paid,0
5137,1053,2,2026-09-30,149.0,Paid,0
5138,1060,2,2026-09-30,149.0,Paid,0
5139,222,1,2026-09-30,49.0,Paid,0
5140,396,2,2026-09-30,149.0,Paid,0
5141,627,2,2026-09-30,149.0,Paid,0
5142,684,1,2026-09-30,0.0,Failed,1
5143,1155,3,2026-09-30,0.0,Failed,0
5144,338,1,2026-09-30,49.0,Paid,0
5145,46,2,2026-09-30,149.0,Paid,0
5146,603,1,2026-09-30,49.0,Paid,0
5147,1406,1,2026-09-30,49.0,Paid,0
5148,563,4,2026-09-30,4990.0,Paid,0
5149,677,3,2026-09-30,499.0,Paid,0
5150,84,2,2026-09-30,149.0,Paid,0
5151,822,1,2026-09-30,0.0,Failed,1
5152,512,1,2026-09-30,49.0,Paid,0
5153,859,1,2026-09-30,49.0,Paid,0
5154,906,2,2026-09-30,149.0,Paid,0
5155,224,4,2026-09-30,4990.0,Paid,0
5156,584,1,2026-09-30,0.0,Failed,1
5157,990,4,2026-09-30,0.0,Failed,0
5158,1188,2,2026-09-30,149.0,Paid,0
5159,264,2,2026-09-30,149.0,Paid,0
5160,556,3,2026-09-30,0.0,Failed,1
5161,959,1,2026-09-30,0.0,Failed,1
5162,673,3,2026-09-30,499.0,Paid,0
5163,271,1,2026-09-30,49.0,Paid,0
5164,686,1,2026-09-30,49.0,Paid,0
5165,335,2,2026-09-30,149.0,Paid,0
5166,611,1,2026-09-30,49.0,Paid,0
5167,773,3,2026-09-30,0.0,Failed,1
5168,572,4,2026-09-30,4990.0,Paid,0
5169,1383,1,2026-09-30,0.0,Failed,1
5170,1119,2,2026-09-30,0.0,Failed,0
5171,17,2,2026-09-30,0.0,Failed,1
5172,476,2,2026-09-30,149.0,Paid,0
5173,609,1,2026-09-30,49.0,Paid,0
5174,663,2,2026-09-30,149.0,Paid,0
5175,1250,1,2026-09-30,49.0,Paid,0
5176,597,1,2026-09-30,49.0,Paid,0
5177,382,2,2026-09-30,0.0,Failed,1
5178,615,1,2026-09-30,49.0,Paid,0
5179,984,2,2026-09-30,149.0,Paid,0
5180,125,2,2026-09-30,149.0,Paid,0
5181,943,3,2026-09-30,499.0,Paid,0
5182,1126,2,2026-09-30,149.0,Paid,0
5183,935,1,2026-09-30,49.0,Paid,0
5184,1257,1,2026-09-30,49.0,Paid,0
5185,518,1,2026-09-30,49.0,Paid,0
5186,490,2,2026-09-30,149.0,Paid,0
5187,1145,3,2026-09-30,499.0,Paid,0
5188,468,1,2026-09-30,49.0,Paid,0
5189,1385,3,2026-09-30,499.0,Paid,0
5190,1096,2,2026-09-30,0.0,Failed,1
5191,1474,2,2026-09-30,149.0,Paid,0
5192,218,1,2026-09-30,49.0,Paid,0
5193,1231,2,2026-09-30,149.0,Paid,0
5194,807,4,2026-09-30,0.0,Failed,0
5195,980,2,2026-09-30,149.0,Paid,0
5196,1386,3,2026-09-30,499.0,Paid,0
5197,189,3,2026-09-30,0.0,Failed,0
5198,138,2,2026-09-30,149.0,Paid,0
5199,833,2,2026-09-30,0.0,Failed,0
5200,1081,2,2026-09-30,0.0,Failed,0
5201,464,3,2026-09-30,0.0,Failed,1
5202,1094,1,2026-09-30,49.0,Paid,0
5203,406,1,2026-09-30,0.0,Failed,1
5204,1403,3,2026-09-30,0.0,Failed,1
5205,1250,1,2026-09-30,0.0,Failed,1
5206,567,2,2026-09-30,0.0,Failed,1
5207,641,1,2026-09-30,49.0,Paid,0
5208,551,4,2026-09-30,4990.0,Paid,0
5209,526,4,2026-09-30,4990.0,Paid,0
5210,589,1,2026-09-30,49.0,Paid,0
5211,1337,2,2026-09-30,149.0,Paid,0
5212,100,3,2026-09-30,499.0,Paid,0
5213,157,2,2026-09-30,149.0,Paid,0
5214,522,3,2026-09-30,499.0,Paid,0
5215,1091,1,2026-09-30,49.0,Paid,0
5216,1381,2,2026-09-30,149.0,Paid,0
5217,728,1,2026-09-30,0.0,Failed,1
5218,592,2,2026-09-30,0.0,Failed,1
5219,1268,2,2026-09-30,149.0,Paid,0
5220,79,3,2026-09-30,499.0,Paid,0
5221,448,1,2026-09-30,49.0,Paid,0
5222,273,3,2026-09-30,499.0,Paid,0
5223,558,3,2026-09-30,499.0,Paid,0
5224,642,2,2026-09-30,149.0,Paid,0
5225,1053,2,2026-09-30,149.0,Paid,0
5226,947,2,2026-09-30,0.0,Failed,0
5227,191,2,2026-09-30,149.0,Paid,0
5228,984,2,2026-09-30,149.0,Paid,0
5229,495,1,2026-09-30,49.0,Paid,0
5230,893,3,2026-09-30,499.0,Paid,0
5231,317,1,2026-09-30,49.0,Paid,0
5232,526,3,2026-09-30,0.0,Failed,1
5233,775,1,2026-09-30,49.0,Paid,0
5234,1179,3,2026-09-30,499.0,Paid,0
5235,109,2,2026-09-30,149.0,Paid,0
5236,134,1,2026-09-30,49.0,Paid,0
5237,1095,1,2026-09-30,0.0,Failed,0
5238,1369,1,2026-09-30,0.0,Failed,1
5239,288,1,2026-09-30,0.0,Failed,1
5240,742,1,2026-09-30,49.0,Paid,0
5241,262,3,2026-09-30,499.0,Paid,0
5242,452,3,2026-09-30,499.0,Paid,0
5243,843,2,2026-09-30,149.0,Paid,0
5244,893,1,2026-09-30,49.0,Paid,0
5245,156,3,2026-09-30,499.0,Paid,0
5246,1445,4,2026-09-30,4990.0,Paid,0
5247,615,2,2026-09-30,149.0,Paid,0
5248,435,1,2026-09-30,49.0,Paid,0
5249,369,1,2026-09-30,0.0,Failed,1
5250,1092,2,2026-09-30,0.0,Failed,0
5251,1325,1,2026-09-30,49.0,Paid,0
5252,509,3,2026-09-30,499.0,Paid,0
5253,1458,2,2026-09-30,149.0,Paid,0
5254,150,1,2026-09-30,49.0,Paid,0
5255,89,2,2026-09-30,149.0,Paid,0
5256,1267,1,2026-09-30,49.0,Paid,0
5257,38,1,2026-09-30,49.0,Paid,0
5258,1372,1,2026-09-30,49.0,Paid,0
5259,1376,3,2026-09-30,499.0,Paid,0
5260,856,2,2026-09-30,149.0,Paid,0
5261,269,1,2026-09-30,49.0,Paid,0
5262,1356,2,2026-09-30,0.0,Failed,1
5263,1279,3,2026-09-30,499.0,Paid,0
5264,1213,2,2026-09-30,0.0,Failed,1
5265,489,3,2026-09-30,499.0,Paid,0
5266,244,1,2026-09-30,49.0,Paid,0
5267,776,1,2026-09-30,49.0,Paid,0
5268,556,3,2026-09-30,499.0,Paid,0
5269,1121,1,2026-09-30,49.0,Paid,0
5270,521,2,2026-09-30,149.0,Paid,0
5271,1197,4,2026-09-30,4990.0,Paid,0
5272,221,2,2026-09-30,149.0,Paid,0
5273,968,2,2026-09-30,149.0,Paid,0
5274,31,3,2026-09-30,499.0,Paid,0
5275,1402,1,2026-09-30,49.0,Paid,0
5276,78,1,2026-09-30,49.0,Paid,0
5277,1299,2,2026-09-30,149.0,Paid,0
5278,382,2,2026-09-30,149.0,Paid,0
5279,796,1,2026-09-30,49.0,Paid,0
5280,1396,1,2026-09-30,49.0,Paid,0
5281,1448,1,2026-09-30,0.0,Failed,0
5282,1035,1,2026-09-30,0.0,Failed,1
5283,707,2,2026-09-30,0.0,Failed,1
5284,450,3,2026-09-30,499.0,Paid,0
5285,1218,1,2026-09-30,49.0,Paid,0
5286,426,1,2026-09-30,49.0,Paid,0
5287,163,4,2026-09-30,4990.0,Paid,0
5288,912,2,2026-09-30,149.0,Paid,0
5289,1085,3,2026-09-30,499.0,Paid,0
5290,1391,3,2026-09-30,499.0,Paid,0
5291,988,1,2026-09-30,49.0,Paid,0
5292,1237,2,2026-09-30,149.0,Paid,0
5293,25,2,2026-09-30,149.0,Paid,0
5294,1149,2,2026-09-30,0.0,Failed,0
5295,1293,2,2026-09-30,149.0,Paid,0
5296,828,3,2026-09-30,499.0,Paid,0
5297,924,3,2026-09-30,499.0,Paid,0
5298,860,1,2026-09-30,49.0,Paid,0
5299,1391,2,2026-09-30,0.0,Failed,1
5300,429,3,2026-09-30,0.0,Failed,1
5301,1095,3,2026-09-30,0.0,Failed,1
5302,926,3,2026-09-30,499.0,Paid,0
5303,1188,2,2026-09-30,149.0,Paid,0
5304,1361,1,2026-09-30,0.0,Failed,1
5305,1358,3,2026-09-30,499.0,Paid,0
5306,517,2,2026-09-30,149.0,Paid,0
5307,948,4,2026-09-30,4990.0,Paid,0
5308,1190,1,2026-09-30,0.0,Failed,0
5309,1092,1,2026-09-30,0.0,Failed,1
5310,344,1,2026-09-30,49.0,Paid,0
5311,1289,3,2026-09-30,499.0,Paid,0
5312,27,2,2026-09-30,149.0,Paid,0
5313,1302,1,2026-09-30,0.0,Failed,1
5314,1109,2,2026-09-30,149.0,Paid,0
5315,248,1,2026-09-30,49.0,Paid,0
5316,402,3,2026-09-30,0.0,Failed,0
5317,1251,2,2026-09-30,149.0,Paid,0
5318,809,2,2026-09-30,149.0,Paid,0
5319,257,3,2026-09-30,499.0,Paid,0
5320,1308,3,2026-09-30,0.0,Failed,1
5321,861,1,2026-09-30,49.0,Paid,0
5322,60,2,2026-09-30,149.0,Paid,0
5323,710,1,2026-09-30,49.0,Paid,0
5324,861,1,2026-09-30,49.0,Paid,0
5325,1114,1,2026-09-30,49.0,Paid,0
5326,24,2,2026-09-30,149.0,Paid,0
5327,792,1,2026-09-30,49.0,Paid,0
5328,366,1,2026-09-30,49.0,Paid,0
5329,1165,3,2026-09-30,499.0,Paid,0
5330,1009,1,2026-09-30,0.0,Failed,0
5331,1457,2,2026-09-30,149.0,Paid,0
5332,78,2,2026-09-30,149.0,Paid,0
5333,608,1,2026-09-30,49.0,Paid,0
5334,198,1,2026-09-30,49.0,Paid,0
5335,435,1,2026-09-30,49.0,Paid,0
5336,783,3,2026-09-30,499.0,Paid,0
5337,576,2,2026-09-30,149.0,Paid,0
5338,780,1,2026-09-30,0.0,Failed,1
5339,931,4,2026-09-30,4990.0,Paid,0
5340,1007,3,2026-09-30,499.0,Paid,0
5341,149,1,2026-09-30,49.0,Paid,0
5342,81,1,2026-09-30,49.0,Paid,0
5343,1246,1,2026-09-30,49.0,Paid,0
5344,965,2,2026-09-30,149.0,Paid,0
5345,1488,1,2026-09-30,49.0,Paid,0
5346,935,1,2026-09-30,49.0,Paid,0
5347,801,1,2026-09-30,0.0,Failed,0
5348,1105,2,2026-09-30,0.0,Failed,0
5349,922,2,2026-09-30,149.0,Paid,0
5350,1499,1,2026-09-30,0.0,Failed,0
5351,656,2,2026-09-30,149.0,Paid,0
5352,1002,3,2026-09-30,499.0,Paid,0
5353,43,3,2026-09-30,499.0,Paid,0
5354,990,2,2026-09-30,0.0,Failed,1
5355,445,3,2026-09-30,499.0,Paid,0
5356,592,1,2026-09-30,49.0,Paid,0
5357,397,1,2026-09-30,49.0,Paid,0
5358,51,1,2026-09-30,49.0,Paid,0
5359,54,3,2026-09-30,499.0,Paid,0
5360,5,1,2026-09-30,0.0,Failed,0
5361,960,1,2026-09-30,49.0,Paid,0
5362,915,1,2026-09-30,0.0,Failed,0
5363,1457,1,2026-09-30,0.0,Failed,1
5364,286,1,2026-09-30,49.0,Paid,0
5365,965,3,2026-09-30,499.0,Paid,0
5366,1300,1,2026-09-30,49.0,Paid,0
5367,715,2,2026-09-30,149.0,Paid,0
5368,973,3,2026-09-30,499.0,Paid,0
5369,796,4,2026-09-30,4990.0,Paid,0
5370,60,2,2026-09-30,149.0,Paid,0
5371,529,2,2026-09-30,149.0,Paid,0
5372,1097,3,2026-09-30,0.0,Failed,0
5373,162,1,2026-09-30,49.0,Paid,0
5374,1029,1,2026-09-30,49.0,Paid,0
5375,1438,3,2026-09-30,499.0,Paid,0
5376,815,4,2026-09-30,0.0,Failed,0
5377,260,1,2026-09-30,49.0,Paid,0
5378,912,1,2026-09-30,0.0,Failed,1
5379,2,2,2026-09-30,149.0,Paid,0
5380,1351,3,2026-09-30,0.0,Failed,0
5381,478,3,2026-09-30,499.0,Paid,0
5382,175,1,2026-09-30,0.0,Failed,1
5383,1339,2,2026-09-30,149.0,Paid,0
5384,26,2,2026-09-30,149.0,Paid,0
5385,809,2,2026-09-30,0.0,Failed,1
5386,630,1,2026-09-30,0.0,Failed,0
5387,717,3,2026-09-30,499.0,Paid,0
5388,876,2,2026-09-30,149.0,Paid,0
5389,393,2,2026-09-30,149.0,Paid,0
5390,381,1,2026-09-30,49.0,Paid,0
5391,941,2,2026-09-30,0.0,Failed,1
5392,1167,2,2026-09-30,0.0,Failed,0
5393,453,2,2026-09-30,149.0,Paid,0
5394,182,1,2026-09-30,0.0,Failed,1
5395,1486,1,2026-09-30,49.0,Paid,0
5396,1345,2,2026-09-30,149.0,Paid,0
5397,205,1,2026-09-30,49.0,Paid,0
5398,1260,1,2026-09-30,49.0,Paid,0
5399,1391,2,2026-09-30,149.0,Paid,0
5400,720,2,2026-09-30,149.0,Paid,0
5401,1272,2,2026-09-30,0.0,Failed,0
5402,1293,2,2026-09-30,149.0,Paid,0
5403,458,1,2026-09-30,49.0,Paid,0
5404,999,3,2026-09-30,499.0,Paid,0
5405,690,2,2026-09-30,0.0,Failed,1
5406,188,1,2026-09-30,49.0,Paid,0
5407,1407,2,2026-09-30,149.0,Paid,0
5408,472,3,2026-09-30,499.0,Paid,0
5409,188,1,2026-09-30,49.0,Paid,0
5410,890,1,2026-09-30,49.0,Paid,0
5411,658,2,2026-09-30,0.0,Failed,1
5412,1356,3,2026-09-30,499.0,Paid,0
5413,55,4,2026-09-30,4990.0,Paid,0
5414,720,3,2026-09-30,499.0,Paid,0
5415,539,3,2026-09-30,499.0,Paid,0
5416,1163,1,2026-09-30,49.0,Paid,0
5417,659,2,2026-09-30,149.0,Paid,0
5418,1419,4,2026-09-30,0.0,Failed,1
5419,1289,3,2026-09-30,499.0,Paid,0
5420,583,2,2026-09-30,149.0,Paid,0
5421,1437,1,2026-09-30,0.0,Failed,1
5422,296,1,2026-09-30,0.0,Failed,0
5423,495,1,2026-09-30,0.0,Failed,1
5424,618,1,2026-09-30,49.0,Paid,0
5425,287,1,2026-09-30,49.0,Paid,0
5426,1494,1,2026-09-30,0.0,Failed,1
5427,1473,3,2026-09-30,499.0,Paid,0
5428,1196,3,2026-09-30,499.0,Paid,0
5429,862,2,2026-09-30,149.0,Paid,0
5430,1140,1,2026-09-30,49.0,Paid,0
5431,1078,3,2026-09-30,0.0,Failed,1
5432,977,3,2026-09-30,499.0,Paid,0
5433,210,3,2026-09-30,499.0,Paid,0
5434,692,2,2026-09-30,149.0,Paid,0
5435,1373,3,2026-09-30,0.0,Failed,1
5436,825,1,2026-09-30,49.0,Paid,0
5437,525,3,2026-09-30,0.0,Failed,0
5438,517,1,2026-09-30,0.0,Failed,1
5439,1465,1,2026-09-30,49.0,Paid,0
5440,622,2,2026-09-30,0.0,Failed,1
5441,679,3,2026-09-30,499.0,Paid,0
5442,845,2,2026-09-30,149.0,Paid,0
5443,977,1,2026-09-30,0.0,Failed,1
5444,761,2,2026-09-30,149.0,Paid,0
5445,1289,2,2026-09-30,149.0,Paid,0
5446,534,2,2026-09-30,149.0,Paid,0
5447,1458,2,2026-09-30,149.0,Paid,0
5448,15,2,2026-09-30,149.0,Paid,0
5449,901,1,2026-09-30,49.0,Paid,0
5450,1453,2,2026-09-30,149.0,Paid,0
5451,993,2,2026-09-30,149.0,Paid,0
5452,1096,2,2026-09-30,149.0,Paid,0
5453,236,1,2026-09-30,49.0,Paid,0
5454,244,1,2026-09-30,0.0,Failed,1
5455,1098,3,2026-09-30,499.0,Paid,0
5456,718,2,2026-09-30,149.0,Paid,0
5457,1305,3,2026-09-30,499.0,Paid,0
5458,525,1,2026-09-30,49.0,Paid,0
5459,1109,2,2026-09-30,0.0,Failed,0
5460,1359,1,2026-09-30,49.0,Paid,0
5461,509,1,2026-09-30,0.0,Failed,1
5462,723,1,2026-09-30,49.0,Paid,0
5463,537,1,2026-09-30,49.0,Paid,0
5464,67,2,2026-09-30,149.0,Paid,0
5465,1380,3,2026-09-30,499.0,Paid,0
5466,1164,2,2026-09-30,149.0,Paid,0
5467,1289,1,2026-09-30,49.0,Paid,0
5468,642,2,2026-09-30,149.0,Paid,0
5469,1147,4,2026-09-30,4990.0,Paid,0
5470,1381,1,2026-09-30,0.0,Failed,1
5471,278,3,2026-09-30,0.0,Failed,0
5472,659,1,2026-09-30,49.0,Paid,0
5473,399,3,2026-09-30,499.0,Paid,0
5474,1210,1,2026-09-30,0.0,Failed,1
5475,999,2,2026-09-30,149.0,Paid,0
5476,29,3,2026-09-30,499.0,Paid,0
5477,1346,1,2026-09-30,49.0,Paid,0
5478,342,2,2026-09-30,149.0,Paid,0
5479,825,1,2026-09-30,49.0,Paid,0
5480,1240,2,2026-09-30,0.0,Failed,1
5481,606,1,2026-09-30,49.0,Paid,0
5482,952,2,2026-09-30,149.0,Paid,0
5483,260,3,2026-09-30,499.0,Paid,0
5484,1137,2,2026-09-30,149.0,Paid,0
5485,1075,1,2026-09-30,49.0,Paid,0
5486,488,2,2026-09-30,0.0,Failed,1
5487,366,4,2026-09-30,4990.0,Paid,0
5488,28,2,2026-09-30,149.0,Paid,0
5489,1188,2,2026-09-30,149.0,Paid,0
5490,1077,3,2026-09-30,499.0,Paid,0
5491,15,2,2026-09-30,149.0,Paid,0
5492,1,1,2026-09-30,49.0,Paid,0
5493,935,2,2026-09-30,0.0,Failed,0
5494,982,2,2026-09-30,149.0,Paid,0
5495,105,3,2026-09-30,499.0,Paid,0
5496,21,2,2026-09-30,149.0,Paid,0
5497,1111,1,2026-09-30,0.0,Failed,1
5498,349,3,2026-09-30,499.0,Paid,0
5499,1450,2,2026-09-30,0.0,Failed,0
5500,802,1,2026-09-30,49.0,Paid,0
5501,552,1,2026-09-30,49.0,Paid,0
5502,1185,4,2026-09-30,4990.0,Paid,0
5503,913,1,2026-09-30,49.0,Paid,0
5504,931,2,2026-09-30,149.0,Paid,0
5505,1423,2,2026-09-30,149.0,Paid,0
5506,1357,2,2026-09-30,149.0,Paid,0
5507,681,2,2026-09-30,149.0,Paid,0
5508,628,2,2026-09-30,0.0,Failed,1
5509,1194,3,2026-09-30,0.0,Failed,0
5510,552,2,2026-09-30,149.0,Paid,0
5511,1248,1,2026-09-30,49.0,Paid,0
5512,471,3,2026-09-30,499.0,Paid,0
5513,744,3,2026-09-30,499.0,Paid,0
5514,933,3,2026-09-30,499.0,Paid,0
5515,1056,2,2026-09-30,149.0,Paid,0
5516,820,2,2026-09-30,149.0,Paid,0
5517,891,1,2026-09-30,49.0,Paid,0
5518,718,1,2026-09-30,0.0,Failed,1
5519,38,2,2026-09-30,149.0,Paid,0
5520,1203,2,2026-09-30,149.0,Paid,0
5521,1474,2,2026-09-30,149.0,Paid,0
5522,1386,3,2026-09-30,499.0,Paid,0
5523,133,2,2026-09-30,149.0,Paid,0
5524,1285,2,2026-09-30,149.0,Paid,0
5525,384,2,2026-09-30,149.0,Paid,0
5526,563,1,2026-09-30,49.0,Paid,0
5527,1109,1,2026-09-30,49.0,Paid,0
5528,1152,4,2026-09-30,4990.0,Paid,0
5529,970,2,2026-09-30,149.0,Paid,0
5530,691,3,2026-09-30,499.0,Paid,0
5531,1098,2,2026-09-30,149.0,Paid,0
5532,1202,1,2026-09-30,49.0,Paid,0
5533,1181,3,2026-09-30,0.0,Failed,1
5534,1059,4,2026-09-30,4990.0,Paid,0
5535,1107,3,2026-09-30,0.0,Failed,0
5536,44,3,2026-09-30,499.0,Paid,0
5537,729,2,2026-09-30,149.0,Paid,0
5538,165,2,2026-09-30,0.0,Failed,1
5539,431,4,2026-09-30,4990.0,Paid,0
5540,915,1,2026-09-30,49.0,Paid,0
5541,1347,3,2026-09-30,499.0,Paid,0
5542,677,1,2026-09-30,49.0,Paid,0
5543,1304,2,2026-09-30,149.0,Paid,0
5544,1439,2,2026-09-30,149.0,Paid,0
5545,870,3,2026-09-30,499.0,Paid,0
5546,3,1,2026-09-30,49.0,Paid,0
5547,262,3,2026-09-30,0.0,Failed,0
5548,560,2,2026-09-30,149.0,Paid,0
5549,1272,2,2026-09-30,149.0,Paid,0
5550,991,2,2026-09-30,149.0,Paid,0
5551,278,4,2026-09-30,4990.0,Paid,0
5552,238,2,2026-09-30,149.0,Paid,0
5553,806,3,2026-09-30,0.0,Failed,0
5554,632,2,2026-09-30,0.0,Failed,1
5555,737,3,2026-09-30,0.0,Failed,0
5556,327,3,2026-09-30,0.0,Failed,1
5557,939,1,2026-09-30,49.0,Paid,0
5558,1406,2,2026-09-30,149.0,Paid,0
5559,901,1,2026-09-30,49.0,Paid,0
5560,1266,1,2026-09-30,49.0,Paid,0
5561,76,2,2026-09-30,0.0,Failed,1
5562,1313,2,2026-09-30,149.0,Paid,0
5563,1035,1,2026-09-30,49.0,Paid,0
5564,276,1,2026-09-30,49.0,Paid,0
5565,322,1,2026-09-30,49.0,Paid,0
5566,1155,2,2026-09-30,149.0,Paid,0
5567,936,1,2026-09-30,0.0,Failed,0
5568,1337,3,2026-09-30,0.0,Failed,1
5569,921,1,2026-09-30,49.0,Paid,0
5570,711,1,2026-09-30,0.0,Failed,1
5571,787,3,2026-09-30,499.0,Paid,0
5572,51,2,2026-09-30,0.0,Failed,0
5573,548,4,2026-09-30,0.0,Failed,1
5574,1348,2,2026-09-30,0.0,Failed,1
5575,93,1,2026-09-30,49.0,Paid,0
5576,704,1,2026-09-30,0.0,Failed,0
5577,698,3,2026-09-30,499.0,Paid,0
5578,586,2,2026-09-30,149.0,Paid,0
5579,280,2,2026-09-30,149.0,Paid,0
5580,590,2,2026-09-30,149.0,Paid,0
5581,243,2,2026-09-30,149.0,Paid,0
5582,762,1,2026-09-30,0.0,Failed,1
5583,402,2,2026-09-30,0.0,Failed,0
5584,686,2,2026-09-30,149.0,Paid,0
5585,1071,1,2026-09-30,0.0,Failed,0
5586,406,2,2026-09-30,0.0,Failed,0
5587,746,2,2026-09-30,149.0,Paid,0
5588,668,2,2026-09-30,149.0,Paid,0
5589,365,2,2026-09-30,149.0,Paid,0
5590,1363,1,2026-09-30,49.0,Paid,0
5591,592,1,2026-09-30,0.0,Failed,0
5592,947,2,2026-09-30,149.0,Paid,0
5593,1065,1,2026-09-30,49.0,Paid,0
5594,1462,2,2026-09-30,0.0,Failed,0
5595,944,1,2026-09-30,49.0,Paid,0
5596,777,1,2026-09-30,49.0,Paid,0
5597,1118,2,2026-09-30,149.0,Paid,0
5598,1215,2,2026-09-30,149.0,Paid,0
5599,899,1,2026-09-30,49.0,Paid,0
5600,458,2,2026-09-30,149.0,Paid,0
5601,964,1,2026-09-30,49.0,Paid,0
5602,1303,1,2026-09-30,0.0,Failed,1
5603,1059,2,2026-09-30,149.0,Paid,0
5604,1465,2,2026-09-30,149.0,Paid,0
5605,801,2,2026-09-30,149.0,Paid,0
5606,1435,3,2026-09-30,0.0,Failed,0
5607,785,1,2026-09-30,49.0,Paid,0
5608,1073,2,2026-09-30,149.0,Paid,0
5609,388,1,2026-09-30,0.0,Failed,0
5610,333,2,2026-09-30,0.0,Failed,0
5611,75,2,2026-09-30,149.0,Paid,0
5612,658,1,2026-09-30,49.0,Paid,0
5613,275,4,2026-09-30,4990.0,Paid,0
5614,759,1,2026-09-30,0.0,Failed,1
5615,287,3,2026-09-30,499.0,Paid,0
5616,689,2,2026-09-30,0.0,Failed,1
5617,658,1,2026-09-30,49.0,Paid,0
5618,1312,1,2026-09-30,49.0,Paid,0
5619,466,1,2026-09-30,49.0,Paid,0
5620,924,3,2026-09-30,499.0,Paid,0
5621,1066,2,2026-09-30,149.0,Paid,0
5622,714,2,2026-09-30,149.0,Paid,0
5623,224,1,2026-09-30,49.0,Paid,0
5624,536,1,2026-09-30,49.0,Paid,0
5625,414,1,2026-09-30,49.0,Paid,0
5626,1420,2,2026-09-30,149.0,Paid,0
5627,592,1,2026-09-30,0.0,Failed,1
5628,209,3,2026-09-30,499.0,Paid,0
5629,1433,2,2026-09-30,149.0,Paid,0
5630,682,1,2026-09-30,49.0,Paid,0
5631,1223,1,2026-09-30,0.0,Failed,1
5632,1016,2,2026-09-30,149.0,Paid,0
5633,421,1,2026-09-30,49.0,Paid,0
5634,1299,3,2026-09-30,499.0,Paid,0
5635,266,2,2026-09-30,149.0,Paid,0
5636,92,4,2026-09-30,4990.0,Paid,0
5637,1293,3,2026-09-30,0.0,Failed,1
5638,608,1,2026-09-30,49.0,Paid,0
5639,574,2,2026-09-30,149.0,Paid,0
5640,372,2,2026-09-30,0.0,Failed,0
5641,427,1,2026-09-30,49.0,Paid,0
5642,816,1,2026-09-30,0.0,Failed,0
5643,1214,3,2026-09-30,0.0,Failed,1
5644,351,1,2026-09-30,49.0,Paid,0
5645,738,2,2026-09-30,149.0,Paid,0
5646,551,2,2026-09-30,149.0,Paid,0
5647,719,3,2026-09-30,499.0,Paid,0
5648,973,1,2026-09-30,49.0,Paid,0
5649,1370,1,2026-09-30,49.0,Paid,0
5650,90,1,2026-09-30,49.0,Paid,0
5651,1098,1,2026-09-30,0.0,Failed,1
5652,291,3,2026-09-30,499.0,Paid,0
5653,684,1,2026-09-30,0.0,Failed,1
5654,346,1,2026-09-30,49.0,Paid,0
5655,1484,3,2026-09-30,499.0,Paid,0
5656,94,3,2026-09-30,499.0,Paid,0
5657,238,4,2026-09-30,4990.0,Paid,0
5658,9,1,2026-09-30,49.0,Paid,0
5659,970,1,2026-09-30,49.0,Paid,0
5660,403,1,2026-09-30,0.0,Failed,1
5661,767,2,2026-09-30,149.0,Paid,0
5662,449,1,2026-09-30,49.0,Paid,0
5663,823,1,2026-09-30,49.0,Paid,0
5664,1209,2,2026-09-30,149.0,Paid,0
5665,1140,1,2026-09-30,49.0,Paid,0
5666,1255,2,2026-09-30,0.0,Failed,1
5667,798,2,2026-09-30,149.0,Paid,0
5668,90,3,2026-09-30,499.0,Paid,0
5669,1001,2,2026-09-30,149.0,Paid,0
5670,415,3,2026-09-30,499.0,Paid,0
5671,944,2,2026-09-30,149.0,Paid,0
5672,832,2,2026-09-30,149.0,Paid,0
5673,1184,2,2026-09-30,149.0,Paid,0
5674,623,1,2026-09-30,49.0,Paid,0
5675,54,1,2026-09-30,49.0,Paid,0
5676,32,1,2026-09-30,0.0,Failed,1
5677,662,2,2026-09-30,149.0,Paid,0
5678,1323,1,2026-09-30,0.0,Failed,0
5679,1018,3,2026-09-30,499.0,Paid,0
5680,336,1,2026-09-30,49.0,Paid,0
5681,373,1,2026-09-30,49.0,Paid,0
5682,38,1,2026-09-30,49.0,Paid,0
5683,1414,1,2026-09-30,49.0,Paid,0
5684,77,3,2026-09-30,0.0,Failed,0
5685,207,2,2026-09-30,149.0,Paid,0
5686,782,3,2026-09-30,499.0,Paid,0
5687,1212,1,2026-09-30,49.0,Paid,0
5688,617,4,2026-09-30,4990.0,Paid,0
5689,102,4,2026-09-30,4990.0,Paid,0
5690,1122,1,2026-09-30,49.0,Paid,0
5691,296,1,2026-09-30,0.0,Failed,0
5692,248,1,2026-09-30,49.0,Paid,0
5693,1303,1,2026-09-30,49.0,Paid,0
5694,611,1,2026-09-30,49.0,Paid,0
5695,1218,1,2026-09-30,49.0,Paid,0
5696,492,1,2026-09-30,49.0,Paid,0
5697,1416,1,2026-09-30,49.0,Paid,0
5698,31,1,2026-09-30,49.0,Paid,0
5699,266,2,2026-09-30,149.0,Paid,0
5700,1116,2,2026-09-30,149.0,Paid,0
5701,543,2,2026-09-30,149.0,Paid,0
5702,126,2,2026-09-30,0.0,Failed,1
5703,1463,3,2026-09-30,499.0,Paid,0
5704,472,3,2026-09-30,499.0,Paid,0
5705,780,1,2026-09-30,0.0,Failed,0
5706,377,2,2026-09-30,149.0,Paid,0
5707,836,2,2026-09-30,0.0,Failed,1
5708,1101,3,2026-09-30,0.0,Failed,1
5709,744,1,2026-09-30,49.0,Paid,0
5710,564,1,2026-09-30,49.0,Paid,0
5711,1,2,2026-09-30,149.0,Paid,0
5712,1224,1,2026-09-30,49.0,Paid,0
5713,487,1,2026-09-30,49.0,Paid,0
5714,994,3,2026-09-30,499.0,Paid,0
5715,1478,4,2026-09-30,0.0,Failed,1
5716,1483,1,2026-09-30,49.0,Paid,0
5717,1004,2,2026-09-30,149.0,Paid,0
5718,880,1,2026-09-30,49.0,Paid,0
5719,597,1,2026-09-30,0.0,Failed,0
5720,932,1,2026-09-30,49.0,Paid,0
5721,1416,1,2026-09-30,49.0,Paid,0
5722,132,1,2026-09-30,49.0,Paid,0
5723,1217,1,2026-09-30,49.0,Paid,0
5724,329,3,2026-09-30,499.0,Paid,0
5725,404,2,2026-09-30,149.0,Paid,0
5726,404,2,2026-09-30,149.0,Paid,0
5727,362,2,2026-09-30,149.0,Paid,0
5728,692,2,2026-09-30,149.0,Paid,0
5729,789,1,2026-09-30,49.0,Paid,0
5730,1190,3,2026-09-30,499.0,Paid,0
5731,87,3,2026-09-30,499.0,Paid,0
5732,570,1,2026-09-30,49.0,Paid,0
5733,638,1,2026-09-30,49.0,Paid,0
5734,380,2,2026-09-30,149.0,Paid,0
5735,516,3,2026-09-30,0.0,Failed,1
5736,54,2,2026-09-30,149.0,Paid,0
5737,1179,2,2026-09-30,149.0,Paid,0
5738,71,1,2026-09-30,49.0,Paid,0
5739,1422,4,2026-09-30,4990.0,Paid,0
5740,403,2,2026-09-30,0.0,Failed,1
5741,722,3,2026-09-30,499.0,Paid,0
5742,1133,3,2026-09-30,499.0,Paid,0
5743,425,2,2026-09-30,0.0,Failed,1
5744,1193,1,2026-09-30,49.0,Paid,0
5745,1498,3,2026-09-30,499.0,Paid,0
5746,698,1,2026-09-30,49.0,Paid,0
5747,1187,2,2026-09-30,149.0,Paid,0
5748,697,2,2026-09-30,149.0,Paid,0
5749,1169,1,2026-09-30,49.0,Paid,0
5750,708,3,2026-09-30,0.0,Failed,1
5751,373,2,2026-09-30,149.0,Paid,0
5752,29,1,2026-09-30,49.0,Paid,0
5753,1146,2,2026-09-30,149.0,Paid,0
5754,1142,2,2026-09-30,149.0,Paid,0
5755,1031,3,2026-09-30,0.0,Failed,0
5756,584,2,2026-09-30,149.0,Paid,0
5757,345,2,2026-09-30,149.0,Paid,0
5758,551,2,2026-09-30,149.0,Paid,0
5759,1324,1,2026-09-30,49.0,Paid,0
5760,85,2,2026-09-30,0.0,Failed,1
5761,1362,3,2026-09-30,0.0,Failed,0
5762,1353,1,2026-09-30,49.0,Paid,0
5763,682,3,2026-09-30,499.0,Paid,0
5764,1301,2,2026-09-30,149.0,Paid,0
5765,1282,1,2026-09-30,49.0,Paid,0
5766,1368,1,2026-09-30,49.0,Paid,0
5767,728,2,2026-09-30,149.0,Paid,0
5768,1339,1,2026-09-30,49.0,Paid,0
5769,293,2,2026-09-30,0.0,Failed,1
5770,1321,2,2026-09-30,149.0,Paid,0
5771,102,2,2026-09-30,0.0,Failed,1
5772,73,1,2026-09-30,0.0,Failed,0
5773,350,3,2026-09-30,499.0,Paid,0
5774,407,4,2026-09-30,4990.0,Paid,0
5775,49,2,2026-09-30,149.0,Paid,0
5776,1488,2,2026-09-30,149.0,Paid,0
5777,836,2,2026-09-30,149.0,Paid,0
5778,452,1,2026-09-30,49.0,Paid,0
5779,1425,2,2026-09-30,149.0,Paid,0
5780,980,1,2026-09-30,49.0,Paid,0
5781,1457,1,2026-09-30,49.0,Paid,0
5782,89,2,2026-09-30,149.0,Paid,0
5783,1385,3,2026-09-30,0.0,Failed,1
5784,1333,3,2026-09-30,499.0,Paid,0
5785,494,2,2026-09-30,149.0,Paid,0
5786,382,1,2026-09-30,49.0,Paid,0
5787,335,2,2026-09-30,0.0,Failed,1
5788,910,1,2026-09-30,0.0,Failed,1
5789,898,2,2026-09-30,0.0,Failed,1
5790,335,2,2026-09-30,149.0,Paid,0
5791,76,2,2026-09-30,149.0,Paid,0
5792,943,2,2026-09-30,149.0,Paid,0
5793,1499,1,2026-09-30,49.0,Paid,0
5794,224,1,2026-09-30,49.0,Paid,0
5795,1073,3,2026-09-30,499.0,Paid,0
5796,803,2,2026-09-30,149.0,Paid,0
5797,264,1,2026-09-30,0.0,Failed,1
5798,1201,2,2026-09-30,149.0,Paid,0
5799,573,1,2026-09-30,49.0,Paid,0
5800,112,2,2026-09-30,149.0,Paid,0
5801,900,1,2026-09-30,49.0,Paid,0
5802,1409,1,2026-09-30,49.0,Paid,0
5803,1168,1,2026-09-30,49.0,Paid,0
5804,581,2,2026-09-30,149.0,Paid,0
5805,34,2,2026-09-30,0.0,Failed,1
5806,543,1,2026-09-30,49.0,Paid,0
5807,121,2,2026-09-30,149.0,Paid,0
5808,1403,4,2026-09-30,4990.0,Paid,0
5809,60,3,2026-09-30,499.0,Paid,0
5810,20,1,2026-09-30,49.0,Paid,0
5811,1491,2,2026-09-30,0.0,Failed,1
5812,80,1,2026-09-30,49.0,Paid,0
5813,882,2,2026-09-30,149.0,Paid,0
5814,1327,1,2026-09-30,49.0,Paid,0
5815,543,2,2026-09-30,149.0,Paid,0
5816,148,1,2026-09-30,49.0,Paid,0
5817,1161,1,2026-09-30,49.0,Paid,0
5818,1474,1,2026-09-30,0.0,Failed,1
5819,1404,1,2026-09-30,49.0,Paid,0
5820,472,2,2026-09-30,149.0,Paid,0
5821,215,4,2026-09-30,4990.0,Paid,0
5822,241,1,2026-09-30,0.0,Failed,1
5823,1485,2,2026-09-30,149.0,Paid,0
5824,525,1,2026-09-30,49.0,Paid,0
5825,1263,1,2026-09-30,49.0,Paid,0
5826,74,1,2026-09-30,0.0,Failed,0
5827,22,2,2026-09-30,0.0,Failed,1
5828,651,1,2026-09-30,49.0,Paid,0
5829,1432,1,2026-09-30,49.0,Paid,0
5830,1023,3,2026-09-30,499.0,Paid,0
5831,299,1,2026-09-30,49.0,Paid,0
5832,660,2,2026-09-30,149.0,Paid,0
5833,658,3,2026-09-30,499.0,Paid,0
5834,616,3,2026-09-30,0.0,Failed,0
5835,71,2,2026-09-30,0.0,Failed,0
5836,263,1,2026-09-30,49.0,Paid,0
5837,481,2,2026-09-30,149.0,Paid,0
5838,1377,1,2026-09-30,49.0,Paid,0
5839,153,3,2026-09-30,499.0,Paid,0
5840,1445,3,2026-09-30,499.0,Paid,0
5841,53,3,2026-09-30,499.0,Paid,0
5842,338,3,2026-09-30,0.0,Failed,0
5843,227,4,2026-09-30,4990.0,Paid,0
5844,1356,2,2026-09-30,149.0,Paid,0
5845,1058,2,2026-09-30,149.0,Paid,0
5846,158,1,2026-09-30,49.0,Paid,0
5847,1276,1,2026-09-30,49.0,Paid,0
5848,543,2,2026-09-30,149.0,Paid,0
5849,1450,1,2026-09-30,49.0,Paid,0
5850,305,2,2026-09-30,149.0,Paid,0
5851,1321,1,2026-09-30,49.0,Paid,0
5852,1091,3,2026-09-30,0.0,Failed,0
5853,807,3,2026-09-30,499.0,Paid,0
5854,1124,1,2026-09-30,49.0,Paid,0
5855,77,1,2026-09-30,49.0,Paid,0
5856,1159,2,2026-09-30,149.0,Paid,0
5857,1432,3,2026-09-30,499.0,Paid,0
5858,556,1,2026-09-30,0.0,Failed,1
5859,1020,2,2026-09-30,149.0,Paid,0
5860,1359,1,2026-09-30,0.0,Failed,1
5861,24,2,2026-09-30,149.0,Paid,0
5862,515,4,2026-09-30,4990.0,Paid,0
5863,1297,1,2026-09-30,49.0,Paid,0
5864,392,2,2026-09-30,149.0,Paid,0
5865,728,2,2026-09-30,149.0,Paid,0
5866,113,2,2026-09-30,149.0,Paid,0
5867,886,1,2026-09-30,0.0,Failed,0
5868,34,1,2026-09-30,49.0,Paid,0
5869,1208,3,2026-09-30,499.0,Paid,0
5870,240,2,2026-09-30,0.0,Failed,0
5871,822,1,2026-09-30,0.0,Failed,0
5872,867,3,2026-09-30,499.0,Paid,0
5873,41,2,2026-09-30,149.0,Paid,0
5874,1380,1,2026-09-30,49.0,Paid,0
5875,1164,1,2026-09-30,0.0,Failed,1
5876,991,1,2026-09-30,0.0,Failed,1
5877,1083,2,2026-09-30,149.0,Paid,0
5878,448,3,2026-09-30,499.0,Paid,0
5879,91,1,2026-09-30,0.0,Failed,0
5880,1011,2,2026-09-30,149.0,Paid,0
5881,726,1,2026-09-30,49.0,Paid,0
5882,1329,1,2026-09-30,49.0,Paid,0
5883,1391,2,2026-09-30,149.0,Paid,0
5884,89,2,2026-09-30,149.0,Paid,0
5885,739,1,2026-09-30,49.0,Paid,0
5886,720,4,2026-09-30,4990.0,Paid,0
5887,883,3,2026-09-30,499.0,Paid,0
5888,160,2,2026-09-30,149.0,Paid,0
5889,139,3,2026-09-30,499.0,Paid,0
5890,433,2,2026-09-30,0.0,Failed,1
5891,27,2,2026-09-30,149.0,Paid,0
5892,902,1,2026-09-30,49.0,Paid,0
5893,1291,2,2026-09-30,149.0,Paid,0
5894,1252,3,2026-09-30,499.0,Paid,0
5895,846,2,2026-09-30,149.0,Paid,0
5896,1250,1,2026-09-30,49.0,Paid,0
5897,192,2,2026-09-30,149.0,Paid,0
5898,1155,3,2026-09-30,499.0,Paid,0
5899,244,3,2026-09-30,0.0,Failed,1
5900,761,1,2026-09-30,49.0,Paid,0
5901,572,1,2026-09-30,0.0,Failed,1
5902,408,2,2026-09-30,149.0,Paid,0
5903,681,3,2026-09-30,499.0,Paid,0
5904,1321,3,2026-09-30,499.0,Paid,0
5905,364,2,2026-09-30,149.0,Paid,0
5906,1467,2,2026-09-30,0.0,Failed,1
5907,406,3,2026-09-30,499.0,Paid,0
5908,437,2,2026-09-30,149.0,Paid,0
5909,1138,2,2026-09-30,149.0,Paid,0
5910,811,2,2026-09-30,149.0,Paid,0
5911,417,3,2026-09-30,499.0,Paid,0
5912,154,3,2026-09-30,499.0,Paid,0
5913,530,2,2026-09-30,0.0,Failed,1
5914,1226,3,2026-09-30,0.0,Failed,1
5915,215,1,2026-09-30,0.0,Failed,1
5916,1465,1,2026-09-30,0.0,Failed,1
5917,5,1,2026-09-30,49.0,Paid,0
5918,1299,1,2026-09-30,49.0,Paid,0
5919,1030,1,2026-09-30,49.0,Paid,0
5920,527,3,2026-09-30,0.0,Failed,1
5921,1404,2,2026-09-30,0.0,Failed,1
5922,1443,2,2026-09-30,149.0,Paid,0
5923,234,3,2026-09-30,0.0,Failed,1
5924,38,2,2026-09-30,0.0,Failed,1
5925,545,3,2026-09-30,499.0,Paid,0
5926,575,1,2026-09-30,49.0,Paid,0
5927,1376,2,2026-09-30,0.0,Failed,0
5928,890,4,2026-09-30,4990.0,Paid,0
5929,257,2,2026-09-30,0.0,Failed,0
5930,910,1,2026-09-30,49.0,Paid,0
5931,39,1,2026-09-30,49.0,Paid,0
5932,347,2,2026-09-30,149.0,Paid,0
5933,369,2,2026-09-30,149.0,Paid,0
5934,845,1,2026-09-30,49.0,Paid,0
5935,1198,1,2026-09-30,49.0,Paid,0
5936,1449,2,2026-09-30,149.0,Paid,0
5937,785,2,2026-09-30,0.0,Failed,0
5938,1280,2,2026-09-30,149.0,Paid,0
5939,394,2,2026-09-30,0.0,Failed,0
5940,722,1,2026-09-30,49.0,Paid,0
5941,1091,1,2026-09-30,49.0,Paid,0
5942,1109,1,2026-09-30,0.0,Failed,1
5943,1309,1,2026-09-30,49.0,Paid,0
5944,459,2,2026-09-30,149.0,Paid,0
5945,1372,2,2026-09-30,0.0,Failed,0
5946,774,3,2026-09-30,499.0,Paid,0
5947,1271,4,2026-09-30,4990.0,Paid,0
5948,1049,1,2026-09-30,49.0,Paid,0
5949,457,3,2026-09-30,0.0,Failed,0
5950,907,1,2026-09-30,49.0,Paid,0
5951,215,2,2026-09-30,149.0,Paid,0
5952,1340,1,2026-09-30,49.0,Paid,0
5953,27,1,2026-09-30,49.0,Paid,0
5954,1316,2,2026-09-30,149.0,Paid,0
5955,322,3,2026-09-30,499.0,Paid,0
5956,819,2,2026-09-30,149.0,Paid,0
5957,650,1,2026-09-30,49.0,Paid,0
5958,229,3,2026-09-30,0.0,Failed,1
5959,10,3,2026-09-30,0.0,Failed,1
5960,41,1,2026-09-30,0.0,Failed,0
5961,1036,3,2026-09-30,0.0,Failed,1
5962,328,2,2026-09-30,149.0,Paid,0
5963,757,3,2026-09-30,499.0,Paid,0
5964,1132,1,2026-09-30,49.0,Paid,0
5965,1141,3,2026-09-30,499.0,Paid,0
5966,1439,2,2026-09-30,149.0,Paid,0
5967,1287,2,2026-09-30,149.0,Paid,0
5968,1283,1,2026-09-30,49.0,Paid,0
5969,1177,2,2026-09-30,149.0,Paid,0
5970,1080,3,2026-09-30,499.0,Paid,0
5971,520,1,2026-09-30,0.0,Failed,0
5972,47,2,2026-09-30,149.0,Paid,0
5973,603,2,2026-09-30,0.0,Failed,0
5974,282,2,2026-09-30,0.0,Failed,0
5975,462,1,2026-09-30,49.0,Paid,0
5976,158,1,2026-09-30,49.0,Paid,0
5977,46,2,2026-09-30,0.0,Failed,0
5978,214,2,2026-09-30,149.0,Paid,0
5979,1445,2,2026-09-30,0.0,Failed,1
5980,47,1,2026-09-30,49.0,Paid,0
5981,1056,2,2026-09-30,149.0,Paid,0
5982,489,3,2026-09-30,499.0,Paid,0
5983,653,1,2026-09-30,49.0,Paid,0
5984,1235,4,2026-09-30,4990.0,Paid,0
5985,711,1,2026-09-30,49.0,Paid,0
5986,1041,1,2026-09-30,0.0,Failed,1
5987,222,1,2026-09-30,0.0,Failed,0
5988,1451,1,2026-09-30,49.0,Paid,0
5989,49,2,2026-09-30,149.0,Paid,0
5990,456,2,2026-09-30,149.0,Paid,0
5991,94,3,2026-09-30,499.0,Paid,0
5992,1379,1,2026-09-30,49.0,Paid,0
5993,908,2,2026-09-30,0.0,Failed,1
5994,682,1,2026-09-30,49.0,Paid,0
5995,658,1,2026-09-30,49.0,Paid,0
5996,992,3,2026-09-30,0.0,Failed,0
5997,1336,1,2026-09-30,0.0,Failed,1
5998,797,1,2026-09-30,49.0,Paid,0
5999,519,2,2026-09-30,149.0,Paid,0
6000,730,3,2026-09-30,499.0,Paid,0
6001,890,2,2026-09-30,149.0,Paid,0
6002,1262,1,2026-09-30,0.0,Failed,0
6003,1314,1,2026-09-30,49.0,Paid,0
6004,1433,1,2026-09-30,49.0,Paid,0
6005,854,1,2026-09-30,49.0,Paid,0
6006,154,2,2026-09-30,149.0,Paid,0
6007,1425,2,2026-09-30,149.0,Paid,0
6008,1015,2,2026-09-30,149.0,Paid,0
6009,793,1,2026-09-30,0.0,Failed,1
6010,1009,2,2026-09-30,149.0,Paid,0
6011,1220,1,2026-09-30,49.0,Paid,0
6012,1487,1,2026-09-30,49.0,Paid,0
6013,671,2,2026-09-30,149.0,Paid,0
6014,1387,1,2026-09-30,0.0,Failed,0
6015,914,2,2026-09-30,0.0,Failed,1
6016,784,1,2026-09-30,49.0,Paid,0
6017,275,1,2026-09-30,0.0,Failed,0
6018,580,1,2026-09-30,49.0,Paid,0
6019,926,1,2026-09-30,49.0,Paid,0
6020,262,2,2026-09-30,149.0,Paid,0
6021,857,3,2026-09-30,0.0,Failed,0
6022,371,2,2026-09-30,0.0,Failed,1
6023,796,1,2026-09-30,49.0,Paid,0
6024,516,1,2026-09-30,49.0,Paid,0
6025,29,1,2026-09-30,49.0,Paid,0
6026,1197,2,2026-09-30,149.0,Paid,0
6027,1240,2,2026-09-30,149.0,Paid,0
6028,675,1,2026-09-30,49.0,Paid,0
6029,1287,3,2026-09-30,499.0,Paid,0
6030,1405,1,2026-09-30,49.0,Paid,0
6031,898,1,2026-09-30,49.0,Paid,0
6032,533,2,2026-09-30,0.0,Failed,1
6033,1452,2,2026-09-30,149.0,Paid,0
6034,140,3,2026-09-30,0.0,Failed,1
6035,1416,3,2026-09-30,499.0,Paid,0
6036,914,1,2026-09-30,49.0,Paid,0
6037,1048,2,2026-09-30,149.0,Paid,0
6038,1064,2,2026-09-30,149.0,Paid,0
6039,1413,2,2026-09-30,149.0,Paid,0
6040,1335,4,2026-09-30,4990.0,Paid,0
6041,461,1,2026-09-30,0.0,Failed,0
6042,492,2,2026-09-30,149.0,Paid,0
6043,554,3,2026-09-30,499.0,Paid,0
6044,575,1,2026-09-30,49.0,Paid,0
6045,1097,3,2026-09-30,499.0,Paid,0
6046,1432,2,2026-09-30,0.0,Failed,0
6047,1286,2,2026-09-30,149.0,Paid,0
6048,1105,2,2026-09-30,0.0,Failed,1
6049,523,3,2026-09-30,499.0,Paid,0
6050,999,1,2026-09-30,0.0,Failed,0
6051,213,1,2026-09-30,0.0,Failed,1
6052,397,2,2026-09-30,149.0,Paid,0
6053,700,3,2026-09-30,499.0,Paid,0
6054,827,1,2026-09-30,0.0,Failed,1
6055,971,3,2026-09-30,499.0,Paid,0
6056,1081,2,2026-09-30,149.0,Paid,0
6057,130,1,2026-09-30,49.0,Paid,0
6058,155,2,2026-09-30,149.0,Paid,0
6059,815,2,2026-09-30,149.0,Paid,0
6060,869,1,2026-09-30,0.0,Failed,0
6061,1118,2,2026-09-30,0.0,Failed,1
6062,806,1,2026-09-30,49.0,Paid,0
6063,1029,1,2026-09-30,49.0,Paid,0
6064,952,2,2026-09-30,149.0,Paid,0
6065,258,1,2026-09-30,0.0,Failed,0
6066,1131,2,2026-09-30,149.0,Paid,0
6067,1407,2,2026-09-30,0.0,Failed,0
6068,189,2,2026-09-30,149.0,Paid,0
6069,943,2,2026-09-30,149.0,Paid,0
6070,935,2,2026-09-30,149.0,Paid,0
6071,394,4,2026-09-30,4990.0,Paid,0
6072,1224,2,2026-09-30,149.0,Paid,0
6073,1271,1,2026-09-30,49.0,Paid,0
6074,457,3,2026-09-30,499.0,Paid,0
6075,515,1,2026-09-30,49.0,Paid,0
6076,586,2,2026-09-30,149.0,Paid,0
6077,135,1,2026-09-30,49.0,Paid,0
6078,1061,4,2026-09-30,4990.0,Paid,0
6079,136,2,2026-09-30,149.0,Paid,0
6080,173,2,2026-09-30,149.0,Paid,0
6081,924,3,2026-09-30,0.0,Failed,1
6082,1338,2,2026-09-30,149.0,Paid,0
6083,240,1,2026-09-30,0.0,Failed,0
6084,610,1,2026-09-30,49.0,Paid,0
6085,396,2,2026-09-30,149.0,Paid,0
6086,331,1,2026-09-30,49.0,Paid,0
6087,457,4,2026-09-30,4990.0,Paid,0
6088,498,2,2026-09-30,149.0,Paid,0
6089,182,1,2026-09-30,49.0,Paid,0
6090,691,3,2026-09-30,0.0,Failed,1
6091,1221,1,2026-09-30,49.0,Paid,0
6092,1170,3,2026-09-30,0.0,Failed,1
6093,477,1,2026-09-30,0.0,Failed,1
6094,878,2,2026-09-30,149.0,Paid,0
6095,758,2,2026-09-30,149.0,Paid,0
6096,85,1,2026-09-30,49.0,Paid,0
6097,444,1,2026-09-30,49.0,Paid,0
6098,796,3,2026-09-30,499.0,Paid,0
6099,812,3,2026-09-30,499.0,Paid,0
6100,895,2,2026-09-30,149.0,Paid,0
6101,859,2,2026-09-30,149.0,Paid,0
6102,1371,1,2026-09-30,49.0,Paid,0
6103,1187,2,2026-09-30,149.0,Paid,0
6104,63,2,2026-09-30,149.0,Paid,0
6105,271,3,2026-09-30,0.0,Failed,0
6106,1157,1,2026-09-30,49.0,Paid,0
6107,773,3,2026-09-30,499.0,Paid,0
6108,563,1,2026-09-30,49.0,Paid,0
6109,301,2,2026-09-30,149.0,Paid,0
6110,157,1,2026-09-30,49.0,Paid,0
6111,546,2,2026-09-30,149.0,Paid,0
6112,1316,3,2026-09-30,499.0,Paid,0
6113,103,2,2026-09-30,0.0,Failed,1
6114,348,1,2026-09-30,49.0,Paid,0
6115,1030,2,2026-09-30,149.0,Paid,0
6116,194,1,2026-09-30,49.0,Paid,0
6117,442,2,2026-09-30,149.0,Paid,0
6118,1204,3,2026-09-30,499.0,Paid,0
6119,215,1,2026-09-30,49.0,Paid,0
6120,1365,4,2026-09-30,4990.0,Paid,0
6121,1274,1,2026-09-30,49.0,Paid,0
6122,1004,4,2026-09-30,4990.0,Paid,0
6123,891,2,2026-09-30,149.0,Paid,0
6124,1481,2,2026-09-30,0.0,Failed,1
6125,487,1,2026-09-30,49.0,Paid,0
6126,13,3,2026-09-30,499.0,Paid,0
6127,1398,4,2026-09-30,4990.0,Paid,0
6128,861,2,2026-09-30,149.0,Paid,0
6129,1436,3,2026-09-30,499.0,Paid,0
6130,562,1,2026-09-30,49.0,Paid,0
6131,853,1,2026-09-30,49.0,Paid,0
6132,1011,1,2026-09-30,49.0,Paid,0
6133,210,2,2026-09-30,149.0,Paid,0
6134,246,3,2026-09-30,499.0,Paid,0
6135,545,2,2026-09-30,149.0,Paid,0
6136,1184,1,2026-09-30,0.0,Failed,1
6137,221,2,2026-09-30,149.0,Paid,0
6138,1234,3,2026-09-30,499.0,Paid,0
6139,777,1,2026-09-30,0.0,Failed,0
6140,650,4,2026-09-30,4990.0,Paid,0
6141,38,3,2026-09-30,499.0,Paid,0
6142,1176,1,2026-09-30,49.0,Paid,0
6143,815,1,2026-09-30,49.0,Paid,0
6144,153,2,2026-09-30,149.0,Paid,0
6145,220,3,2026-09-30,499.0,Paid,0
6146,1356,1,2026-09-30,0.0,Failed,1
6147,789,1,2026-09-30,49.0,Paid,0
6148,746,2,2026-09-30,149.0,Paid,0
6149,1342,1,2026-09-30,0.0,Failed,1
6150,121,1,2026-09-30,0.0,Failed,1
6151,239,1,2026-09-30,49.0,Paid,0
6152,413,3,2026-09-30,499.0,Paid,0
6153,735,1,2026-09-30,49.0,Paid,0
6154,885,2,2026-09-30,149.0,Paid,0
6155,1387,4,2026-09-30,4990.0,Paid,0
6156,616,4,2026-09-30,0.0,Failed,1
6157,844,1,2026-09-30,49.0,Paid,0
6158,661,1,2026-09-30,49.0,Paid,0
6159,1400,2,2026-09-30,149.0,Paid,0
6160,334,2,2026-09-30,149.0,Paid,0
6161,682,3,2026-09-30,0.0,Failed,0
6162,1377,4,2026-09-30,4990.0,Paid,0
6163,205,1,2026-09-30,49.0,Paid,0
6164,757,1,2026-09-30,49.0,Paid,0
6165,1284,1,2026-09-30,49.0,Paid,0
6166,1421,1,2026-09-30,0.0,Failed,1
6167,1408,1,2026-09-30,49.0,Paid,0
6168,318,1,2026-09-30,49.0,Paid,0
6169,1386,2,2026-09-30,0.0,Failed,1
6170,1467,1,2026-09-30,49.0,Paid,0
6171,1242,1,2026-09-30,49.0,Paid,0
6172,67,4,2026-09-30,4990.0,Paid,0
6173,669,3,2026-09-30,499.0,Paid,0
6174,992,2,2026-09-30,149.0,Paid,0
6175,1247,2,2026-09-30,149.0,Paid,0
6176,393,2,2026-09-30,149.0,Paid,0
6177,927,2,2026-09-30,149.0,Paid,0
6178,315,1,2026-09-30,0.0,Failed,1
6179,1409,1,2026-09-30,49.0,Paid,0
6180,421,2,2026-09-30,0.0,Failed,1
6181,940,3,2026-09-30,499.0,Paid,0
6182,387,1,2026-09-30,49.0,Paid,0
6183,1481,2,2026-09-30,149.0,Paid,0
6184,561,1,2026-09-30,49.0,Paid,0
6185,148,2,2026-09-30,149.0,Paid,0
6186,1455,3,2026-09-30,0.0,Failed,1
6187,69,1,2026-09-30,49.0,Paid,0
6188,1055,3,2026-09-30,499.0,Paid,0
6189,1492,2,2026-09-30,149.0,Paid,0
6190,1397,1,2026-09-30,49.0,Paid,0
6191,1037,3,2026-09-30,499.0,Paid,0
6192,1486,2,2026-09-30,149.0,Paid,0
6193,339,1,2026-09-30,49.0,Paid,0
6194,1434,2,2026-09-30,149.0,Paid,0
6195,662,3,2026-09-30,0.0,Failed,1
6196,551,1,2026-09-30,49.0,Paid,0
6197,1359,4,2026-09-30,0.0,Failed,1
6198,120,2,2026-09-30,149.0,Paid,0
6199,249,1,2026-09-30,49.0,Paid,0
6200,221,2,2026-09-30,0.0,Failed,1
6201,198,3,2026-09-30,499.0,Paid,0
6202,1055,4,2026-09-30,4990.0,Paid,0
6203,514,3,2026-09-30,499.0,Paid,0
6204,1227,2,2026-09-30,149.0,Paid,0
6205,278,3,2026-09-30,0.0,Failed,0
6206,270,1,2026-09-30,0.0,Failed,0
6207,1155,1,2026-09-30,49.0,Paid,0
6208,1440,3,2026-09-30,499.0,Paid,0
6209,4,1,2026-09-30,49.0,Paid,0
6210,1454,1,2026-09-30,49.0,Paid,0
6211,252,2,2026-09-30,0.0,Failed,1
6212,756,2,2026-09-30,0.0,Failed,0
6213,504,1,2026-09-30,49.0,Paid,0
6214,796,2,2026-09-30,149.0,Paid,0
6215,601,1,2026-09-30,49.0,Paid,0
6216,806,3,2026-09-30,499.0,Paid,0
6217,1035,1,2026-09-30,0.0,Failed,1
6218,1235,2,2026-09-30,149.0,Paid,0
6219,410,2,2026-09-30,149.0,Paid,0
6220,702,2,2026-09-30,149.0,Paid,0
6221,16,2,2026-09-30,149.0,Paid,0
6222,332,2,2026-09-30,149.0,Paid,0
6223,893,2,2026-09-30,0.0,Failed,1
6224,913,2,2026-09-30,149.0,Paid,0
6225,54,2,2026-09-30,0.0,Failed,1
6226,588,4,2026-09-30,4990.0,Paid,0
6227,104,3,2026-09-30,499.0,Paid,0
6228,1194,1,2026-09-30,49.0,Paid,0
6229,944,3,2026-09-30,499.0,Paid,0
6230,765,1,2026-09-30,49.0,Paid,0
6231,1131,1,2026-09-30,49.0,Paid,0
6232,1471,4,2026-09-30,4990.0,Paid,0
6233,343,2,2026-09-30,149.0,Paid,0
6234,506,2,2026-09-30,149.0,Paid,0
6235,283,1,2026-09-30,49.0,Paid,0
6236,263,2,2026-09-30,149.0,Paid,0
6237,542,3,2026-09-30,0.0,Failed,0
6238,1373,1,2026-09-30,49.0,Paid,0
6239,1359,1,2026-09-30,49.0,Paid,0
6240,1265,1,2026-09-30,0.0,Failed,0
6241,787,1,2026-09-30,49.0,Paid,0
6242,1339,2,2026-09-30,149.0,Paid,0
6243,299,1,2026-09-30,49.0,Paid,0
6244,1005,2,2026-09-30,149.0,Paid,0
6245,501,1,2026-09-30,49.0,Paid,0
6246,778,1,2026-09-30,49.0,Paid,0
6247,466,1,2026-09-30,49.0,Paid,0
6248,284,1,2026-09-30,49.0,Paid,0
6249,450,1,2026-09-30,49.0,Paid,0
6250,232,1,2026-09-30,49.0,Paid,0
6251,869,1,2026-09-30,49.0,Paid,0
6252,379,1,2026-09-30,49.0,Paid,0
6253,953,2,2026-09-30,149.0,Paid,0
6254,761,1,2026-09-30,49.0,Paid,0
6255,273,3,2026-09-30,0.0,Failed,1
6256,1353,1,2026-09-30,49.0,Paid,0
6257,627,2,2026-09-30,0.0,Failed,0
6258,1333,2,2026-09-30,0.0,Failed,0
6259,720,2,2026-09-30,0.0,Failed,0
6260,627,1,2026-09-30,49.0,Paid,0
6261,713,1,2026-09-30,0.0,Failed,0
6262,594,2,2026-09-30,0.0,Failed,1
6263,1435,2,2026-09-30,0.0,Failed,1
6264,1157,2,2026-09-30,149.0,Paid,0
6265,83,2,2026-09-30,149.0,Paid,0
6266,1262,3,2026-09-30,0.0,Failed,1
6267,1348,3,2026-09-30,499.0,Paid,0
6268,1301,1,2026-09-30,49.0,Paid,0
6269,195,1,2026-09-30,0.0,Failed,0
6270,17,2,2026-09-30,149.0,Paid,0
6271,264,4,2026-09-30,4990.0,Paid,0
6272,1168,2,2026-09-30,149.0,Paid,0
6273,1330,2,2026-09-30,149.0,Paid,0
6274,431,3,2026-09-30,499.0,Paid,0
6275,624,1,2026-09-30,49.0,Paid,0
6276,833,3,2026-09-30,499.0,Paid,0
6277,884,4,2026-09-30,0.0,Failed,1
6278,630,3,2026-09-30,0.0,Failed,1
6279,82,2,2026-09-30,149.0,Paid,0
6280,1237,4,2026-09-30,4990.0,Paid,0
6281,140,3,2026-09-30,499.0,Paid,0
6282,758,2,2026-09-30,0.0,Failed,1
6283,1194,1,2026-09-30,49.0,Paid,0
6284,1014,1,2026-09-30,49.0,Paid,0
6285,1057,2,2026-09-30,149.0,Paid,0
6286,824,1,2026-09-30,49.0,Paid,0
6287,826,3,2026-09-30,499.0,Paid,0
6288,695,3,2026-09-30,499.0,Paid,0
6289,1457,1,2026-09-30,49.0,Paid,0
6290,914,1,2026-09-30,49.0,Paid,0
6291,946,2,2026-09-30,0.0,Failed,1
6292,53,2,2026-09-30,149.0,Paid,0
6293,732,2,2026-09-30,0.0,Failed,0
6294,139,3,2026-09-30,0.0,Failed,1
6295,1295,1,2026-09-30,49.0,Paid,0
6296,124,1,2026-09-30,0.0,Failed,0
6297,1043,2,2026-09-30,149.0,Paid,0
6298,566,1,2026-09-30,49.0,Paid,0
6299,905,2,2026-09-30,149.0,Paid,0
6300,832,1,2026-09-30,49.0,Paid,0
6301,587,1,2026-09-30,0.0,Failed,0
6302,940,1,2026-09-30,49.0,Paid,0
6303,834,1,2026-09-30,49.0,Paid,0
6304,1004,2,2026-09-30,149.0,Paid,0
6305,606,3,2026-09-30,0.0,Failed,1
6306,856,2,2026-09-30,149.0,Paid,0
6307,768,2,2026-09-30,0.0,Failed,0
6308,1417,4,2026-09-30,4990.0,Paid,0
6309,1312,2,2026-09-30,149.0,Paid,0
6310,651,2,2026-09-30,149.0,Paid,0
6311,584,1,2026-09-30,49.0,Paid,0
6312,687,1,2026-09-30,49.0,Paid,0
6313,704,2,2026-09-30,0.0,Failed,0
6314,62,2,2026-09-30,149.0,Paid,0
6315,976,3,2026-09-30,499.0,Paid,0
6316,633,2,2026-09-30,149.0,Paid,0
6317,691,4,2026-09-30,4990.0,Paid,0
6318,41,1,2026-09-30,49.0,Paid,0
6319,213,3,2026-09-30,499.0,Paid,0
6320,214,1,2026-09-30,49.0,Paid,0
6321,720,2,2026-09-30,149.0,Paid,0
6322,1308,1,2026-09-30,49.0,Paid,0
6323,783,2,2026-09-30,149.0,Paid,0
6324,530,1,2026-09-30,49.0,Paid,0
6325,701,3,2026-09-30,499.0,Paid,0
6326,669,3,2026-09-30,499.0,Paid,0
6327,1021,2,2026-09-30,149.0,Paid,0
6328,883,1,2026-09-30,0.0,Failed,1
6329,319,3,2026-09-30,499.0,Paid,0
6330,443,2,2026-09-30,149.0,Paid,0
6331,1035,2,2026-09-30,149.0,Paid,0
6332,49,1,2026-09-30,49.0,Paid,0
6333,564,1,2026-09-30,0.0,Failed,1
6334,1170,2,2026-09-30,0.0,Failed,1
6335,698,1,2026-09-30,49.0,Paid,0
6336,1407,1,2026-09-30,49.0,Paid,0
6337,1052,2,2026-09-30,149.0,Paid,0
6338,1276,2,2026-09-30,149.0,Paid,0
6339,900,1,2026-09-30,49.0,Paid,0
6340,113,2,2026-09-30,149.0,Paid,0
6341,241,2,2026-09-30,149.0,Paid,0
6342,799,2,2026-09-30,149.0,Paid,0
6343,368,1,2026-09-30,49.0,Paid,0
6344,866,2,2026-09-30,149.0,Paid,0
6345,813,3,2026-09-30,0.0,Failed,0
6346,233,2,2026-09-30,149.0,Paid,0
6347,1108,2,2026-09-30,149.0,Paid,0
6348,1372,1,2026-09-30,49.0,Paid,0
6349,813,1,2026-09-30,49.0,Paid,0
6350,148,1,2026-09-30,49.0,Paid,0
6351,69,3,2026-09-30,499.0,Paid,0
6352,68,2,2026-09-30,0.0,Failed,1
6353,70,1,2026-09-30,0.0,Failed,1
6354,382,1,2026-09-30,49.0,Paid,0
6355,246,2,2026-09-30,0.0,Failed,1
6356,1234,1,2026-09-30,49.0,Paid,0
6357,1181,2,2026-09-30,149.0,Paid,0
6358,1072,2,2026-09-30,149.0,Paid,0
6359,166,3,2026-09-30,499.0,Paid,0
6360,554,3,2026-09-30,499.0,Paid,0
6361,68,2,2026-09-30,149.0,Paid,0
6362,588,1,2026-09-30,49.0,Paid,0
6363,933,2,2026-09-30,149.0,Paid,0
6364,294,2,2026-09-30,149.0,Paid,0
6365,1266,3,2026-09-30,499.0,Paid,0
6366,1038,2,2026-09-30,0.0,Failed,1
6367,601,1,2026-09-30,0.0,Failed,1
6368,996,3,2026-09-30,0.0,Failed,0
6369,1086,2,2026-09-30,149.0,Paid,0
6370,1030,3,2026-09-30,499.0,Paid,0
6371,242,1,2026-09-30,49.0,Paid,0
6372,68,2,2026-09-30,149.0,Paid,0
6373,1408,3,2026-09-30,499.0,Paid,0
6374,426,2,2026-09-30,149.0,Paid,0
6375,337,1,2026-09-30,0.0,Failed,1
6376,91,1,2026-09-30,49.0,Paid,0
6377,815,2,2026-09-30,149.0,Paid,0
6378,541,1,2026-09-30,0.0,Failed,1
6379,840,1,2026-09-30,49.0,Paid,0
6380,1461,1,2026-09-30,49.0,Paid,0
6381,812,2,2026-09-30,149.0,Paid,0
6382,666,2,2026-09-30,149.0,Paid,0
6383,957,2,2026-09-30,149.0,Paid,0
6384,1349,2,2026-09-30,0.0,Failed,1
6385,248,3,2026-09-30,499.0,Paid,0
6386,1373,1,2026-09-30,0.0,Failed,0
6387,72,1,2026-09-30,0.0,Failed,1
6388,305,4,2026-09-30,0.0,Failed,0
6389,1329,2,2026-09-30,149.0,Paid,0
6390,540,1,2026-09-30,49.0,Paid,0
6391,544,1,2026-09-30,0.0,Failed,0
6392,342,2,2026-09-30,0.0,Failed,1
6393,68,1,2026-09-30,49.0,Paid,0
6394,659,2,2026-09-30,149.0,Paid,0
6395,487,3,2026-09-30,499.0,Paid,0
6396,562,1,2026-09-30,49.0,Paid,0
6397,667,4,2026-09-30,0.0,Failed,1
6398,1101,3,2026-09-30,499.0,Paid,0
6399,177,1,2026-09-30,49.0,Paid,0
6400,829,1,2026-09-30,0.0,Failed,0
6401,361,3,2026-09-30,0.0,Failed,1
6402,146,3,2026-09-30,499.0,Paid,0
6403,1007,2,2026-09-30,149.0,Paid,0
6404,369,1,2026-09-30,49.0,Paid,0
6405,1396,2,2026-09-30,149.0,Paid,0
6406,831,2,2026-09-30,149.0,Paid,0
6407,299,1,2026-09-30,49.0,Paid,0
6408,714,1,2026-09-30,49.0,Paid,0
6409,145,2,2026-09-30,149.0,Paid,0
6410,980,4,2026-09-30,0.0,Failed,1
6411,830,1,2026-09-30,0.0,Failed,1
6412,1372,1,2026-09-30,49.0,Paid,0
6413,1067,3,2026-09-30,499.0,Paid,0
6414,893,2,2026-09-30,0.0,Failed,1
6415,443,1,2026-09-30,49.0,Paid,0
6416,98,2,2026-09-30,149.0,Paid,0
6417,967,2,2026-09-30,0.0,Failed,0
6418,231,1,2026-09-30,49.0,Paid,0
6419,797,2,2026-09-30,0.0,Failed,1
6420,1061,1,2026-09-30,49.0,Paid,0
6421,986,2,2026-09-30,0.0,Failed,1
6422,105,1,2026-09-30,49.0,Paid,0
6423,294,2,2026-09-30,149.0,Paid,0
6424,28,2,2026-09-30,0.0,Failed,0
6425,33,1,2026-09-30,49.0,Paid,0
6426,1268,1,2026-09-30,49.0,Paid,0
6427,481,3,2026-09-30,0.0,Failed,0
6428,543,1,2026-09-30,49.0,Paid,0
6429,443,3,2026-09-30,499.0,Paid,0
6430,921,3,2026-09-30,0.0,Failed,0
6431,467,2,2026-09-30,149.0,Paid,0
6432,1404,2,2026-09-30,149.0,Paid,0
6433,1169,1,2026-09-30,49.0,Paid,0
6434,1022,3,2026-09-30,499.0,Paid,0
6435,1251,1,2026-09-30,49.0,Paid,0
6436,810,2,2026-09-30,149.0,Paid,0
6437,290,3,2026-09-30,499.0,Paid,0
6438,1391,2,2026-09-30,149.0,Paid,0
6439,1264,3,2026-09-30,499.0,Paid,0
6440,1292,3,2026-09-30,0.0,Failed,0
6441,1362,2,2026-09-30,149.0,Paid,0
6442,1229,2,2026-09-30,149.0,Paid,0
6443,539,1,2026-09-30,49.0,Paid,0
6444,474,1,2026-09-30,49.0,Paid,0
6445,897,1,2026-09-30,49.0,Paid,0
6446,619,1,2026-09-30,49.0,Paid,0
6447,381,2,2026-09-30,149.0,Paid,0
6448,279,1,2026-09-30,49.0,Paid,0
6449,275,2,2026-09-30,0.0,Failed,1
6450,303,1,2026-09-30,49.0,Paid,0
6451,714,1,2026-09-30,49.0,Paid,0
6452,103,3,2026-09-30,0.0,Failed,0
6453,1185,1,2026-09-30,49.0,Paid,0
6454,1161,3,2026-09-30,0.0,Failed,1
6455,198,1,2026-09-30,0.0,Failed,1
6456,1439,4,2026-09-30,4990.0,Paid,0
6457,865,1,2026-09-30,0.0,Failed,1
6458,607,3,2026-09-30,499.0,Paid,0
6459,218,1,2026-09-30,0.0,Failed,1
6460,1478,1,2026-09-30,49.0,Paid,0
6461,951,1,2026-09-30,49.0,Paid,0
6462,1314,2,2026-09-30,0.0,Failed,0
6463,981,1,2026-09-30,49.0,Paid,0
6464,1049,1,2026-09-30,49.0,Paid,0
6465,1349,1,2026-09-30,49.0,Paid,0
6466,396,2,2026-09-30,149.0,Paid,0
6467,1194,2,2026-09-30,149.0,Paid,0
6468,819,1,2026-09-30,49.0,Paid,0
6469,112,3,2026-09-30,499.0,Paid,0
6470,887,2,2026-09-30,149.0,Paid,0
6471,130,4,2026-09-30,0.0,Failed,0
6472,862,2,2026-09-30,149.0,Paid,0
6473,728,2,2026-09-30,149.0,Paid,0
6474,1223,1,2026-09-30,0.0,Failed,1
6475,832,1,2026-09-30,49.0,Paid,0
6476,283,1,2026-09-30,49.0,Paid,0
6477,628,2,2026-09-30,149.0,Paid,0
6478,1406,1,2026-09-30,49.0,Paid,0
6479,481,2,2026-09-30,149.0,Paid,0
6480,551,1,2026-09-30,49.0,Paid,0
6481,318,1,2026-09-30,49.0,Paid,0
6482,857,1,2026-09-30,49.0,Paid,0
6483,246,2,2026-09-30,0.0,Failed,0
6484,1451,3,2026-09-30,499.0,Paid,0
6485,371,1,2026-09-30,49.0,Paid,0
6486,1393,1,2026-09-30,49.0,Paid,0
6487,1468,3,2026-09-30,0.0,Failed,1
6488,1052,1,2026-09-30,49.0,Paid,0
6489,477,1,2026-09-30,49.0,Paid,0
6490,213,2,2026-09-30,149.0,Paid,0
6491,65,2,2026-09-30,149.0,Paid,0
6492,1107,1,2026-09-30,49.0,Paid,0
6493,31,2,2026-09-30,149.0,Paid,0
6494,482,1,2026-09-30,49.0,Paid,0
6495,50,1,2026-09-30,49.0,Paid,0
6496,661,1,2026-09-30,49.0,Paid,0
6497,651,2,2026-09-30,149.0,Paid,0
6498,1377,2,2026-09-30,149.0,Paid,0
6499,135,2,2026-09-30,149.0,Paid,0
6500,1240,2,2026-09-30,149.0,Paid,0
6501,780,1,2026-09-30,49.0,Paid,0
6502,714,1,2026-09-30,49.0,Paid,0
6503,1437,1,2026-09-30,49.0,Paid,0
6504,433,1,2026-09-30,49.0,Paid,0
6505,663,1,2026-09-30,0.0,Failed,0
6506,1116,2,2026-09-30,149.0,Paid,0
6507,1412,2,2026-09-30,149.0,Paid,0
6508,816,3,2026-09-30,499.0,Paid,0
6509,1167,3,2026-09-30,499.0,Paid,0
6510,699,3,2026-09-30,499.0,Paid,0
6511,356,3,2026-09-30,499.0,Paid,0
6512,710,2,2026-09-30,0.0,Failed,1
6513,1407,4,2026-09-30,4990.0,Paid,0
6514,875,2,2026-09-30,149.0,Paid,0
6515,601,2,2026-09-30,149.0,Paid,0
6516,219,3,2026-09-30,499.0,Paid,0
6517,510,2,2026-09-30,149.0,Paid,0
6518,205,1,2026-09-30,0.0,Failed,1
6519,457,2,2026-09-30,149.0,Paid,0
6520,791,1,2026-09-30,49.0,Paid,0
6521,880,3,2026-09-30,499.0,Paid,0
6522,559,1,2026-09-30,0.0,Failed,0
6523,992,3,2026-09-30,499.0,Paid,0
6524,784,2,2026-09-30,149.0,Paid,0
6525,1021,2,2026-09-30,0.0,Failed,1
6526,1241,3,2026-09-30,499.0,Paid,0
6527,491,3,2026-09-30,499.0,Paid,0
6528,222,2,2026-09-30,149.0,Paid,0
6529,1,2,2026-09-30,0.0,Failed,0
6530,924,1,2026-09-30,0.0,Failed,1
6531,289,3,2026-09-30,499.0,Paid,0
6532,183,2,2026-09-30,149.0,Paid,0
6533,1256,1,2026-09-30,49.0,Paid,0
6534,1321,1,2026-09-30,0.0,Failed,1
6535,1296,2,2026-09-30,0.0,Failed,0
6536,1007,4,2026-09-30,4990.0,Paid,0
6537,240,2,2026-09-30,149.0,Paid,0
6538,1308,1,2026-09-30,49.0,Paid,0
6539,248,2,2026-09-30,149.0,Paid,0
6540,669,3,2026-09-30,499.0,Paid,0
6541,801,3,2026-09-30,0.0,Failed,1
6542,1446,1,2026-09-30,49.0,Paid,0
6543,101,1,2026-09-30,0.0,Failed,1
6544,776,2,2026-09-30,149.0,Paid,0
6545,708,2,2026-09-30,149.0,Paid,0
6546,1192,1,2026-09-30,49.0,Paid,0
6547,266,1,2026-09-30,49.0,Paid,0
6548,1263,1,2026-09-30,49.0,Paid,0
6549,837,2,2026-09-30,149.0,Paid,0
6550,447,2,2026-09-30,149.0,Paid,0
6551,329,2,2026-09-30,149.0,Paid,0
6552,389,1,2026-09-30,49.0,Paid,0
6553,305,2,2026-09-30,0.0,Failed,1
6554,443,3,2026-09-30,499.0,Paid,0
6555,416,3,2026-09-30,499.0,Paid,0
6556,1265,2,2026-09-30,0.0,Failed,0
6557,955,2,2026-09-30,149.0,Paid,0
6558,1049,3,2026-09-30,499.0,Paid,0
6559,291,1,2026-09-30,49.0,Paid,0
6560,465,2,2026-09-30,0.0,Failed,1
6561,830,1,2026-09-30,0.0,Failed,1
6562,946,3,2026-09-30,0.0,Failed,1
6563,435,4,2026-09-30,4990.0,Paid,0
6564,1223,3,2026-09-30,499.0,Paid,0
6565,400,2,2026-09-30,149.0,Paid,0
6566,98,2,2026-09-30,149.0,Paid,0
6567,1030,3,2026-09-30,499.0,Paid,0
6568,1243,1,2026-09-30,0.0,Failed,1
6569,126,2,2026-09-30,0.0,Failed,0
6570,1067,1,2026-09-30,49.0,Paid,0
6571,249,2,2026-09-30,149.0,Paid,0
6572,1436,3,2026-09-30,499.0,Paid,0
6573,450,1,2026-09-30,49.0,Paid,0
6574,540,1,2026-09-30,49.0,Paid,0
6575,730,1,2026-09-30,49.0,Paid,0
6576,1188,2,2026-09-30,0.0,Failed,1
6577,293,2,2026-09-30,149.0,Paid,0
6578,1013,1,2026-09-30,49.0,Paid,0
6579,47,3,2026-09-30,499.0,Paid,0
6580,326,2,2026-09-30,0.0,Failed,0
6581,953,4,2026-09-30,4990.0,Paid,0
6582,412,1,2026-09-30,0.0,Failed,1
6583,475,1,2026-09-30,0.0,Failed,0
6584,1350,3,2026-09-30,0.0,Failed,1
6585,1367,2,2026-09-30,149.0,Paid,0
6586,810,2,2026-09-30,149.0,Paid,0
6587,202,2,2026-09-30,149.0,Paid,0
6588,48,2,2026-09-30,149.0,Paid,0
6589,575,4,2026-09-30,0.0,Failed,1
6590,1488,1,2026-09-30,49.0,Paid,0
6591,1459,2,2026-09-30,0.0,Failed,1
6592,314,2,2026-09-30,149.0,Paid,0
6593,108,2,2026-09-30,149.0,Paid,0
6594,181,3,2026-09-30,499.0,Paid,0
6595,1267,1,2026-09-30,49.0,Paid,0
6596,1199,2,2026-09-30,149.0,Paid,0
6597,132,3,2026-09-30,499.0,Paid,0
6598,623,2,2026-09-30,0.0,Failed,1
6599,1172,1,2026-09-30,49.0,Paid,0
6600,759,1,2026-09-30,49.0,Paid,0
6601,987,2,2026-09-30,149.0,Paid,0
6602,518,2,2026-09-30,0.0,Failed,1
6603,1439,3,2026-09-30,499.0,Paid,0
6604,772,3,2026-09-30,499.0,Paid,0
6605,581,1,2026-09-30,0.0,Failed,1
6606,432,3,2026-09-30,499.0,Paid,0
6607,1300,2,2026-09-30,149.0,Paid,0
6608,1496,3,2026-09-30,499.0,Paid,0
6609,136,2,2026-09-30,149.0,Paid,0
6610,425,2,2026-09-30,149.0,Paid,0
6611,109,2,2026-09-30,149.0,Paid,0
6612,183,1,2026-09-30,49.0,Paid,0
6613,865,3,2026-09-30,0.0,Failed,0
6614,522,2,2026-09-30,149.0,Paid,0
6615,1192,1,2026-09-30,49.0,Paid,0
6616,1309,2,2026-09-30,149.0,Paid,0
6617,596,3,2026-09-30,499.0,Paid,0
6618,994,2,2026-09-30,149.0,Paid,0
6619,418,1,2026-09-30,49.0,Paid,0
6620,1452,2,2026-09-30,0.0,Failed,1
6621,1474,3,2026-09-30,499.0,Paid,0
6622,1282,3,2026-09-30,499.0,Paid,0
6623,189,3,2026-09-30,499.0,Paid,0
6624,889,2,2026-09-30,149.0,Paid,0
6625,451,1,2026-09-30,0.0,Failed,1
6626,1301,2,2026-09-30,149.0,Paid,0
6627,1383,1,2026-09-30,49.0,Paid,0
6628,1115,3,2026-09-30,499.0,Paid,0
6629,316,3,2026-09-30,499.0,Paid,0
6630,1110,2,2026-09-30,0.0,Failed,0
6631,1393,2,2026-09-30,149.0,Paid,0
6632,1384,1,2026-09-30,49.0,Paid,0
6633,922,2,2026-09-30,149.0,Paid,0
6634,492,3,2026-09-30,0.0,Failed,1
6635,1351,1,2026-09-30,49.0,Paid,0
6636,1241,2,2026-09-30,149.0,Paid,0
6637,715,1,2026-09-30,0.0,Failed,0
6638,1072,1,2026-09-30,0.0,Failed,1
6639,35,2,2026-09-30,149.0,Paid,0
6640,1029,2,2026-09-30,149.0,Paid,0
6641,118,1,2026-09-30,0.0,Failed,0
6642,1276,1,2026-09-30,49.0,Paid,0
6643,21,2,2026-09-30,149.0,Paid,0
6644,1342,1,2026-09-30,49.0,Paid,0
6645,982,1,2026-09-30,0.0,Failed,0
6646,1260,1,2026-09-30,49.0,Paid,0
6647,51,1,2026-09-30,0.0,Failed,1
6648,437,3,2026-09-30,499.0,Paid,0
6649,911,1,2026-09-30,49.0,Paid,0
6650,444,3,2026-09-30,499.0,Paid,0
6651,1107,2,2026-09-30,149.0,Paid,0
6652,1418,1,2026-09-30,0.0,Failed,1
6653,1262,2,2026-09-30,149.0,Paid,0
6654,483,4,2026-09-30,4990.0,Paid,0
6655,1122,1,2026-09-30,49.0,Paid,0
6656,374,1,2026-09-30,49.0,Paid,0
6657,1393,3,2026-09-30,499.0,Paid,0
6658,1390,1,2026-09-30,49.0,Paid,0
6659,1128,3,2026-09-30,0.0,Failed,1
6660,9,2,2026-09-30,149.0,Paid,0
6661,751,1,2026-09-30,0.0,Failed,1
6662,387,2,2026-09-30,149.0,Paid,0
6663,211,2,2026-09-30,0.0,Failed,1
6664,1261,2,2026-09-30,149.0,Paid,0
6665,706,3,2026-09-30,499.0,Paid,0
6666,1176,1,2026-09-30,49.0,Paid,0
6667,361,1,2026-09-30,49.0,Paid,0
6668,217,2,2026-09-30,149.0,Paid,0
6669,1311,2,2026-09-30,149.0,Paid,0
6670,113,4,2026-09-30,0.0,Failed,1
6671,700,3,2026-09-30,0.0,Failed,1
6672,732,3,2026-09-30,499.0,Paid,0
6673,319,2,2026-09-30,0.0,Failed,1
6674,115,2,2026-09-30,0.0,Failed,0
6675,1342,2,2026-09-30,149.0,Paid,0
6676,1438,1,2026-09-30,49.0,Paid,0
6677,325,1,2026-09-30,0.0,Failed,1
6678,895,3,2026-09-30,499.0,Paid,0
6679,242,3,2026-09-30,0.0,Failed,1
6680,329,1,2026-09-30,49.0,Paid,0
6681,439,1,2026-09-30,49.0,Paid,0
6682,1151,1,2026-09-30,49.0,Paid,0
6683,815,3,2026-09-30,0.0,Failed,1
6684,1188,4,2026-09-30,4990.0,Paid,0
6685,1226,1,2026-09-30,49.0,Paid,0
6686,609,1,2026-09-30,49.0,Paid,0
6687,1021,1,2026-09-30,49.0,Paid,0
6688,900,2,2026-09-30,149.0,Paid,0
6689,926,3,2026-09-30,499.0,Paid,0
6690,715,4,2026-09-30,4990.0,Paid,0
6691,1041,1,2026-09-30,0.0,Failed,0
6692,1020,2,2026-09-30,149.0,Paid,0
6693,1360,1,2026-09-30,0.0,Failed,1
6694,10,1,2026-09-30,0.0,Failed,0
6695,108,1,2026-09-30,0.0,Failed,0
6696,691,1,2026-09-30,49.0,Paid,0
6697,1200,2,2026-09-30,149.0,Paid,0
6698,1263,1,2026-09-30,49.0,Paid,0
6699,846,2,2026-09-30,149.0,Paid,0
6700,636,3,2026-09-30,0.0,Failed,1
6701,1251,2,2026-09-30,149.0,Paid,0
6702,95,3,2026-09-30,499.0,Paid,0
6703,614,2,2026-09-30,0.0,Failed,0
6704,1419,4,2026-09-30,0.0,Failed,1
6705,1443,3,2026-09-30,499.0,Paid,0
6706,1034,1,2026-09-30,49.0,Paid,0
6707,210,2,2026-09-30,0.0,Failed,1
6708,1290,2,2026-09-30,149.0,Paid,0
6709,1310,2,2026-09-30,149.0,Paid,0
6710,686,1,2026-09-30,49.0,Paid,0
6711,460,2,2026-09-30,149.0,Paid,0
6712,1190,3,2026-09-30,499.0,Paid,0
6713,544,2,2026-09-30,0.0,Failed,0
6714,276,3,2026-09-30,0.0,Failed,1
6715,1473,1,2026-09-30,49.0,Paid,0
6716,1048,2,2026-09-30,0.0,Failed,0
6717,646,2,2026-09-30,149.0,Paid,0
6718,1379,2,2026-09-30,149.0,Paid,0
6719,565,1,2026-09-30,49.0,Paid,0
6720,1496,4,2026-09-30,4990.0,Paid,0
6721,458,3,2026-09-30,499.0,Paid,0
6722,679,2,2026-09-30,149.0,Paid,0
6723,1169,2,2026-09-30,149.0,Paid,0
6724,888,2,2026-09-30,149.0,Paid,0
6725,714,3,2026-09-30,499.0,Paid,0
6726,294,1,2026-09-30,0.0,Failed,0
6727,659,1,2026-09-30,49.0,Paid,0
6728,1171,2,2026-09-30,149.0,Paid,0
6729,1123,1,2026-09-30,49.0,Paid,0
6730,1178,2,2026-09-30,149.0,Paid,0
6731,251,1,2026-09-30,0.0,Failed,1
6732,868,3,2026-09-30,499.0,Paid,0
6733,111,1,2026-09-30,49.0,Paid,0
6734,578,2,2026-09-30,149.0,Paid,0
6735,1240,3,2026-09-30,499.0,Paid,0
6736,1267,2,2026-09-30,149.0,Paid,0
6737,127,1,2026-09-30,49.0,Paid,0
6738,1264,2,2026-09-30,149.0,Paid,0
6739,537,3,2026-09-30,499.0,Paid,0
6740,733,2,2026-09-30,149.0,Paid,0
6741,345,1,2026-09-30,49.0,Paid,0
6742,334,1,2026-09-30,49.0,Paid,0
6743,184,3,2026-09-30,499.0,Paid,0
6744,1117,2,2026-09-30,0.0,Failed,1
6745,1168,1,2026-09-30,0.0,Failed,1
6746,357,1,2026-09-30,49.0,Paid,0
6747,1447,1,2026-09-30,49.0,Paid,0
6748,686,4,2026-09-30,4990.0,Paid,0
6749,1242,1,2026-09-30,49.0,Paid,0
6750,938,1,2026-09-30,0.0,Failed,0
6751,5,4,2026-09-30,0.0,Failed,0
6752,1187,4,2026-09-30,4990.0,Paid,0
6753,1397,2,2026-09-30,0.0,Failed,1
6754,231,1,2026-09-30,49.0,Paid,0
6755,206,1,2026-09-30,49.0,Paid,0
6756,1140,1,2026-09-30,49.0,Paid,0
6757,738,2,2026-09-30,149.0,Paid,0
6758,1103,4,2026-09-30,0.0,Failed,1
6759,127,2,2026-09-30,149.0,Paid,0
6760,280,2,2026-09-30,149.0,Paid,0
6761,768,1,2026-09-30,49.0,Paid,0
6762,1225,1,2026-09-30,49.0,Paid,0
6763,1073,2,2026-09-30,0.0,Failed,1
6764,40,1,2026-09-30,49.0,Paid,0
6765,726,3,2026-09-30,499.0,Paid,0
6766,56,3,2026-09-30,499.0,Paid,0
6767,749,4,2026-09-30,0.0,Failed,1
6768,685,4,2026-09-30,0.0,Failed,1
6769,535,2,2026-09-30,149.0,Paid,0
6770,1152,1,2026-09-30,0.0,Failed,1
6771,977,1,2026-09-30,49.0,Paid,0
6772,1213,2,2026-09-30,149.0,Paid,0
6773,1500,2,2026-09-30,0.0,Failed,0
6774,1083,2,2026-09-30,149.0,Paid,0
6775,232,2,2026-09-30,149.0,Paid,0
6776,1290,3,2026-09-30,499.0,Paid,0
6777,246,2,2026-09-30,149.0,Paid,0
6778,970,2,2026-09-30,149.0,Paid,0
6779,427,1,2026-09-30,49.0,Paid,0
6780,482,1,2026-09-30,49.0,Paid,0
6781,1290,3,2026-09-30,499.0,Paid,0
6782,1371,2,2026-09-30,149.0,Paid,0
6783,297,2,2026-09-30,0.0,Failed,0
6784,853,1,2026-09-30,0.0,Failed,0
6785,1263,2,2026-09-30,149.0,Paid,0
6786,394,2,2026-09-30,149.0,Paid,0
6787,354,2,2026-09-30,149.0,Paid,0
6788,371,3,2026-09-30,499.0,Paid,0
6789,578,2,2026-09-30,149.0,Paid,0
6790,652,1,2026-09-30,0.0,Failed,1
6791,1151,1,2026-09-30,49.0,Paid,0
6792,1201,1,2026-09-30,49.0,Paid,0
6793,71,3,2026-09-30,499.0,Paid,0
6794,1370,3,2026-09-30,499.0,Paid,0
6795,31,2,2026-09-30,149.0,Paid,0
6796,1047,1,2026-09-30,49.0,Paid,0
6797,564,3,2026-09-30,0.0,Failed,1
6798,255,2,2026-09-30,149.0,Paid,0
6799,1284,3,2026-09-30,499.0,Paid,0
6800,1013,2,2026-09-30,149.0,Paid,0
6801,430,1,2026-09-30,49.0,Paid,0
6802,122,3,2026-09-30,0.0,Failed,1
6803,681,2,2026-09-30,149.0,Paid,0
6804,1020,1,2026-09-30,49.0,Paid,0
6805,712,2,2026-09-30,149.0,Paid,0
6806,837,2,2026-09-30,149.0,Paid,0
6807,97,1,2026-09-30,49.0,Paid,0
6808,320,2,2026-09-30,0.0,Failed,0
6809,1133,1,2026-09-30,49.0,Paid,0
6810,828,1,2026-09-30,49.0,Paid,0
6811,790,4,2026-09-30,4990.0,Paid,0
6812,1299,1,2026-09-30,49.0,Paid,0
6813,90,2,2026-09-30,149.0,Paid,0
6814,272,1,2026-09-30,0.0,Failed,0
6815,1345,1,2026-09-30,49.0,Paid,0
6816,1473,2,2026-09-30,149.0,Paid,0
6817,1368,3,2026-09-30,0.0,Failed,1
6818,1178,1,2026-09-30,49.0,Paid,0
6819,1483,1,2026-09-30,49.0,Paid,0
6820,215,1,2026-09-30,49.0,Paid,0
6821,1241,1,2026-09-30,49.0,Paid,0
6822,56,2,2026-09-30,149.0,Paid,0
6823,1079,1,2026-09-30,49.0,Paid,0
6824,730,1,2026-09-30,49.0,Paid,0
6825,1217,2,2026-09-30,149.0,Paid,0
6826,604,2,2026-09-30,149.0,Paid,0
6827,1350,3,2026-09-30,499.0,Paid,0
6828,592,2,2026-09-30,149.0,Paid,0
6829,258,2,2026-09-30,0.0,Failed,0
6830,844,1,2026-09-30,49.0,Paid,0
6831,1202,1,2026-09-30,49.0,Paid,0
6832,787,1,2026-09-30,49.0,Paid,0
6833,617,1,2026-09-30,0.0,Failed,0
6834,744,2,2026-09-30,149.0,Paid,0
6835,599,2,2026-09-30,149.0,Paid,0
6836,650,1,2026-09-30,0.0,Failed,1
6837,652,3,2026-09-30,499.0,Paid,0
6838,51,1,2026-09-30,49.0,Paid,0
6839,975,3,2026-09-30,499.0,Paid,0
6840,318,1,2026-09-30,49.0,Paid,0
6841,459,3,2026-09-30,0.0,Failed,1
6842,1080,1,2026-09-30,49.0,Paid,0
6843,999,2,2026-09-30,149.0,Paid,0
6844,904,2,2026-09-30,149.0,Paid,0
6845,515,3,2026-09-30,499.0,Paid,0
6846,528,1,2026-09-30,49.0,Paid,0
6847,4,2,2026-09-30,149.0,Paid,0
6848,564,3,2026-09-30,499.0,Paid,0
6849,590,2,2026-09-30,149.0,Paid,0
6850,471,4,2026-09-30,0.0,Failed,0
6851,90,2,2026-09-30,149.0,Paid,0
6852,1228,2,2026-09-30,149.0,Paid,0
6853,978,1,2026-09-30,49.0,Paid,0
6854,880,1,2026-09-30,49.0,Paid,0
6855,1221,3,2026-09-30,0.0,Failed,0
6856,430,1,2026-09-30,49.0,Paid,0
6857,327,1,2026-09-30,49.0,Paid,0
6858,1088,1,2026-09-30,49.0,Paid,0
6859,1312,2,2026-09-30,149.0,Paid,0
6860,1398,3,2026-09-30,499.0,Paid,0
6861,851,3,2026-09-30,499.0,Paid,0
6862,180,2,2026-09-30,149.0,Paid,0
6863,757,3,2026-09-30,499.0,Paid,0
6864,1141,2,2026-09-30,149.0,Paid,0
6865,1081,1,2026-09-30,49.0,Paid,0
6866,1233,2,2026-09-30,149.0,Paid,0
6867,1150,1,2026-09-30,49.0,Paid,0
6868,585,1,2026-09-30,49.0,Paid,0
6869,844,1,2026-09-30,49.0,Paid,0
6870,1348,3,2026-09-30,499.0,Paid,0
6871,696,1,2026-09-30,49.0,Paid,0
6872,401,1,2026-09-30,0.0,Failed,0
6873,1221,2,2026-09-30,149.0,Paid,0
6874,554,1,2026-09-30,49.0,Paid,0
6875,380,1,2026-09-30,49.0,Paid,0
6876,402,3,2026-09-30,499.0,Paid,0
6877,51,2,2026-09-30,149.0,Paid,0
6878,1395,2,2026-09-30,0.0,Failed,1
6879,771,1,2026-09-30,49.0,Paid,0
6880,601,2,2026-09-30,149.0,Paid,0
6881,1347,2,2026-09-30,0.0,Failed,0
6882,350,1,2026-09-30,0.0,Failed,1
6883,1174,2,2026-09-30,0.0,Failed,1
6884,278,1,2026-09-30,49.0,Paid,0
6885,750,2,2026-09-30,0.0,Failed,0
6886,160,1,2026-09-30,49.0,Paid,0
6887,229,2,2026-09-30,149.0,Paid,0
6888,965,3,2026-09-30,499.0,Paid,0
6889,596,2,2026-09-30,149.0,Paid,0
6890,362,4,2026-09-30,0.0,Failed,1
6891,1194,2,2026-09-30,149.0,Paid,0
6892,729,1,2026-09-30,49.0,Paid,0
6893,175,1,2026-09-30,0.0,Failed,1
6894,1181,1,2026-09-30,0.0,Failed,1
6895,116,3,2026-09-30,499.0,Paid,0
6896,108,1,2026-09-30,49.0,Paid,0
6897,43,3,2026-09-30,0.0,Failed,1
6898,122,1,2026-09-30,49.0,Paid,0
6899,456,1,2026-09-30,49.0,Paid,0
6900,696,3,2026-09-30,499.0,Paid,0
6901,189,1,2026-09-30,49.0,Paid,0
6902,40,1,2026-09-30,0.0,Failed,0
6903,715,2,2026-09-30,149.0,Paid,0
6904,490,2,2026-09-30,0.0,Failed,0
6905,485,2,2026-09-30,0.0,Failed,0
6906,187,2,2026-09-30,149.0,Paid,0
6907,750,2,2026-09-30,0.0,Failed,1
6908,98,3,2026-09-30,499.0,Paid,0
6909,357,2,2026-09-30,149.0,Paid,0
6910,1098,1,2026-09-30,0.0,Failed,1
6911,972,4,2026-09-30,4990.0,Paid,0
6912,232,1,2026-09-30,49.0,Paid,0
6913,422,4,2026-09-30,4990.0,Paid,0
6914,108,1,2026-09-30,49.0,Paid,0
6915,477,2,2026-09-30,149.0,Paid,0
6916,76,1,2026-09-30,0.0,Failed,0
6917,1141,2,2026-09-30,149.0,Paid,0
6918,1386,1,2026-09-30,49.0,Paid,0
6919,1180,1,2026-09-30,49.0,Paid,0
6920,806,1,2026-09-30,49.0,Paid,0
6921,1013,1,2026-09-30,49.0,Paid,0
6922,886,2,2026-09-30,149.0,Paid,0
6923,759,1,2026-09-30,49.0,Paid,0
6924,423,1,2026-09-30,49.0,Paid,0
6925,728,4,2026-09-30,4990.0,Paid,0
6926,325,3,2026-09-30,499.0,Paid,0
6927,904,1,2026-09-30,49.0,Paid,0
6928,895,2,2026-09-30,0.0,Failed,0
6929,258,1,2026-09-30,0.0,Failed,1
6930,1010,1,2026-09-30,0.0,Failed,1
6931,569,3,2026-09-30,499.0,Paid,0
6932,341,3,2026-09-30,499.0,Paid,0
6933,1483,3,2026-09-30,499.0,Paid,0
6934,738,2,2026-09-30,0.0,Failed,1
6935,302,1,2026-09-30,0.0,Failed,1
6936,769,1,2026-09-30,0.0,Failed,1
6937,1342,3,2026-09-30,499.0,Paid,0
6938,1423,2,2026-09-30,149.0,Paid,0
6939,1048,2,2026-09-30,149.0,Paid,0
6940,142,1,2026-09-30,49.0,Paid,0
6941,252,1,2026-09-30,49.0,Paid,0
6942,481,3,2026-09-30,499.0,Paid,0
6943,380,3,2026-09-30,499.0,Paid,0
6944,1310,2,2026-09-30,149.0,Paid,0
6945,574,3,2026-09-30,499.0,Paid,0
6946,10,1,2026-09-30,49.0,Paid,0
6947,1386,2,2026-09-30,149.0,Paid,0
6948,1310,2,2026-09-30,149.0,Paid,0
6949,1442,2,2026-09-30,149.0,Paid,0
6950,1088,3,2026-09-30,499.0,Paid,0
6951,694,2,2026-09-30,149.0,Paid,0
6952,722,4,2026-09-30,4990.0,Paid,0
6953,875,1,2026-09-30,49.0,Paid,0
6954,1298,2,2026-09-30,149.0,Paid,0
6955,1256,2,2026-09-30,0.0,Failed,1
6956,716,2,2026-09-30,149.0,Paid,0
6957,1295,2,2026-09-30,149.0,Paid,0
6958,1498,3,2026-09-30,499.0,Paid,0
6959,437,1,2026-09-30,49.0,Paid,0
6960,978,1,2026-09-30,49.0,Paid,0
6961,1199,4,2026-09-30,4990.0,Paid,0
6962,127,3,2026-09-30,0.0,Failed,1
6963,1313,3,2026-09-30,0.0,Failed,0
6964,651,1,2026-09-30,49.0,Paid,0
6965,684,2,2026-09-30,0.0,Failed,0
6966,1070,2,2026-09-30,149.0,Paid,0
6967,765,1,2026-09-30,49.0,Paid,0
6968,1392,3,2026-09-30,499.0,Paid,0
6969,581,2,2026-09-30,149.0,Paid,0
6970,1323,2,2026-09-30,149.0,Paid,0
6971,951,1,2026-09-30,49.0,Paid,0
6972,900,3,2026-09-30,499.0,Paid,0
6973,18,2,2026-09-30,149.0,Paid,0
6974,1255,2,2026-09-30,149.0,Paid,0
6975,652,1,2026-09-30,0.0,Failed,1
6976,114,1,2026-09-30,49.0,Paid,0
6977,86,2,2026-09-30,149.0,Paid,0
6978,771,1,2026-09-30,49.0,Paid,0
6979,134,1,2026-09-30,0.0,Failed,1
6980,222,2,2026-09-30,0.0,Failed,1
6981,1156,3,2026-09-30,499.0,Paid,0
6982,146,2,2026-09-30,149.0,Paid,0
6983,876,2,2026-09-30,149.0,Paid,0
6984,794,2,2026-09-30,149.0,Paid,0
6985,315,2,2026-09-30,149.0,Paid,0
6986,82,1,2026-09-30,49.0,Paid,0
6987,935,1,2026-09-30,49.0,Paid,0
6988,70,3,2026-09-30,0.0,Failed,1
6989,942,1,2026-09-30,49.0,Paid,0
6990,844,3,2026-09-30,499.0,Paid,0
6991,1131,2,2026-09-30,149.0,Paid,0
6992,975,1,2026-09-30,49.0,Paid,0
6993,853,3,2026-09-30,499.0,Paid,0
6994,917,1,2026-09-30,49.0,Paid,0
6995,1005,1,2026-09-30,49.0,Paid,0
6996,173,1,2026-09-30,0.0,Failed,0
6997,1335,3,2026-09-30,0.0,Failed,1
6998,4,2,2026-09-30,0.0,Failed,1
6999,1052,1,2026-09-30,49.0,Paid,0
7000,1290,2,2026-09-30,0.0,Failed,1
7001,147,2,2026-09-30,0.0,Failed,1
7002,1079,3,2026-09-30,499.0,Paid,0
7003,930,1,2026-09-30,0.0,Failed,1
7004,43,1,2026-09-30,49.0,Paid,0
7005,288,1,2026-09-30,49.0,Paid,0
7006,347,2,2026-09-30,149.0,Paid,0
7007,1258,1,2026-09-30,49.0,Paid,0
7008,74,1,2026-09-30,49.0,Paid,0
7009,1119,3,2026-09-30,0.0,Failed,1
7010,551,2,2026-09-30,149.0,Paid,0
7011,11,3,2026-09-30,0.0,Failed,1
7012,1062,3,2026-09-30,499.0,Paid,0
7013,82,3,2026-09-30,499.0,Paid,0
7014,577,2,2026-09-30,149.0,Paid,0
7015,168,3,2026-09-30,0.0,Failed,1
7016,368,2,2026-09-30,149.0,Paid,0
7017,744,1,2026-09-30,0.0,Failed,1
7018,277,3,2026-09-30,499.0,Paid,0
7019,1039,2,2026-09-30,149.0,Paid,0
7020,887,2,2026-09-30,149.0,Paid,0
7021,129,3,2026-09-30,0.0,Failed,1
7022,320,3,2026-09-30,499.0,Paid,0
7023,618,3,2026-09-30,0.0,Failed,1
7024,74,4,2026-09-30,4990.0,Paid,0
7025,321,3,2026-09-30,499.0,Paid,0
7026,1062,2,2026-09-30,149.0,Paid,0
7027,667,3,2026-09-30,499.0,Paid,0
7028,1304,2,2026-09-30,149.0,Paid,0
7029,1425,2,2026-09-30,149.0,Paid,0
7030,1266,3,2026-09-30,499.0,Paid,0
7031,5,4,2026-09-30,4990.0,Paid,0
7032,603,1,2026-09-30,49.0,Paid,0
7033,1333,3,2026-09-30,0.0,Failed,1
7034,768,1,2026-09-30,49.0,Paid,0
7035,1351,2,2026-09-30,149.0,Paid,0
7036,589,2,2026-09-30,0.0,Failed,0
7037,1406,4,2026-09-30,4990.0,Paid,0
7038,5,1,2026-09-30,0.0,Failed,1
7039,423,2,2026-09-30,149.0,Paid,0
7040,30,1,2026-09-30,0.0,Failed,1
7041,1500,3,2026-09-30,0.0,Failed,1
7042,1061,3,2026-09-30,499.0,Paid,0
7043,1046,2,2026-09-30,149.0,Paid,0
7044,1022,3,2026-09-30,499.0,Paid,0
7045,90,3,2026-09-30,499.0,Paid,0
7046,1254,2,2026-09-30,149.0,Paid,0
7047,1430,2,2026-09-30,0.0,Failed,1
7048,920,3,2026-09-30,0.0,Failed,1
7049,775,1,2026-09-30,49.0,Paid,0
7050,1453,2,2026-09-30,0.0,Failed,0
7051,639,3,2026-09-30,499.0,Paid,0
7052,1306,1,2026-09-30,0.0,Failed,1
7053,850,1,2026-09-30,49.0,Paid,0
7054,527,4,2026-09-30,4990.0,Paid,0
7055,1307,2,2026-09-30,149.0,Paid,0
7056,624,3,2026-09-30,499.0,Paid,0
7057,959,2,2026-09-30,149.0,Paid,0
7058,503,2,2026-09-30,0.0,Failed,1
7059,405,1,2026-09-30,0.0,Failed,1
7060,1192,1,2026-09-30,49.0,Paid,0
7061,1068,3,2026-09-30,0.0,Failed,0
7062,300,3,2026-09-30,499.0,Paid,0
7063,960,3,2026-09-30,0.0,Failed,0
7064,527,3,2026-09-30,499.0,Paid,0
7065,263,2,2026-09-30,149.0,Paid,0
7066,1217,3,2026-09-30,499.0,Paid,0
7067,878,2,2026-09-30,149.0,Paid,0
7068,1287,1,2026-09-30,49.0,Paid,0
7069,388,3,2026-09-30,499.0,Paid,0
7070,1475,1,2026-09-30,49.0,Paid,0
7071,615,1,2026-09-30,0.0,Failed,1
7072,1154,1,2026-09-30,49.0,Paid,0
7073,1135,4,2026-09-30,4990.0,Paid,0
7074,441,1,2026-09-30,49.0,Paid,0
7075,626,3,2026-09-30,499.0,Paid,0
7076,1482,1,2026-09-30,49.0,Paid,0
7077,794,2,2026-09-30,149.0,Paid,0
7078,272,3,2026-09-30,0.0,Failed,0
7079,992,2,2026-09-30,149.0,Paid,0
7080,1239,3,2026-09-30,499.0,Paid,0
7081,1361,1,2026-09-30,49.0,Paid,0
7082,1434,2,2026-09-30,149.0,Paid,0
7083,232,1,2026-09-30,0.0,Failed,0
7084,150,3,2026-09-30,499.0,Paid,0
7085,749,2,2026-09-30,0.0,Failed,0
7086,204,3,2026-09-30,499.0,Paid,0
7087,236,3,2026-09-30,499.0,Paid,0
7088,1083,1,2026-09-30,0.0,Failed,0
7089,434,1,2026-09-30,49.0,Paid,0
7090,1249,1,2026-09-30,49.0,Paid,0
7091,232,1,2026-09-30,0.0,Failed,0
7092,830,1,2026-09-30,49.0,Paid,0
7093,771,1,2026-09-30,0.0,Failed,0
7094,747,1,2026-09-30,0.0,Failed,0
7095,1241,3,2026-09-30,499.0,Paid,0
7096,248,3,2026-09-30,499.0,Paid,0
7097,132,1,2026-09-30,49.0,Paid,0
7098,128,1,2026-09-30,49.0,Paid,0
7099,604,1,2026-09-30,49.0,Paid,0
7100,285,2,2026-09-30,149.0,Paid,0
7101,284,3,2026-09-30,0.0,Failed,1
7102,1159,1,2026-09-30,0.0,Failed,0
7103,1288,1,2026-09-30,49.0,Paid,0
7104,1297,2,2026-09-30,0.0,Failed,0
7105,338,3,2026-09-30,0.0,Failed,1
7106,464,2,2026-09-30,149.0,Paid,0
7107,180,1,2026-09-30,49.0,Paid,0
7108,126,2,2026-09-30,149.0,Paid,0
7109,1223,2,2026-09-30,0.0,Failed,0
7110,566,1,2026-09-30,49.0,Paid,0
7111,885,2,2026-09-30,149.0,Paid,0
7112,275,2,2026-09-30,149.0,Paid,0
7113,771,2,2026-09-30,149.0,Paid,0
7114,1497,1,2026-09-30,49.0,Paid,0
7115,577,3,2026-09-30,499.0,Paid,0
7116,1491,2,2026-09-30,149.0,Paid,0
7117,846,2,2026-09-30,149.0,Paid,0
7118,1415,2,2026-09-30,149.0,Paid,0
7119,637,3,2026-09-30,499.0,Paid,0
7120,1091,1,2026-09-30,0.0,Failed,1
7121,1143,3,2026-09-30,499.0,Paid,0
7122,1001,3,2026-09-30,499.0,Paid,0
7123,1041,3,2026-09-30,0.0,Failed,0
7124,332,2,2026-09-30,149.0,Paid,0
7125,1244,2,2026-09-30,149.0,Paid,0
7126,384,3,2026-09-30,499.0,Paid,0
7127,697,1,2026-09-30,49.0,Paid,0
7128,55,2,2026-09-30,149.0,Paid,0
7129,311,1,2026-09-30,49.0,Paid,0
7130,231,1,2026-09-30,0.0,Failed,1
7131,970,2,2026-09-30,149.0,Paid,0
7132,573,1,2026-09-30,49.0,Paid,0
7133,1478,1,2026-09-30,0.0,Failed,1
7134,263,4,2026-09-30,0.0,Failed,1
7135,441,1,2026-09-30,49.0,Paid,0
7136,495,3,2026-09-30,499.0,Paid,0
7137,67,2,2026-09-30,149.0,Paid,0
7138,1341,1,2026-09-30,49.0,Paid,0
7139,401,2,2026-09-30,149.0,Paid,0
7140,1310,1,2026-09-30,49.0,Paid,0
7141,931,3,2026-09-30,0.0,Failed,0
7142,447,1,2026-09-30,49.0,Paid,0
7143,324,1,2026-09-30,0.0,Failed,0
7144,252,1,2026-09-30,49.0,Paid,0
7145,240,1,2026-09-30,49.0,Paid,0
7146,250,2,2026-09-30,149.0,Paid,0
7147,748,2,2026-09-30,0.0,Failed,1
7148,603,3,2026-09-30,499.0,Paid,0
7149,255,1,2026-09-30,49.0,Paid,0
7150,879,2,2026-09-30,149.0,Paid,0
7151,452,2,2026-09-30,0.0,Failed,1
7152,141,1,2026-09-30,49.0,Paid,0
7153,714,3,2026-09-30,499.0,Paid,0
7154,116,3,2026-09-30,499.0,Paid,0
7155,1103,3,2026-09-30,499.0,Paid,0
7156,678,2,2026-09-30,0.0,Failed,1
7157,870,3,2026-09-30,499.0,Paid,0
7158,1379,3,2026-09-30,499.0,Paid,0
7159,882,1,2026-09-30,49.0,Paid,0
7160,1,2,2026-09-30,149.0,Paid,0
7161,1126,2,2026-09-30,0.0,Failed,1
7162,314,2,2026-09-30,0.0,Failed,1
7163,211,1,2026-09-30,0.0,Failed,0
7164,281,1,2026-09-30,0.0,Failed,0
7165,725,1,2026-09-30,0.0,Failed,1
7166,1215,1,2026-09-30,49.0,Paid,0
7167,1120,1,2026-09-30,0.0,Failed,1
7168,1158,3,2026-09-30,499.0,Paid,0
7169,162,2,2026-09-30,149.0,Paid,0
7170,421,1,2026-09-30,49.0,Paid,0
7171,179,1,2026-09-30,49.0,Paid,0
7172,640,4,2026-09-30,4990.0,Paid,0
7173,793,2,2026-09-30,149.0,Paid,0
7174,204,2,2026-09-30,0.0,Failed,0
7175,1345,3,2026-09-30,499.0,Paid,0
7176,838,1,2026-09-30,49.0,Paid,0
7177,1403,1,2026-09-30,49.0,Paid,0
7178,1127,1,2026-09-30,49.0,Paid,0
7179,297,2,2026-09-30,149.0,Paid,0
7180,876,3,2026-09-30,0.0,Failed,1
7181,1424,3,2026-09-30,0.0,Failed,0
7182,493,3,2026-09-30,0.0,Failed,1
7183,1373,1,2026-09-30,49.0,Paid,0
7184,1396,1,2026-09-30,49.0,Paid,0
7185,631,3,2026-09-30,499.0,Paid,0
7186,61,1,2026-09-30,49.0,Paid,0
7187,691,3,2026-09-30,0.0,Failed,0
7188,961,3,2026-09-30,499.0,Paid,0
7189,1328,3,2026-09-30,0.0,Failed,0
7190,710,3,2026-09-30,499.0,Paid,0
7191,199,2,2026-09-30,149.0,Paid,0
7192,359,3,2026-09-30,499.0,Paid,0
7193,497,2,2026-09-30,149.0,Paid,0
7194,82,1,2026-09-30,49.0,Paid,0
7195,949,2,2026-09-30,0.0,Failed,1
7196,115,2,2026-09-30,149.0,Paid,0
7197,383,3,2026-09-30,499.0,Paid,0
7198,48,2,2026-09-30,0.0,Failed,1
7199,92,3,2026-09-30,499.0,Paid,0
7200,40,2,2026-09-30,149.0,Paid,0
7201,1458,1,2026-09-30,49.0,Paid,0
7202,97,2,2026-09-30,0.0,Failed,1
7203,429,1,2026-09-30,49.0,Paid,0
7204,1017,1,2026-09-30,49.0,Paid,0
7205,1329,2,2026-09-30,149.0,Paid,0
7206,370,2,2026-09-30,149.0,Paid,0
7207,1382,3,2026-09-30,499.0,Paid,0
7208,401,2,2026-09-30,149.0,Paid,0
7209,1055,3,2026-09-30,499.0,Paid,0
7210,1195,3,2026-09-30,0.0,Failed,1
7211,11,3,2026-09-30,499.0,Paid,0
7212,16,3,2026-09-30,0.0,Failed,1
7213,1295,1,2026-09-30,49.0,Paid,0
7214,1214,1,2026-09-30,49.0,Paid,0
7215,977,1,2026-09-30,49.0,Paid,0
7216,1037,2,2026-09-30,149.0,Paid,0
7217,1145,3,2026-09-30,499.0,Paid,0
7218,1251,2,2026-09-30,149.0,Paid,0
7219,198,2,2026-09-30,149.0,Paid,0
7220,200,3,2026-09-30,499.0,Paid,0
7221,954,2,2026-09-30,0.0,Failed,1
7222,17,1,2026-09-30,49.0,Paid,0
7223,1065,2,2026-09-30,0.0,Failed,0
7224,655,2,2026-09-30,149.0,Paid,0
7225,843,1,2026-09-30,49.0,Paid,0
7226,684,1,2026-09-30,49.0,Paid,0
7227,345,2,2026-09-30,0.0,Failed,0
7228,691,3,2026-09-30,499.0,Paid,0
7229,999,3,2026-09-30,499.0,Paid,0
7230,160,1,2026-09-30,0.0,Failed,0
7231,1167,1,2026-09-30,49.0,Paid,0
7232,668,1,2026-09-30,0.0,Failed,0
7233,874,3,2026-09-30,499.0,Paid,0
7234,702,2,2026-09-30,0.0,Failed,1
7235,758,1,2026-09-30,49.0,Paid,0
7236,657,2,2026-09-30,0.0,Failed,0
7237,692,1,2026-09-30,49.0,Paid,0
7238,1221,1,2026-09-30,49.0,Paid,0
7239,961,1,2026-09-30,49.0,Paid,0
7240,516,2,2026-09-30,149.0,Paid,0
7241,847,1,2026-09-30,49.0,Paid,0
7242,400,1,2026-09-30,49.0,Paid,0
7243,684,1,2026-09-30,49.0,Paid,0
7244,581,2,2026-09-30,0.0,Failed,1
7245,1214,2,2026-09-30,0.0,Failed,1
7246,618,2,2026-09-30,149.0,Paid,0
7247,877,2,2026-09-30,149.0,Paid,0
7248,1452,1,2026-09-30,49.0,Paid,0
7249,236,2,2026-09-30,0.0,Failed,1
7250,1143,2,2026-09-30,149.0,Paid,0
7251,261,3,2026-09-30,499.0,Paid,0
7252,1045,2,2026-09-30,0.0,Failed,0
7253,573,3,2026-09-30,499.0,Paid,0
7254,119,1,2026-09-30,49.0,Paid,0
7255,698,1,2026-09-30,49.0,Paid,0
7256,1363,1,2026-09-30,49.0,Paid,0
7257,1118,2,2026-09-30,0.0,Failed,1
7258,857,2,2026-09-30,0.0,Failed,0
7259,449,2,2026-09-30,149.0,Paid,0
7260,601,2,2026-09-30,0.0,Failed,1
7261,631,1,2026-09-30,49.0,Paid,0
7262,489,2,2026-09-30,149.0,Paid,0
7263,540,3,2026-09-30,499.0,Paid,0
7264,53,2,2026-09-30,0.0,Failed,0
7265,278,2,2026-09-30,0.0,Failed,1
7266,784,1,2026-09-30,49.0,Paid,0
7267,1461,3,2026-09-30,0.0,Failed,0
7268,1294,1,2026-09-30,49.0,Paid,0
7269,1243,1,2026-09-30,0.0,Failed,1
7270,1393,2,2026-09-30,149.0,Paid,0
7271,638,3,2026-09-30,499.0,Paid,0
7272,1401,2,2026-09-30,149.0,Paid,0
7273,1199,2,2026-09-30,149.0,Paid,0
7274,230,2,2026-09-30,149.0,Paid,0
7275,26,1,2026-09-30,49.0,Paid,0
7276,73,2,2026-09-30,149.0,Paid,0
7277,687,2,2026-09-30,149.0,Paid,0
7278,978,2,2026-09-30,149.0,Paid,0
7279,995,1,2026-09-30,49.0,Paid,0
7280,109,1,2026-09-30,49.0,Paid,0
7281,896,1,2026-09-30,49.0,Paid,0
7282,893,2,2026-09-30,149.0,Paid,0
7283,1028,3,2026-09-30,0.0,Failed,1
7284,1041,2,2026-09-30,0.0,Failed,1
7285,1049,4,2026-09-30,4990.0,Paid,0
7286,1026,2,2026-09-30,0.0,Failed,0
7287,729,2,2026-09-30,0.0,Failed,1
7288,599,3,2026-09-30,499.0,Paid,0
7289,939,3,2026-09-30,499.0,Paid,0
7290,854,1,2026-09-30,49.0,Paid,0
7291,770,2,2026-09-30,149.0,Paid,0
7292,462,2,2026-09-30,149.0,Paid,0
7293,198,1,2026-09-30,49.0,Paid,0
7294,273,3,2026-09-30,0.0,Failed,1
7295,872,2,2026-09-30,149.0,Paid,0
7296,300,1,2026-09-30,49.0,Paid,0
7297,384,3,2026-09-30,499.0,Paid,0
7298,124,2,2026-09-30,149.0,Paid,0
7299,649,3,2026-09-30,499.0,Paid,0
7300,193,1,2026-09-30,49.0,Paid,0
7301,81,2,2026-09-30,0.0,Failed,1
7302,195,4,2026-09-30,4990.0,Paid,0
7303,443,1,2026-09-30,49.0,Paid,0
7304,1230,1,2026-09-30,0.0,Failed,1
7305,1459,4,2026-09-30,0.0,Failed,0
7306,145,4,2026-09-30,4990.0,Paid,0
7307,1296,2,2026-09-30,149.0,Paid,0
7308,1472,2,2026-09-30,149.0,Paid,0
7309,617,3,2026-09-30,499.0,Paid,0
7310,1069,4,2026-09-30,0.0,Failed,1
7311,294,2,2026-09-30,0.0,Failed,1
7312,772,1,2026-09-30,49.0,Paid,0
7313,687,1,2026-09-30,49.0,Paid,0
7314,828,3,2026-09-30,499.0,Paid,0
7315,1478,1,2026-09-30,49.0,Paid,0
7316,706,2,2026-09-30,149.0,Paid,0
7317,1401,3,2026-09-30,499.0,Paid,0
7318,502,4,2026-09-30,4990.0,Paid,0
7319,366,3,2026-09-30,499.0,Paid,0
7320,66,2,2026-09-30,149.0,Paid,0
7321,1182,3,2026-09-30,499.0,Paid,0
7322,98,4,2026-09-30,4990.0,Paid,0
7323,360,1,2026-09-30,0.0,Failed,1
7324,829,2,2026-09-30,149.0,Paid,0
7325,499,3,2026-09-30,499.0,Paid,0
7326,446,1,2026-09-30,49.0,Paid,0
7327,1298,1,2026-09-30,49.0,Paid,0
7328,599,3,2026-09-30,0.0,Failed,1
7329,1050,2,2026-09-30,0.0,Failed,0
7330,806,1,2026-09-30,49.0,Paid,0
7331,984,3,2026-09-30,0.0,Failed,0
7332,1351,3,2026-09-30,499.0,Paid,0
7333,1491,1,2026-09-30,49.0,Paid,0
7334,202,1,2026-09-30,49.0,Paid,0
7335,1014,1,2026-09-30,49.0,Paid,0
7336,1110,3,2026-09-30,499.0,Paid,0
7337,1452,1,2026-09-30,49.0,Paid,0
7338,984,3,2026-09-30,499.0,Paid,0
7339,1500,3,2026-09-30,0.0,Failed,1
7340,461,1,2026-09-30,49.0,Paid,0
7341,1357,3,2026-09-30,499.0,Paid,0
7342,1202,1,2026-09-30,49.0,Paid,0
7343,1275,3,2026-09-30,499.0,Paid,0
7344,189,2,2026-09-30,0.0,Failed,1
7345,189,1,2026-09-30,0.0,Failed,1
7346,869,1,2026-09-30,0.0,Failed,0
7347,893,1,2026-09-30,49.0,Paid,0
7348,905,2,2026-09-30,0.0,Failed,1
7349,1385,3,2026-09-30,0.0,Failed,1
7350,135,2,2026-09-30,149.0,Paid,0
7351,1422,2,2026-09-30,149.0,Paid,0
7352,1009,1,2026-09-30,0.0,Failed,1
7353,1003,2,2026-09-30,149.0,Paid,0
7354,261,1,2026-09-30,0.0,Failed,1
7355,869,3,2026-09-30,499.0,Paid,0
7356,627,1,2026-09-30,0.0,Failed,1
7357,595,3,2026-09-30,499.0,Paid,0
7358,1433,4,2026-09-30,4990.0,Paid,0
7359,1242,2,2026-09-30,149.0,Paid,0
7360,861,4,2026-09-30,4990.0,Paid,0
7361,868,3,2026-09-30,499.0,Paid,0
7362,1156,1,2026-09-30,49.0,Paid,0
7363,1349,3,2026-09-30,0.0,Failed,1
7364,623,2,2026-09-30,0.0,Failed,0
7365,1234,2,2026-09-30,149.0,Paid,0
7366,16,1,2026-09-30,49.0,Paid,0
7367,342,1,2026-09-30,0.0,Failed,1
7368,53,2,2026-09-30,149.0,Paid,0
7369,964,1,2026-09-30,0.0,Failed,1
7370,588,1,2026-09-30,0.0,Failed,0
7371,440,1,2026-09-30,49.0,Paid,0
7372,534,2,2026-09-30,0.0,Failed,1
7373,37,3,2026-09-30,499.0,Paid,0
7374,456,1,2026-09-30,49.0,Paid,0
7375,709,4,2026-09-30,4990.0,Paid,0
7376,40,1,2026-09-30,49.0,Paid,0
7377,336,2,2026-09-30,149.0,Paid,0
7378,489,2,2026-09-30,149.0,Paid,0
7379,1497,3,2026-09-30,499.0,Paid,0
7380,646,1,2026-09-30,0.0,Failed,1
7381,587,3,2026-09-30,499.0,Paid,0
7382,1351,4,2026-09-30,0.0,Failed,1
7383,1347,1,2026-09-30,0.0,Failed,1
7384,413,4,2026-09-30,4990.0,Paid,0
7385,1394,4,2026-09-30,4990.0,Paid,0
7386,986,4,2026-09-30,4990.0,Paid,0
7387,101,1,2026-09-30,49.0,Paid,0
7388,1077,3,2026-09-30,0.0,Failed,1
7389,1289,2,2026-09-30,149.0,Paid,0
7390,1225,2,2026-09-30,0.0,Failed,0
7391,1236,1,2026-09-30,49.0,Paid,0
7392,1256,3,2026-09-30,499.0,Paid,0
7393,1036,1,2026-09-30,49.0,Paid,0
7394,1080,2,2026-09-30,0.0,Failed,1
7395,431,2,2026-09-30,0.0,Failed,1
7396,1085,1,2026-09-30,49.0,Paid,0
7397,917,1,2026-09-30,0.0,Failed,0
7398,210,3,2026-09-30,0.0,Failed,1
7399,291,1,2026-09-30,49.0,Paid,0
7400,1006,3,2026-09-30,499.0,Paid,0
7401,983,2,2026-09-30,0.0,Failed,1
7402,1294,1,2026-09-30,49.0,Paid,0
7403,1188,2,2026-09-30,149.0,Paid,0
7404,772,3,2026-09-30,499.0,Paid,0
7405,1223,2,2026-09-30,149.0,Paid,0
7406,428,3,2026-09-30,499.0,Paid,0
7407,1218,3,2026-09-30,499.0,Paid,0
7408,118,2,2026-09-30,0.0,Failed,1
7409,1474,1,2026-09-30,0.0,Failed,1
7410,181,3,2026-09-30,0.0,Failed,1
7411,936,2,2026-09-30,0.0,Failed,0
7412,1103,3,2026-09-30,0.0,Failed,0
7413,469,2,2026-09-30,0.0,Failed,1
7414,139,4,2026-09-30,4990.0,Paid,0
7415,735,2,2026-09-30,0.0,Failed,1
7416,882,2,2026-09-30,149.0,Paid,0
7417,445,1,2026-09-30,49.0,Paid,0
7418,1418,2,2026-09-30,149.0,Paid,0
7419,1370,2,2026-09-30,149.0,Paid,0
7420,288,1,2026-09-30,49.0,Paid,0
7421,1453,1,2026-09-30,49.0,Paid,0
7422,573,4,2026-09-30,0.0,Failed,1
7423,798,1,2026-09-30,49.0,Paid,0
7424,1241,1,2026-09-30,0.0,Failed,0
7425,167,1,2026-09-30,49.0,Paid,0
7426,44,2,2026-09-30,149.0,Paid,0
7427,968,1,2026-09-30,0.0,Failed,1
7428,418,2,2026-09-30,149.0,Paid,0
7429,975,3,2026-09-30,0.0,Failed,0
7430,1072,1,2026-09-30,49.0,Paid,0
7431,953,1,2026-09-30,49.0,Paid,0
7432,465,2,2026-09-30,149.0,Paid,0
7433,1075,3,2026-09-30,499.0,Paid,0
7434,56,2,2026-09-30,0.0,Failed,1
7435,1407,3,2026-09-30,499.0,Paid,0
7436,1429,4,2026-09-30,4990.0,Paid,0
7437,1414,1,2026-09-30,49.0,Paid,0
7438,133,3,2026-09-30,499.0,Paid,0
7439,636,2,2026-09-30,0.0,Failed,0
7440,707,2,2026-09-30,0.0,Failed,1
7441,463,3,2026-09-30,499.0,Paid,0
7442,481,4,2026-09-30,4990.0,Paid,0
7443,1267,2,2026-09-30,149.0,Paid,0
7444,1466,1,2026-09-30,0.0,Failed,0
7445,1176,2,2026-09-30,0.0,Failed,1
7446,307,1,2026-09-30,0.0,Failed,1
7447,776,2,2026-09-30,149.0,Paid,0
7448,664,3,2026-09-30,499.0,Paid,0
7449,70,1,2026-09-30,0.0,Failed,1
7450,943,3,2026-09-30,499.0,Paid,0
7451,976,3,2026-09-30,0.0,Failed,0
7452,1420,2,2026-09-30,149.0,Paid,0
7453,1101,2,2026-09-30,149.0,Paid,0
7454,222,1,2026-09-30,49.0,Paid,0
7455,1135,1,2026-09-30,49.0,Paid,0
7456,240,3,2026-09-30,499.0,Paid,0
7457,318,3,2026-09-30,499.0,Paid,0
7458,1020,1,2026-09-30,49.0,Paid,0
7459,112,1,2026-09-30,49.0,Paid,0
7460,713,1,2026-09-30,49.0,Paid,0
7461,1165,1,2026-09-30,49.0,Paid,0
7462,295,3,2026-09-30,499.0,Paid,0
7463,653,1,2026-09-30,0.0,Failed,1
7464,435,1,2026-09-30,49.0,Paid,0
7465,622,2,2026-09-30,149.0,Paid,0
7466,573,3,2026-09-30,499.0,Paid,0
7467,1274,3,2026-09-30,499.0,Paid,0
7468,1344,1,2026-09-30,0.0,Failed,1
7469,1229,1,2026-09-30,49.0,Paid,0
7470,489,2,2026-09-30,149.0,Paid,0
7471,889,2,2026-09-30,149.0,Paid,0
7472,987,1,2026-09-30,0.0,Failed,1
7473,1451,1,2026-09-30,0.0,Failed,0
7474,428,2,2026-09-30,149.0,Paid,0
7475,1333,3,2026-09-30,499.0,Paid,0
7476,1063,3,2026-09-30,499.0,Paid,0
7477,85,2,2026-09-30,149.0,Paid,0
7478,131,2,2026-09-30,149.0,Paid,0
7479,51,2,2026-09-30,149.0,Paid,0
7480,1087,1,2026-09-30,49.0,Paid,0
7481,644,1,2026-09-30,0.0,Failed,0
7482,1064,2,2026-09-30,0.0,Failed,1
7483,1181,4,2026-09-30,4990.0,Paid,0
7484,16,3,2026-09-30,499.0,Paid,0
7485,1132,1,2026-09-30,49.0,Paid,0
7486,296,1,2026-09-30,49.0,Paid,0
7487,97,1,2026-09-30,49.0,Paid,0
7488,1147,3,2026-09-30,499.0,Paid,0
7489,1170,1,2026-09-30,0.0,Failed,1
7490,1438,2,2026-09-30,149.0,Paid,0
7491,1082,2,2026-09-30,149.0,Paid,0
7492,540,2,2026-09-30,149.0,Paid,0
7493,1123,4,2026-09-30,4990.0,Paid,0
7494,32,2,2026-09-30,149.0,Paid,0
7495,1114,3,2026-09-30,0.0,Failed,1
7496,631,2,2026-09-30,149.0,Paid,0
7497,1024,2,2026-09-30,149.0,Paid,0
7498,1408,4,2026-09-30,4990.0,Paid,0
7499,1046,2,2026-09-30,0.0,Failed,1
7500,818,1,2026-09-30,49.0,Paid,0
7501,57,3,2026-09-30,499.0,Paid,0
7502,761,1,2026-09-30,49.0,Paid,0
7503,1197,2,2026-09-30,149.0,Paid,0
7504,558,2,2026-09-30,149.0,Paid,0
7505,739,1,2026-09-30,49.0,Paid,0
7506,284,3,2026-09-30,499.0,Paid,0
7507,686,1,2026-09-30,0.0,Failed,0
7508,771,2,2026-09-30,149.0,Paid,0
7509,738,1,2026-09-30,49.0,Paid,0
7510,1265,1,2026-09-30,49.0,Paid,0
7511,1319,1,2026-09-30,0.0,Failed,1
7512,993,2,2026-09-30,149.0,Paid,0
7513,976,2,2026-09-30,149.0,Paid,0
7514,1196,1,2026-09-30,49.0,Paid,0
7515,999,1,2026-09-30,0.0,Failed,1
7516,1162,3,2026-09-30,499.0,Paid,0
7517,1444,1,2026-09-30,49.0,Paid,0
7518,170,2,2026-09-30,0.0,Failed,0
7519,38,2,2026-09-30,149.0,Paid,0
7520,283,2,2026-09-30,149.0,Paid,0
7521,1019,1,2026-09-30,49.0,Paid,0
7522,384,1,2026-09-30,49.0,Paid,0
7523,345,1,2026-09-30,49.0,Paid,0
7524,1296,2,2026-09-30,149.0,Paid,0
7525,895,2,2026-09-30,149.0,Paid,0
7526,481,2,2026-09-30,149.0,Paid,0
7527,1296,3,2026-09-30,499.0,Paid,0
7528,449,3,2026-09-30,499.0,Paid,0
7529,16,2,2026-09-30,149.0,Paid,0
7530,201,4,2026-09-30,4990.0,Paid,0
7531,333,1,2026-09-30,49.0,Paid,0
7532,425,1,2026-09-30,49.0,Paid,0
7533,402,2,2026-09-30,149.0,Paid,0
7534,1055,2,2026-09-30,149.0,Paid,0
7535,747,2,2026-09-30,0.0,Failed,0
7536,1132,1,2026-09-30,49.0,Paid,0
7537,1349,4,2026-09-30,4990.0,Paid,0
7538,65,1,2026-09-30,49.0,Paid,0
7539,1140,2,2026-09-30,149.0,Paid,0
7540,1433,3,2026-09-30,499.0,Paid,0
7541,671,2,2026-09-30,149.0,Paid,0
7542,109,3,2026-09-30,499.0,Paid,0
7543,553,1,2026-09-30,49.0,Paid,0
7544,930,2,2026-09-30,149.0,Paid,0
7545,985,2,2026-09-30,149.0,Paid,0
7546,1269,3,2026-09-30,499.0,Paid,0
7547,578,3,2026-09-30,499.0,Paid,0
7548,712,2,2026-09-30,149.0,Paid,0
7549,605,1,2026-09-30,0.0,Failed,1
7550,1222,2,2026-09-30,149.0,Paid,0
7551,518,1,2026-09-30,49.0,Paid,0
7552,73,1,2026-09-30,0.0,Failed,0
7553,850,3,2026-09-30,0.0,Failed,1
7554,1099,2,2026-09-30,149.0,Paid,0
7555,643,2,2026-09-30,149.0,Paid,0
7556,1299,2,2026-09-30,149.0,Paid,0
7557,1020,3,2026-09-30,0.0,Failed,1
7558,739,2,2026-09-30,149.0,Paid,0
7559,1267,2,2026-09-30,149.0,Paid,0
7560,1358,1,2026-09-30,49.0,Paid,0
7561,272,1,2026-09-30,49.0,Paid,0
7562,877,1,2026-09-30,0.0,Failed,1
7563,552,2,2026-09-30,149.0,Paid,0
7564,1258,2,2026-09-30,0.0,Failed,1
7565,789,3,2026-09-30,499.0,Paid,0
7566,828,1,2026-09-30,49.0,Paid,0
7567,1101,3,2026-09-30,499.0,Paid,0
7568,424,1,2026-09-30,49.0,Paid,0
7569,169,2,2026-09-30,149.0,Paid,0
7570,1388,4,2026-09-30,4990.0,Paid,0
7571,883,1,2026-09-30,49.0,Paid,0
7572,910,3,2026-09-30,499.0,Paid,0
7573,994,2,2026-09-30,0.0,Failed,1
7574,629,2,2026-09-30,149.0,Paid,0
7575,913,1,2026-09-30,49.0,Paid,0
7576,465,3,2026-09-30,499.0,Paid,0
7577,989,3,2026-09-30,499.0,Paid,0
7578,1250,2,2026-09-30,0.0,Failed,1
7579,349,1,2026-09-30,49.0,Paid,0
7580,1365,3,2026-09-30,499.0,Paid,0
7581,1355,1,2026-09-30,49.0,Paid,0
7582,1300,2,2026-09-30,149.0,Paid,0
7583,1426,2,2026-09-30,0.0,Failed,1
7584,1081,2,2026-09-30,0.0,Failed,1
7585,925,1,2026-09-30,0.0,Failed,1
7586,1288,2,2026-09-30,0.0,Failed,1
7587,700,2,2026-09-30,149.0,Paid,0
7588,789,1,2026-09-30,49.0,Paid,0
7589,593,1,2026-09-30,49.0,Paid,0
7590,255,1,2026-09-30,49.0,Paid,0
7591,1224,1,2026-09-30,49.0,Paid,0
7592,642,1,2026-09-30,49.0,Paid,0
7593,593,1,2026-09-30,49.0,Paid,0
7594,1053,4,2026-09-30,4990.0,Paid,0
7595,638,2,2026-09-30,149.0,Paid,0
7596,137,4,2026-09-30,4990.0,Paid,0
7597,1374,2,2026-09-30,0.0,Failed,1
7598,241,1,2026-09-30,49.0,Paid,0
7599,435,4,2026-09-30,0.0,Failed,0
7600,716,3,2026-09-30,499.0,Paid,0
7601,198,3,2026-09-30,0.0,Failed,0
7602,566,2,2026-09-30,149.0,Paid,0
7603,778,2,2026-09-30,149.0,Paid,0
7604,157,1,2026-09-30,0.0,Failed,1
7605,974,2,2026-09-30,149.0,Paid,0
7606,15,2,2026-09-30,149.0,Paid,0
7607,413,1,2026-09-30,0.0,Failed,1
7608,32,2,2026-09-30,0.0,Failed,1
7609,767,2,2026-09-30,149.0,Paid,0
7610,1346,4,2026-09-30,4990.0,Paid,0
7611,209,1,2026-09-30,49.0,Paid,0
7612,203,1,2026-09-30,49.0,Paid,0
7613,670,2,2026-09-30,149.0,Paid,0
7614,1112,2,2026-09-30,149.0,Paid,0
7615,786,2,2026-09-30,0.0,Failed,1
7616,808,2,2026-09-30,149.0,Paid,0
7617,1060,1,2026-09-30,49.0,Paid,0
7618,495,3,2026-09-30,499.0,Paid,0
7619,784,3,2026-09-30,499.0,Paid,0
7620,1085,1,2026-09-30,0.0,Failed,0
7621,401,2,2026-09-30,149.0,Paid,0
7622,1218,2,2026-09-30,0.0,Failed,0
7623,639,2,2026-09-30,0.0,Failed,1
7624,698,1,2026-09-30,49.0,Paid,0
7625,1358,1,2026-09-30,49.0,Paid,0
7626,536,1,2026-09-30,49.0,Paid,0
7627,1381,2,2026-09-30,149.0,Paid,0
7628,1048,1,2026-09-30,0.0,Failed,1
7629,109,1,2026-09-30,0.0,Failed,0
7630,774,1,2026-09-30,49.0,Paid,0
7631,936,1,2026-09-30,49.0,Paid,0
7632,1017,1,2026-09-30,0.0,Failed,0
7633,664,1,2026-09-30,49.0,Paid,0
7634,300,3,2026-09-30,0.0,Failed,0
7635,680,2,2026-09-30,149.0,Paid,0
7636,951,1,2026-09-30,49.0,Paid,0
7637,671,3,2026-09-30,499.0,Paid,0
7638,857,3,2026-09-30,499.0,Paid,0
7639,533,2,2026-09-30,149.0,Paid,0
7640,705,3,2026-09-30,0.0,Failed,0
7641,626,3,2026-09-30,499.0,Paid,0
7642,399,2,2026-09-30,149.0,Paid,0
7643,1259,2,2026-09-30,149.0,Paid,0
7644,298,2,2026-09-30,0.0,Failed,0
7645,1465,1,2026-09-30,0.0,Failed,1
7646,523,3,2026-09-30,499.0,Paid,0
7647,184,1,2026-09-30,49.0,Paid,0
7648,235,3,2026-09-30,0.0,Failed,1
7649,142,2,2026-09-30,149.0,Paid,0
7650,1437,1,2026-09-30,49.0,Paid,0
7651,860,1,2026-09-30,49.0,Paid,0
7652,1313,4,2026-09-30,4990.0,Paid,0
7653,1430,1,2026-09-30,49.0,Paid,0
7654,355,2,2026-09-30,149.0,Paid,0
7655,846,1,2026-09-30,49.0,Paid,0
7656,343,1,2026-09-30,49.0,Paid,0
7657,418,1,2026-09-30,0.0,Failed,0
7658,1262,1,2026-09-30,49.0,Paid,0
7659,1174,1,2026-09-30,49.0,Paid,0
7660,319,1,2026-09-30,0.0,Failed,1
7661,996,1,2026-09-30,49.0,Paid,0
7662,1276,2,2026-09-30,149.0,Paid,0
7663,816,1,2026-09-30,49.0,Paid,0
7664,333,2,2026-09-30,149.0,Paid,0
7665,893,1,2026-09-30,49.0,Paid,0
7666,877,2,2026-09-30,0.0,Failed,1
7667,930,1,2026-09-30,49.0,Paid,0
7668,7,1,2026-09-30,49.0,Paid,0
7669,1285,1,2026-09-30,49.0,Paid,0
7670,1319,3,2026-09-30,0.0,Failed,1
7671,431,2,2026-09-30,149.0,Paid,0
7672,366,1,2026-09-30,49.0,Paid,0
7673,1048,1,2026-09-30,49.0,Paid,0
7674,591,2,2026-09-30,149.0,Paid,0
7675,930,1,2026-09-30,49.0,Paid,0
7676,1267,2,2026-09-30,149.0,Paid,0
7677,1151,2,2026-09-30,149.0,Paid,0
7678,309,1,2026-09-30,49.0,Paid,0
7679,441,1,2026-09-30,49.0,Paid,0
7680,700,2,2026-09-30,149.0,Paid,0
7681,355,4,2026-09-30,4990.0,Paid,0
7682,130,2,2026-09-30,149.0,Paid,0
7683,778,2,2026-09-30,149.0,Paid,0
7684,886,4,2026-09-30,4990.0,Paid,0
7685,524,2,2026-09-30,149.0,Paid,0
7686,975,3,2026-09-30,0.0,Failed,0
7687,36,2,2026-09-30,149.0,Paid,0
7688,80,3,2026-09-30,499.0,Paid,0
7689,333,1,2026-09-30,49.0,Paid,0
7690,1466,1,2026-09-30,49.0,Paid,0
7691,745,1,2026-09-30,49.0,Paid,0
7692,856,2,2026-09-30,149.0,Paid,0
7693,280,1,2026-09-30,49.0,Paid,0
7694,532,1,2026-09-30,49.0,Paid,0
7695,337,2,2026-09-30,149.0,Paid,0
7696,1286,1,2026-09-30,49.0,Paid,0
7697,234,1,2026-09-30,49.0,Paid,0
7698,416,3,2026-09-30,499.0,Paid,0
7699,689,2,2026-09-30,149.0,Paid,0
7700,660,1,2026-09-30,0.0,Failed,1
7701,903,2,2026-09-30,149.0,Paid,0
7702,161,2,2026-09-30,149.0,Paid,0
7703,1241,1,2026-09-30,49.0,Paid,0
7704,866,2,2026-09-30,149.0,Paid,0
7705,401,3,2026-09-30,0.0,Failed,1
7706,728,3,2026-09-30,0.0,Failed,0
7707,84,1,2026-09-30,0.0,Failed,0
7708,1153,2,2026-09-30,149.0,Paid,0
7709,72,3,2026-09-30,499.0,Paid,0
7710,911,1,2026-09-30,0.0,Failed,1
7711,411,2,2026-09-30,149.0,Paid,0
7712,726,1,2026-09-30,49.0,Paid,0
7713,282,2,2026-09-30,0.0,Failed,1
7714,332,2,2026-09-30,149.0,Paid,0
7715,374,3,2026-09-30,499.0,Paid,0
7716,880,1,2026-09-30,49.0,Paid,0
7717,30,2,2026-09-30,0.0,Failed,1
7718,161,2,2026-09-30,149.0,Paid,0
7719,26,2,2026-09-30,0.0,Failed,1
7720,1166,4,2026-09-30,4990.0,Paid,0
7721,1368,2,2026-09-30,149.0,Paid,0
7722,1167,4,2026-09-30,4990.0,Paid,0
7723,1286,2,2026-09-30,0.0,Failed,1
7724,242,1,2026-09-30,49.0,Paid,0
7725,1226,2,2026-09-30,149.0,Paid,0
7726,74,1,2026-09-30,49.0,Paid,0
7727,742,1,2026-09-30,0.0,Failed,0
7728,670,2,2026-09-30,0.0,Failed,0
7729,928,1,2026-09-30,49.0,Paid,0
7730,416,1,2026-09-30,0.0,Failed,1
7731,1034,3,2026-09-30,0.0,Failed,1
7732,890,2,2026-09-30,149.0,Paid,0
7733,1105,3,2026-09-30,499.0,Paid,0
7734,436,1,2026-09-30,0.0,Failed,1
7735,138,1,2026-09-30,0.0,Failed,1
7736,173,1,2026-09-30,49.0,Paid,0
7737,946,1,2026-09-30,0.0,Failed,0
7738,1402,3,2026-09-30,499.0,Paid,0
7739,161,1,2026-09-30,49.0,Paid,0
7740,899,2,2026-09-30,149.0,Paid,0
7741,420,2,2026-09-30,149.0,Paid,0
7742,945,1,2026-09-30,0.0,Failed,1
7743,1290,2,2026-09-30,149.0,Paid,0
7744,1123,1,2026-09-30,0.0,Failed,0
7745,680,3,2026-09-30,499.0,Paid,0
7746,418,1,2026-09-30,49.0,Paid,0
7747,386,1,2026-09-30,49.0,Paid,0
7748,683,1,2026-09-30,49.0,Paid,0
7749,346,1,2026-09-30,0.0,Failed,1
7750,285,2,2026-09-30,149.0,Paid,0
7751,1280,3,2026-09-30,499.0,Paid,0
7752,1130,1,2026-09-30,49.0,Paid,0
7753,98,2,2026-09-30,149.0,Paid,0
7754,650,1,2026-09-30,49.0,Paid,0
7755,213,1,2026-09-30,49.0,Paid,0
7756,123,2,2026-09-30,149.0,Paid,0
7757,1363,1,2026-09-30,49.0,Paid,0
7758,1382,1,2026-09-30,49.0,Paid,0
7759,1465,1,2026-09-30,0.0,Failed,0
7760,850,1,2026-09-30,49.0,Paid,0
7761,352,3,2026-09-30,499.0,Paid,0
7762,927,1,2026-09-30,49.0,Paid,0
7763,1412,1,2026-09-30,49.0,Paid,0
7764,585,1,2026-09-30,0.0,Failed,1
7765,593,1,2026-09-30,49.0,Paid,0
7766,1100,4,2026-09-30,0.0,Failed,1
7767,1289,1,2026-09-30,49.0,Paid,0
7768,1378,1,2026-09-30,0.0,Failed,1
7769,692,3,2026-09-30,499.0,Paid,0
7770,927,3,2026-09-30,0.0,Failed,1
7771,363,1,2026-09-30,49.0,Paid,0
7772,1123,2,2026-09-30,149.0,Paid,0
7773,339,1,2026-09-30,0.0,Failed,1
7774,532,3,2026-09-30,499.0,Paid,0
7775,1240,3,2026-09-30,499.0,Paid,0
7776,331,1,2026-09-30,0.0,Failed,1
7777,32,2,2026-09-30,149.0,Paid,0
7778,734,3,2026-09-30,499.0,Paid,0
7779,1406,1,2026-09-30,49.0,Paid,0
7780,154,2,2026-09-30,149.0,Paid,0
7781,483,1,2026-09-30,49.0,Paid,0
7782,278,2,2026-09-30,149.0,Paid,0
7783,418,1,2026-09-30,0.0,Failed,1
7784,798,1,2026-09-30,49.0,Paid,0
7785,958,3,2026-09-30,499.0,Paid,0
7786,1128,2,2026-09-30,149.0,Paid,0
7787,407,2,2026-09-30,0.0,Failed,1
7788,1403,1,2026-09-30,49.0,Paid,0
7789,492,1,2026-09-30,49.0,Paid,0
7790,409,3,2026-09-30,499.0,Paid,0
7791,690,4,2026-09-30,0.0,Failed,1
7792,515,3,2026-09-30,499.0,Paid,0
7793,391,3,2026-09-30,499.0,Paid,0
7794,144,3,2026-09-30,499.0,Paid,0
7795,188,2,2026-09-30,149.0,Paid,0
7796,1250,1,2026-09-30,49.0,Paid,0
7797,324,1,2026-09-30,0.0,Failed,1
7798,754,1,2026-09-30,49.0,Paid,0
7799,37,2,2026-09-30,149.0,Paid,0
7800,423,2,2026-09-30,149.0,Paid,0
7801,1417,2,2026-09-30,149.0,Paid,0
7802,156,1,2026-09-30,0.0,Failed,0
7803,402,3,2026-09-30,0.0,Failed,1
7804,181,1,2026-09-30,49.0,Paid,0
7805,858,3,2026-09-30,499.0,Paid,0
7806,674,1,2026-09-30,49.0,Paid,0
7807,666,1,2026-09-30,49.0,Paid,0
7808,436,1,2026-09-30,49.0,Paid,0
7809,1407,1,2026-09-30,49.0,Paid,0
7810,1048,2,2026-09-30,149.0,Paid,0
7811,1468,2,2026-09-30,149.0,Paid,0
7812,1459,1,2026-09-30,0.0,Failed,1
7813,898,2,2026-09-30,149.0,Paid,0
7814,1314,1,2026-09-30,49.0,Paid,0
7815,245,2,2026-09-30,0.0,Failed,1
7816,1400,1,2026-09-30,49.0,Paid,0
7817,888,1,2026-09-30,49.0,Paid,0
7818,402,3,2026-09-30,499.0,Paid,0
7819,663,1,2026-09-30,49.0,Paid,0
7820,632,1,2026-09-30,0.0,Failed,1
7821,18,3,2026-09-30,0.0,Failed,0
7822,30,1,2026-09-30,49.0,Paid,0
7823,291,2,2026-09-30,149.0,Paid,0
7824,389,2,2026-09-30,149.0,Paid,0
7825,518,1,2026-09-30,49.0,Paid,0
7826,1384,1,2026-09-30,0.0,Failed,0
7827,1288,1,2026-09-30,0.0,Failed,0
7828,343,2,2026-09-30,149.0,Paid,0
7829,1496,1,2026-09-30,0.0,Failed,0
7830,536,2,2026-09-30,149.0,Paid,0
7831,416,1,2026-09-30,0.0,Failed,1
7832,986,2,2026-09-30,0.0,Failed,1
7833,627,1,2026-09-30,49.0,Paid,0
7834,792,2,2026-09-30,0.0,Failed,0
7835,10,3,2026-09-30,499.0,Paid,0
7836,1416,1,2026-09-30,49.0,Paid,0
7837,272,2,2026-09-30,149.0,Paid,0
7838,194,3,2026-09-30,499.0,Paid,0
7839,351,2,2026-09-30,0.0,Failed,0
7840,992,1,2026-09-30,0.0,Failed,1
7841,1235,1,2026-09-30,49.0,Paid,0
7842,1107,1,2026-09-30,49.0,Paid,0
7843,942,1,2026-09-30,49.0,Paid,0
7844,852,2,2026-09-30,149.0,Paid,0
7845,1116,1,2026-09-30,49.0,Paid,0
7846,1416,1,2026-09-30,49.0,Paid,0
7847,858,2,2026-09-30,149.0,Paid,0
7848,323,4,2026-09-30,0.0,Failed,1
7849,1456,2,2026-09-30,149.0,Paid,0
7850,174,3,2026-09-30,0.0,Failed,1
7851,1378,3,2026-09-30,499.0,Paid,0
7852,1272,3,2026-09-30,499.0,Paid,0
7853,1499,1,2026-09-30,0.0,Failed,1
7854,95,3,2026-09-30,499.0,Paid,0
7855,89,2,2026-09-30,149.0,Paid,0
7856,392,1,2026-09-30,49.0,Paid,0
7857,585,2,2026-09-30,0.0,Failed,0
7858,1494,4,2026-09-30,4990.0,Paid,0
7859,161,1,2026-09-30,49.0,Paid,0
7860,961,1,2026-09-30,49.0,Paid,0
7861,480,3,2026-09-30,499.0,Paid,0
7862,1308,2,2026-09-30,149.0,Paid,0
7863,1439,3,2026-09-30,499.0,Paid,0
7864,1422,2,2026-09-30,149.0,Paid,0
7865,73,2,2026-09-30,149.0,Paid,0
7866,404,1,2026-09-30,49.0,Paid,0
7867,497,1,2026-09-30,49.0,Paid,0
7868,456,1,2026-09-30,49.0,Paid,0
7869,139,1,2026-09-30,49.0,Paid,0
7870,494,2,2026-09-30,0.0,Failed,0
7871,962,3,2026-09-30,499.0,Paid,0
7872,1109,3,2026-09-30,0.0,Failed,0
7873,900,2,2026-09-30,0.0,Failed,1
7874,897,3,2026-09-30,499.0,Paid,0
7875,504,1,2026-09-30,49.0,Paid,0
7876,374,1,2026-09-30,0.0,Failed,0
7877,836,1,2026-09-30,49.0,Paid,0
7878,524,2,2026-09-30,0.0,Failed,1
7879,555,1,2026-09-30,0.0,Failed,1
7880,48,1,2026-09-30,49.0,Paid,0
7881,634,2,2026-09-30,149.0,Paid,0
7882,1160,2,2026-09-30,149.0,Paid,0
7883,1204,2,2026-09-30,0.0,Failed,1
7884,355,3,2026-09-30,499.0,Paid,0
7885,129,1,2026-09-30,49.0,Paid,0
7886,1061,1,2026-09-30,49.0,Paid,0
7887,1199,1,2026-09-30,49.0,Paid,0
7888,173,2,2026-09-30,149.0,Paid,0
7889,155,2,2026-09-30,0.0,Failed,1
7890,511,3,2026-09-30,499.0,Paid,0
7891,1282,1,2026-09-30,49.0,Paid,0
7892,931,3,2026-09-30,499.0,Paid,0
7893,1171,4,2026-09-30,4990.0,Paid,0
7894,579,1,2026-09-30,49.0,Paid,0
7895,904,1,2026-09-30,49.0,Paid,0
7896,1169,2,2026-09-30,149.0,Paid,0
7897,291,2,2026-09-30,149.0,Paid,0
7898,1331,1,2026-09-30,49.0,Paid,0
7899,839,1,2026-09-30,0.0,Failed,1
7900,1401,4,2026-09-30,4990.0,Paid,0
7901,560,3,2026-09-30,499.0,Paid,0
7902,235,3,2026-09-30,0.0,Failed,1
7903,493,2,2026-09-30,149.0,Paid,0
7904,1004,1,2026-09-30,49.0,Paid,0
7905,989,2,2026-09-30,149.0,Paid,0
7906,157,1,2026-09-30,0.0,Failed,1
7907,326,1,2026-09-30,49.0,Paid,0
7908,1231,1,2026-09-30,49.0,Paid,0
7909,264,1,2026-09-30,49.0,Paid,0
7910,1079,1,2026-09-30,0.0,Failed,1
7911,1010,2,2026-09-30,149.0,Paid,0
7912,843,1,2026-09-30,49.0,Paid,0
7913,1464,2,2026-09-30,149.0,Paid,0
7914,981,1,2026-09-30,49.0,Paid,0
7915,350,2,2026-09-30,149.0,Paid,0
7916,206,3,2026-09-30,499.0,Paid,0
7917,1237,2,2026-09-30,149.0,Paid,0
7918,1068,3,2026-09-30,499.0,Paid,0
7919,1404,1,2026-09-30,49.0,Paid,0
7920,1129,1,2026-09-30,49.0,Paid,0
7921,248,3,2026-09-30,499.0,Paid,0
7922,193,1,2026-09-30,49.0,Paid,0
7923,270,1,2026-09-30,49.0,Paid,0
7924,512,3,2026-09-30,0.0,Failed,1
7925,1045,2,2026-09-30,149.0,Paid,0
7926,555,4,2026-09-30,4990.0,Paid,0
7927,288,2,2026-09-30,149.0,Paid,0
7928,879,1,2026-09-30,49.0,Paid,0
7929,818,2,2026-09-30,0.0,Failed,1
7930,293,2,2026-09-30,0.0,Failed,1
7931,369,2,2026-09-30,149.0,Paid,0
7932,960,2,2026-09-30,0.0,Failed,0
7933,1117,1,2026-09-30,49.0,Paid,0
7934,1090,1,2026-09-30,0.0,Failed,0
7935,909,2,2026-09-30,149.0,Paid,0
7936,182,1,2026-09-30,49.0,Paid,0
7937,972,1,2026-09-30,49.0,Paid,0
7938,1285,2,2026-09-30,149.0,Paid,0
7939,1060,1,2026-09-30,49.0,Paid,0
7940,442,1,2026-09-30,49.0,Paid,0
7941,1428,1,2026-09-30,49.0,Paid,0
7942,638,2,2026-09-30,149.0,Paid,0
7943,617,2,2026-09-30,149.0,Paid,0
7944,562,3,2026-09-30,499.0,Paid,0
7945,782,2,2026-09-30,149.0,Paid,0
7946,301,3,2026-09-30,0.0,Failed,1
7947,1188,3,2026-09-30,499.0,Paid,0
7948,44,3,2026-09-30,0.0,Failed,1
7949,1475,2,2026-09-30,149.0,Paid,0
7950,506,1,2026-09-30,49.0,Paid,0
7951,126,1,2026-09-30,49.0,Paid,0
7952,183,2,2026-09-30,149.0,Paid,0
7953,1290,1,2026-09-30,49.0,Paid,0
7954,908,3,2026-09-30,0.0,Failed,1
7955,9,1,2026-09-30,49.0,Paid,0
7956,795,2,2026-09-30,0.0,Failed,1
7957,549,3,2026-09-30,499.0,Paid,0
7958,1414,2,2026-09-30,149.0,Paid,0
7959,1313,4,2026-09-30,0.0,Failed,1
7960,634,3,2026-09-30,499.0,Paid,0
7961,1049,1,2026-09-30,0.0,Failed,1
7962,1238,1,2026-09-30,49.0,Paid,0
7963,522,3,2026-09-30,499.0,Paid,0
7964,669,1,2026-09-30,49.0,Paid,0
7965,634,2,2026-09-30,0.0,Failed,1
7966,456,3,2026-09-30,0.0,Failed,0
7967,1332,4,2026-09-30,4990.0,Paid,0
7968,53,2,2026-09-30,149.0,Paid,0
7969,836,1,2026-09-30,49.0,Paid,0
7970,1197,2,2026-09-30,149.0,Paid,0
7971,225,2,2026-09-30,149.0,Paid,0
7972,397,1,2026-09-30,49.0,Paid,0
7973,129,2,2026-09-30,0.0,Failed,1
7974,1080,3,2026-09-30,499.0,Paid,0
7975,897,1,2026-09-30,49.0,Paid,0
7976,1137,2,2026-09-30,149.0,Paid,0
7977,1052,3,2026-09-30,499.0,Paid,0
7978,625,2,2026-09-30,149.0,Paid,0
7979,1421,2,2026-09-30,149.0,Paid,0
7980,854,1,2026-09-30,49.0,Paid,0
7981,787,3,2026-09-30,499.0,Paid,0
7982,207,2,2026-09-30,149.0,Paid,0
7983,810,1,2026-09-30,0.0,Failed,1
7984,939,3,2026-09-30,499.0,Paid,0
7985,171,3,2026-09-30,499.0,Paid,0
7986,80,3,2026-09-30,499.0,Paid,0
7987,215,2,2026-09-30,149.0,Paid,0
7988,1419,1,2026-09-30,49.0,Paid,0
7989,753,2,2026-09-30,0.0,Failed,0
7990,381,3,2026-09-30,0.0,Failed,1
7991,1478,3,2026-09-30,499.0,Paid,0
7992,707,2,2026-09-30,149.0,Paid,0
7993,716,1,2026-09-30,49.0,Paid,0
7994,385,1,2026-09-30,49.0,Paid,0
7995,1097,1,2026-09-30,0.0,Failed,1
7996,883,2,2026-09-30,149.0,Paid,0
7997,21,3,2026-09-30,499.0,Paid,0
7998,574,4,2026-09-30,4990.0,Paid,0
7999,1214,2,2026-09-30,0.0,Failed,1
8000,445,1,2026-09-30,49.0,Paid,0
